GMT_timestamp,local_timestamp,trial_file_version,link,duration_s
2023-04-18_23:32:27,2023-04-18_16:32:27,2023-04-18_19:27:36,https://www.testable.org/experiment/11000/400394/start?sona_id=113578,604.807

rowNo,random,randomBlock,type,head,stim1,stim2,stim3,stim4,stim5,stim6,stim7,stim8,key,stimFormat,ITI,feedback,feedbackOptions,feedbackTime,responseWindow,keyboard,title,stimSize,stimPos,fixation,responseType,responseOptions,required,separator,trial_num,tasks,cond_target,cond_level,stimPos_actual,ITI_ms,ITI_f,ITI_fDuration,timestamp,response,RT,correct,responseCode
"11","","",form,UCDavis Email Address,"","","","","","","","","","","","","","","","","","","","",comment,"","1","1","",demo,"","","",0,0,0,67101,jmoron@ucdavis.edu,59163,"0",NA
11_2,"","",form,"Participant ID (Your initials and last four digits of student ID, e.g, XY5750)","","","","","","","","","","","","","","","","","","","","",comment,"","1","1","",demo,"","","",0,"","",67101,JM7969,59163,"0",NA
11_3,"","",form,Age,"","","","","","","","","","","","","","","","","","","","",comment,"","1","1","",demo,"","","",0,"","",67101,"19",59163,"0",NA
11_4,"","",form,Date of Birth (MM/DD/YYYY),"","","","","","","","","","","","","","","","","","","","",comment,"","1","1","",demo,"","","",0,"","",67101,12/31/2003,59163,"0",NA
11_5,"","",form,Today's Date (MM/DD/YYYY),"","","","","","","","","","","","","","","","","","","","",comment,"","1","1","",demo,"","","",0,"","",67101,04/18/2023,59163,"0",NA
11_6,"","",form,Gender,"","","","","","","","","","","","","","","","","","","","",dropdown,Male; Female; Non Binary,"1","1","",demo,"","","",0,"","",67101,Female,59163,"0","2"
11_7,"","",form,Handedness,"","","","","","","","","","","","","","","","","","","","",dropdown,Right; Left,"1","1","",demo,"","","",0,"","",67101,Right,59163,"0","1"
11_8,"","",form,Ethnicity,"","","","","","","","","","","","","","","","","","","","",dropdown,Hispanic or Latino; Not hispanic or Latino,"1","1","",demo,"","","",0,"","",67101,Hispanic or Latino,59163,"0","1"
11_9,"","",form,Race,"","","","","","","","","","","","","","","","","","","","",dropdown,American Inidan/ Alaskan tive; Asian; Other pacific Islander; Black or African American; White; More than One race; Not Listed,"1","1","",demo,"","","",0,"","",67101,Not Listed,59163,"0","7"
"39","1","",test,"",targetB,"","","","","","","",y,.jpg,"700",correct: Correct!; incorrect: Incorrect!,center,"300","5000",y i,"",60%,"",ITI,"","","","","21",training,targetB,target,"",700,"","",98597,y,1565,"1",""
"27","1","",test,"",N3,"","","","","","","",i,.jpg,"700",correct: Correct!; incorrect: Incorrect!,center,"300","5000",y i,"",60%,"",ITI,"","","","","9",training,unique,non target,"",699,0,0,100726,i,1131,"1",""
"33","1","",test,"",g_cd1,"","","","","","","",i,.jpg,"700",correct: Correct!; incorrect: Incorrect!,center,"300","5000",y i,"",60%,"",ITI,"","","","","15",training,neutral,non target,"",701,0,0,102331,i,586,"1",""
"43","1","",test,"",targetG,"","","","","","","",y,.jpg,"700",correct: Correct!; incorrect: Incorrect!,center,"300","5000",y i,"",60%,"",ITI,"","","","","25",training,targetG,target,"",702,0,0,103877,y,533,"1",""
"19","1","",test,"",cylinder6,"","","","","","","",i,.jpg,"700",correct: Correct!; incorrect: Incorrect!,center,"300","5000",y i,"",60%,"",ITI,"","","","","1",training,common,non target,"",699,0,0,105361,i,486,"1",""
"46","1","",test,"",targetG,"","","","","","","",y,.jpg,"700",correct: Correct!; incorrect: Incorrect!,center,"300","5000",y i,"",60%,"",ITI,"","","","","28",training,targetG,target,"",700,0,0,106949,y,590,"1",""
"34","1","",test,"",g_cd4,"","","","","","","",i,.jpg,"700",correct: Correct!; incorrect: Incorrect!,center,"300","5000",y i,"",60%,"",ITI,"","","","","16",training,neutral,non target,"",700,0,0,108471,i,513,"1",""
"31","1","",test,"",b_cd1,"","","","","","","",i,.jpg,"700",correct: Correct!; incorrect: Incorrect!,center,"300","5000",y i,"",60%,"",ITI,"","","","","13",training,neutral,non target,"",699,0,0,109957,i,486,"1",""
"40","1","",test,"",targetB,"","","","","","","",y,.jpg,"700",correct: Correct!; incorrect: Incorrect!,center,"300","5000",y i,"",60%,"",ITI,"","","","","22",training,targetB,target,"",700,42,"16.67",111492,y,536,"1",""
"52","1","",test,"",targetR,"","","","","","","",y,.jpg,"700",correct: Correct!; incorrect: Incorrect!,center,"300","5000",y i,"",60%,"",ITI,"","","","","34",training,targetR,target,"",700,42,"16.64",113257,y,769,"1",""
"20","1","",test,"",cylinder7,"","","","","","","",i,.jpg,"700",correct: Correct!; incorrect: Incorrect!,center,"300","5000",y i,"",60%,"",ITI,"","","","","2",training,common,non target,"",699,42,"16.69",114723,i,472,"1",""
"32","1","",test,"",b_cd4,"","","","","","","",i,.jpg,"700",correct: Correct!; incorrect: Incorrect!,center,"300","5000",y i,"",60%,"",ITI,"","","","","14",training,neutral,non target,"",698,42,"16.71",116210,i,494,"1",""
"49","1","",test,"",targetR,"","","","","","","",y,.jpg,"700",correct: Correct!; incorrect: Incorrect!,center,"300","5000",y i,"",60%,"",ITI,"","","","","31",training,targetR,target,"",700,42,"16.64",117782,y,566,"1",""
"23","1","",test,"",square1,"","","","","","","",i,.jpg,"700",correct: Correct!; incorrect: Incorrect!,center,"300","5000",y i,"",60%,"",ITI,"","","","","5",training,common,non target,"",700,42,"16.67",119248,i,466,"1",""
"21","1","",test,"",round9,"","","","","","","",i,.jpg,"700",correct: Correct!; incorrect: Incorrect!,center,"300","5000",y i,"",60%,"",ITI,"","","","","3",training,common,non target,"",702,42,"16.67",120699,i,450,"1",""
"38","1","",test,"",targetB,"","","","","","","",y,.jpg,"700",correct: Correct!; incorrect: Incorrect!,center,"300","5000",y i,"",60%,"",ITI,"","","","","20",training,targetB,target,"",702,42,"16.64",122141,y,442,"1",""
"51","1","",test,"",targetR,"","","","","","","",y,.jpg,"700",correct: Correct!; incorrect: Incorrect!,center,"300","5000",y i,"",60%,"",ITI,"","","","","33",training,targetR,target,"",698,42,"16.67",123751,y,605,"1",""
"48","1","",test,"",targetG,"","","","","","","",y,.jpg,"700",correct: Correct!; incorrect: Incorrect!,center,"300","5000",y i,"",60%,"",ITI,"","","","","30",training,targetG,target,"",700,42,"16.67",125270,y,509,"1",""
"25","1","",test,"",N1,"","","","","","","",i,.jpg,"700",correct: Correct!; incorrect: Incorrect!,center,"300","5000",y i,"",60%,"",ITI,"","","","","7",training,unique,non target,"",700,42,"16.64",126878,i,599,"1",""
"28","1","",test,"",N4,"","","","","","","",i,.jpg,"700",correct: Correct!; incorrect: Incorrect!,center,"300","5000",y i,"",60%,"",ITI,"","","","","10",training,unique,non target,"",700,42,"16.62",128341,i,463,"1",""
"44","1","",test,"",targetG,"","","","","","","",y,.jpg,"700",correct: Correct!; incorrect: Incorrect!,center,"300","5000",y i,"",60%,"",ITI,"","","","","26",training,targetG,target,"",701,42,"16.67",129850,y,507,"1",""
"37","1","",test,"",targetB,"","","","","","","",y,.jpg,"700",correct: Correct!; incorrect: Incorrect!,center,"300","5000",y i,"",60%,"",ITI,"","","","","19",training,targetB,target,"",697,42,"16.67",131441,y,584,"1",""
"54","1","",test,"",targetR,"","","","","","","",y,.jpg,"700",correct: Correct!; incorrect: Incorrect!,center,"300","5000",y i,"",60%,"",ITI,"","","","","36",training,targetR,target,"",701,42,"16.71",132926,y,486,"1",""
"30","1","",test,"",N6,"","","","","","","",i,.jpg,"700",correct: Correct!; incorrect: Incorrect!,center,"300","5000",y i,"",60%,"",ITI,"","","","","12",training,unique,non target,"",700,42,"16.71",134380,i,456,"1",""
"35","1","",test,"",r_cd1,"","","","","","","",i,.jpg,"700",correct: Correct!; incorrect: Incorrect!,center,"300","5000",y i,"",60%,"",ITI,"","","","","17",training,neutral,non target,"",702,42,"16.62",135901,i,511,"1",""
"45","1","",test,"",targetG,"","","","","","","",y,.jpg,"700",correct: Correct!; incorrect: Incorrect!,center,"300","5000",y i,"",60%,"",ITI,"","","","","27",training,targetG,target,"",699,42,"16.67",137464,y,560,"1",""
"53","1","",test,"",targetR,"","","","","","","",y,.jpg,"700",correct: Correct!; incorrect: Incorrect!,center,"300","5000",y i,"",60%,"",ITI,"","","","","35",training,targetR,target,"",698,42,"16.67",138978,y,509,"1",""
"47","1","",test,"",targetG,"","","","","","","",y,.jpg,"700",correct: Correct!; incorrect: Incorrect!,center,"300","5000",y i,"",60%,"",ITI,"","","","","29",training,targetG,target,"",697,42,"16.67",140368,y,383,"1",""
"42","1","",test,"",targetB,"","","","","","","",y,.jpg,"700",correct: Correct!; incorrect: Incorrect!,center,"300","5000",y i,"",60%,"",ITI,"","","","","24",training,targetB,target,"",700,42,"16.69",141822,y,455,"1",""
"22","1","",test,"",round2,"","","","","","","",i,.jpg,"700",correct: Correct!; incorrect: Incorrect!,center,"300","5000",y i,"",60%,"",ITI,"","","","","4",training,common,non target,"",700,42,"16.60",143335,i,503,"1",""
"26","1","",test,"",N2,"","","","","","","",i,.jpg,"700",correct: Correct!; incorrect: Incorrect!,center,"300","5000",y i,"",60%,"",ITI,"","","","","8",training,unique,non target,"",701,42,"16.69",144772,i,438,"1",""
"29","1","",test,"",N5,"","","","","","","",i,.jpg,"700",correct: Correct!; incorrect: Incorrect!,center,"300","5000",y i,"",60%,"",ITI,"","","","","11",training,unique,non target,"",699,42,"16.67",146174,i,410,"1",""
"41","1","",test,"",targetB,"","","","","","","",y,.jpg,"700",correct: Correct!; incorrect: Incorrect!,center,"300","5000",y i,"",60%,"",ITI,"","","","","23",training,targetB,target,"",700,42,"16.71",147620,y,438,"1",""
"50","1","",test,"",targetR,"","","","","","","",y,.jpg,"700",correct: Correct!; incorrect: Incorrect!,center,"300","5000",y i,"",60%,"",ITI,"","","","","32",training,targetR,target,"",700,42,"16.64",149054,y,425,"1",""
"24","1","",test,"",square3,"","","","","","","",i,.jpg,"700",correct: Correct!; incorrect: Incorrect!,center,"300","5000",y i,"",60%,"",ITI,"","","","","6",training,common,non target,"",700,42,"16.62",150654,i,593,"1",""
"36","1","",test,"",r_cd4,"","","","","","","",i,.jpg,"700",correct: Correct!; incorrect: Incorrect!,center,"300","5000",y i,"",60%,"",ITI,"","","","","18",training,neutral,non target,"",700,42,"16.60",152098,i,438,"1",""
"145","1","1",test,"",N5,N15,targetR,N25,right,right,left,left,left,.jpg,"700",correct: Correct!; incorrect: Incorrect!,center,"300","5000",left right,"",60%;60%;60%;60%;80%;80%;80%;80%,-170 -130; 170 -130; -170 130; 170 130; -170 -130; 170 -130; -170 130; 170 130,ITI;withStim,"","","","","71",search,Red,neutral,-170 -130;170 -130;-170 130;170 130;-170 -130;170 -130;-170 130;170 130,702,42,"16.67",260203,left,762,"1",""
"102","1","1",test,"",N10,N30,targetR,N20,right,left,left,right,left,.jpg,"700",correct: Correct!; incorrect: Incorrect!,center,"300","5000",left right,"",60%;60%;60%;60%;80%;80%;80%;80%,-170 -130; 170 -130; -170 130; 170 130; -170 -130; 170 -130; -170 130; 170 130,ITI;withStim,"","","","","28",search,Red,neutral,-170 -130;170 -130;-170 130;170 130;-170 -130;170 -130;-170 130;170 130,697,42,"16.67",261890,left,686,"1",""
"139","1","1",test,"",N15,targetG,N5,N25,left,right,right,left,right,.jpg,"700",correct: Correct!; incorrect: Incorrect!,center,"300","5000",left right,"",60%;60%;60%;60%;80%;80%;80%;80%,-170 -130; 170 -130; -170 130; 170 130; -170 -130; 170 -130; -170 130; 170 130,ITI;withStim,"","","","","65",search,Green,neutral,-170 -130;170 -130;-170 130;170 130;-170 -130;170 -130;-170 130;170 130,697,42,"16.69",263461,right,575,"1",""
"147","1","1",test,"",targetR,N9,r_cd6,N3,right,left,left,right,right,.jpg,"700",correct: Correct!; incorrect: Incorrect!,center,"300","5000",left right,"",60%;60%;60%;60%;80%;80%;80%;80%,-170 -130; 170 -130; -170 130; 170 130; -170 -130; 170 -130; -170 130; 170 130,ITI;withStim,"","","","","73",search,Red,unique,-170 -130;170 -130;-170 130;170 130;-170 -130;170 -130;-170 130;170 130,700,42,"16.64",265613,left,1144,"0",""
"138","1","1",test,"",N9,targetG,g_cd6,N8,left,left,right,right,left,.jpg,"700",correct: Correct!; incorrect: Incorrect!,center,"300","5000",left right,"",60%;60%;60%;60%;80%;80%;80%;80%,-170 -130; 170 -130; -170 130; 170 130; -170 -130; 170 -130; -170 130; 170 130,ITI;withStim,"","","","","64",search,Green,unique,-170 -130;170 -130;-170 130;170 130;-170 -130;170 -130;-170 130;170 130,701,42,"16.67",267369,right,750,"0",""
"78","1","1",test,"",targetB,N10,N12,b_cd5,right,left,left,right,right,.jpg,"700",correct: Correct!; incorrect: Incorrect!,center,"300","5000",left right,"",60%;60%;60%;60%;80%;80%;80%;80%,-170 -130; 170 -130; -170 130; 170 130; -170 -130; 170 -130; -170 130; 170 130,ITI;withStim,"","","","","4",search,Blue,unique,-170 -130;170 -130;-170 130;170 130;-170 -130;170 -130;-170 130;170 130,701,42,"16.67",269107,left,741,"0",""
"146","1","1",test,"",N22,targetR,N2,N12,left,right,left,right,right,.jpg,"700",correct: Correct!; incorrect: Incorrect!,center,"300","5000",left right,"",60%;60%;60%;60%;80%;80%;80%;80%,-170 -130; 170 -130; -170 130; 170 130; -170 -130; 170 -130; -170 130; 170 130,ITI;withStim,"","","","","72",search,Red,neutral,-170 -130;170 -130;-170 130;170 130;-170 -130;170 -130;-170 130;170 130,699,42,"16.67",271281,right,1165,"1",""
"113","1","1",test,"",N19,g_cd5,N13,targetG,left,left,right,right,right,.jpg,"700",correct: Correct!; incorrect: Incorrect!,center,"300","5000",left right,"",60%;60%;60%;60%;80%;80%;80%;80%,-170 -130; 170 -130; -170 130; 170 130; -170 -130; 170 -130; -170 130; 170 130,ITI;withStim,"","","","","39",search,Green,unique,-170 -130;170 -130;-170 130;170 130;-170 -130;170 -130;-170 130;170 130,699,42,"16.67",272862,left,580,"0",""
"89","1","1",test,"",targetR,N4,N24,N14,left,left,right,right,left,.jpg,"700",correct: Correct!; incorrect: Incorrect!,center,"300","5000",left right,"",60%;60%;60%;60%;80%;80%;80%;80%,-170 -130; 170 -130; -170 130; 170 130; -170 -130; 170 -130; -170 130; 170 130,ITI;withStim,"","","","","15",search,Red,neutral,-170 -130;170 -130;-170 130;170 130;-170 -130;170 -130;-170 130;170 130,700,0,0,274606,left,743,"1",""
"158","1","1",test,"",N19,N12,cylinder4,targetG,left,right,right,left,left,.jpg,"700",correct: Correct!; incorrect: Incorrect!,center,"300","5000",left right,"",60%;60%;60%;60%;80%;80%;80%;80%,-170 -130; 170 -130; -170 130; 170 130; -170 -130; 170 -130; -170 130; 170 130,ITI;withStim,"","","","","84",search,Green,common,-170 -130;170 -130;-170 130;170 130;-170 -130;170 -130;-170 130;170 130,699,0,0,276237,right,624,"0",""
"140","1","1",test,"",N11,targetB,b_cd6,N6,right,left,right,left,left,.jpg,"700",correct: Correct!; incorrect: Incorrect!,center,"300","5000",left right,"",60%;60%;60%;60%;80%;80%;80%;80%,-170 -130; 170 -130; -170 130; 170 130; -170 -130; 170 -130; -170 130; 170 130,ITI;withStim,"","","","","66",search,Blue,unique,-170 -130;170 -130;-170 130;170 130;-170 -130;170 -130;-170 130;170 130,699,0,0,277818,right,572,"0",""
"162","1","1",test,"",N26,cylinder2,targetB,N9,right,left,left,right,left,.jpg,"700",correct: Correct!; incorrect: Incorrect!,center,"300","5000",left right,"",60%;60%;60%;60%;80%;80%;80%;80%,-170 -130; 170 -130; -170 130; 170 130; -170 -130; 170 -130; -170 130; 170 130,ITI;withStim,"","","","","88",search,Blue,common,-170 -130;170 -130;-170 130;170 130;-170 -130;170 -130;-170 130;170 130,698,0,0,279500,left,674,"1",""
"103","1","1",test,"",targetB,b_cd9,N11,N9,left,right,right,left,left,.jpg,"700",correct: Correct!; incorrect: Incorrect!,center,"300","5000",left right,"",60%;60%;60%;60%;80%;80%;80%;80%,-170 -130; 170 -130; -170 130; 170 130; -170 -130; 170 -130; -170 130; 170 130,ITI;withStim,"","","","","29",search,Blue,unique,-170 -130;170 -130;-170 130;170 130;-170 -130;170 -130;-170 130;170 130,700,42,"16.71",281086,left,578,"1",""
"93","1","1",test,"",targetB,N12,N2,N22,left,left,right,right,left,.jpg,"700",correct: Correct!; incorrect: Incorrect!,center,"300","5000",left right,"",60%;60%;60%;60%;80%;80%;80%;80%,-170 -130; 170 -130; -170 130; 170 130; -170 -130; 170 -130; -170 130; 170 130,ITI;withStim,"","","","","19",search,Blue,neutral,-170 -130;170 -130;-170 130;170 130;-170 -130;170 -130;-170 130;170 130,697,42,"16.60",282566,left,475,"1",""
"99","1","1",test,"",targetG,N17,g_cd9,N12,right,left,right,left,right,.jpg,"700",correct: Correct!; incorrect: Incorrect!,center,"300","5000",left right,"",60%;60%;60%;60%;80%;80%;80%;80%,-170 -130; 170 -130; -170 130; 170 130; -170 -130; 170 -130; -170 130; 170 130,ITI;withStim,"","","","","25",search,Green,unique,-170 -130;170 -130;-170 130;170 130;-170 -130;170 -130;-170 130;170 130,702,42,"16.60",284046,left,471,"0",""
"154","1","1",test,"",N8,N28,targetB,N18,right,right,left,left,left,.jpg,"700",correct: Correct!; incorrect: Incorrect!,center,"300","5000",left right,"",60%;60%;60%;60%;80%;80%;80%;80%,-170 -130; 170 -130; -170 130; 170 130; -170 -130; 170 -130; -170 130; 170 130,ITI;withStim,"","","","","80",search,Blue,neutral,-170 -130;170 -130;-170 130;170 130;-170 -130;170 -130;-170 130;170 130,701,42,"16.67",285967,left,927,"1",""
"144","1","1",test,"",N14,targetR,irr3,N6,left,right,left,right,right,.jpg,"700",correct: Correct!; incorrect: Incorrect!,center,"300","5000",left right,"",60%;60%;60%;60%;80%;80%;80%;80%,-170 -130; 170 -130; -170 130; 170 130; -170 -130; 170 -130; -170 130; 170 130,ITI;withStim,"","","","","70",search,Red,common,-170 -130;170 -130;-170 130;170 130;-170 -130;170 -130;-170 130;170 130,699,42,"16.69",287573,right,600,"1",""
"156","1","1",test,"",N16,N26,N6,targetR,right,right,left,left,left,.jpg,"700",correct: Correct!; incorrect: Incorrect!,center,"300","5000",left right,"",60%;60%;60%;60%;80%;80%;80%;80%,-170 -130; 170 -130; -170 130; 170 130; -170 -130; 170 -130; -170 130; 170 130,ITI;withStim,"","","","","82",search,Red,neutral,-170 -130;170 -130;-170 130;170 130;-170 -130;170 -130;-170 130;170 130,697,42,"16.69",289152,right,582,"0",""
"128","1","1",test,"",irr2,N15,targetG,N20,right,left,left,right,left,.jpg,"700",correct: Correct!; incorrect: Incorrect!,center,"300","5000",left right,"",60%;60%;60%;60%;80%;80%;80%;80%,-170 -130; 170 -130; -170 130; 170 130; -170 -130; 170 -130; -170 130; 170 130,ITI;withStim,"","","","","54",search,Green,common,-170 -130;170 -130;-170 130;170 130;-170 -130;170 -130;-170 130;170 130,700,42,"16.64",290942,left,788,"1",""
"129","1","1",test,"",N19,N29,N9,targetR,right,left,right,left,left,.jpg,"700",correct: Correct!; incorrect: Incorrect!,center,"300","5000",left right,"",60%;60%;60%;60%;80%;80%;80%;80%,-170 -130; 170 -130; -170 130; 170 130; -170 -130; 170 -130; -170 130; 170 130,ITI;withStim,"","","","","55",search,Red,neutral,-170 -130;170 -130;-170 130;170 130;-170 -130;170 -130;-170 130;170 130,702,42,"16.64",292489,right,536,"0",""
"164","1","1",test,"",irr1,N9,targetB,N20,left,right,right,left,right,.jpg,"700",correct: Correct!; incorrect: Incorrect!,center,"300","5000",left right,"",60%;60%;60%;60%;80%;80%;80%;80%,-170 -130; 170 -130; -170 130; 170 130; -170 -130; 170 -130; -170 130; 170 130,ITI;withStim,"","","","","90",search,Blue,common,-170 -130;170 -130;-170 130;170 130;-170 -130;170 -130;-170 130;170 130,699,42,"16.67",293962,left,463,"0",""
"82","1","1",test,"",N4,N14,targetG,N24,right,left,right,left,right,.jpg,"700",correct: Correct!; incorrect: Incorrect!,center,"300","5000",left right,"",60%;60%;60%;60%;80%;80%;80%;80%,-170 -130; 170 -130; -170 130; 170 130; -170 -130; 170 -130; -170 130; 170 130,ITI;withStim,"","","","","8",search,Green,neutral,-170 -130;170 -130;-170 130;170 130;-170 -130;170 -130;-170 130;170 130,699,42,"16.64",295573,left,606,"0",""
"114","1","1",test,"",N16,N26,targetG,N6,left,right,left,right,left,.jpg,"700",correct: Correct!; incorrect: Incorrect!,center,"300","5000",left right,"",60%;60%;60%;60%;80%;80%;80%;80%,-170 -130; 170 -130; -170 130; 170 130; -170 -130; 170 -130; -170 130; 170 130,ITI;withStim,"","","","","40",search,Green,neutral,-170 -130;170 -130;-170 130;170 130;-170 -130;170 -130;-170 130;170 130,699,42,"16.64",297105,right,524,"0",""
"157","1","1",test,"",N5,r_cd8,targetR,N2,left,right,right,left,right,.jpg,"700",correct: Correct!; incorrect: Incorrect!,center,"300","5000",left right,"",60%;60%;60%;60%;80%;80%;80%;80%,-170 -130; 170 -130; -170 130; 170 130; -170 -130; 170 -130; -170 130; 170 130,ITI;withStim,"","","","","83",search,Red,unique,-170 -130;170 -130;-170 130;170 130;-170 -130;170 -130;-170 130;170 130,700,42,"16.62",298714,left,601,"0",""
"101","1","1",test,"",targetB,N19,N29,N9,right,left,left,right,right,.jpg,"700",correct: Correct!; incorrect: Incorrect!,center,"300","5000",left right,"",60%;60%;60%;60%;80%;80%;80%;80%,-170 -130; 170 -130; -170 130; 170 130; -170 -130; 170 -130; -170 130; 170 130,ITI;withStim,"","","","","27",search,Blue,neutral,-170 -130;170 -130;-170 130;170 130;-170 -130;170 -130;-170 130;170 130,700,42,"16.67",300339,right,627,"1",""
"112","1","1",test,"",N4,N24,N14,targetB,left,right,left,right,right,.jpg,"700",correct: Correct!; incorrect: Incorrect!,center,"300","5000",left right,"",60%;60%;60%;60%;80%;80%;80%;80%,-170 -130; 170 -130; -170 130; 170 130; -170 -130; 170 -130; -170 130; 170 130,ITI;withStim,"","","","","38",search,Blue,neutral,-170 -130;170 -130;-170 130;170 130;-170 -130;170 -130;-170 130;170 130,699,42,"16.60",302322,right,978,"1",""
"142","1","1",test,"",g_cd3,N7,targetG,N8,left,right,right,left,right,.jpg,"700",correct: Correct!; incorrect: Incorrect!,center,"300","5000",left right,"",60%;60%;60%;60%;80%;80%;80%;80%,-170 -130; 170 -130; -170 130; 170 130; -170 -130; 170 -130; -170 130; 170 130,ITI;withStim,"","","","","68",search,Green,unique,-170 -130;170 -130;-170 130;170 130;-170 -130;170 -130;-170 130;170 130,699,42,"16.71",303957,left,631,"0",""
"151","1","1",test,"",square3,N9,targetB,N17,right,left,left,right,left,.jpg,"700",correct: Correct!; incorrect: Incorrect!,center,"300","5000",left right,"",60%;60%;60%;60%;80%;80%;80%;80%,-170 -130; 170 -130; -170 130; 170 130; -170 -130; 170 -130; -170 130; 170 130,ITI;withStim,"","","","","77",search,Blue,common,-170 -130;170 -130;-170 130;170 130;-170 -130;170 -130;-170 130;170 130,698,42,"16.69",305482,left,524,"1",""
"80","1","1",test,"",N10,N3,targetB,b_cd8,left,right,left,right,left,.jpg,"700",correct: Correct!; incorrect: Incorrect!,center,"300","5000",left right,"",60%;60%;60%;60%;80%;80%;80%;80%,-170 -130; 170 -130; -170 130; 170 130; -170 -130; 170 -130; -170 130; 170 130,ITI;withStim,"","","","","6",search,Blue,unique,-170 -130;170 -130;-170 130;170 130;-170 -130;170 -130;-170 130;170 130,700,42,"16.64",307206,left,715,"1",""
"79","1","1",test,"",targetR,N21,cylinder9,N16,left,right,right,left,left,.jpg,"700",correct: Correct!; incorrect: Incorrect!,center,"300","5000",left right,"",60%;60%;60%;60%;80%;80%;80%;80%,-170 -130; 170 -130; -170 130; 170 130; -170 -130; 170 -130; -170 130; 170 130,ITI;withStim,"","","","","5",search,Red,common,-170 -130;170 -130;-170 130;170 130;-170 -130;170 -130;-170 130;170 130,700,42,"16.60",309050,right,844,"0",""
"107","1","1",test,"",N6,targetB,N13,round1,left,left,right,right,left,.jpg,"700",correct: Correct!; incorrect: Incorrect!,center,"300","5000",left right,"",60%;60%;60%;60%;80%;80%;80%;80%,-170 -130; 170 -130; -170 130; 170 130; -170 -130; 170 -130; -170 130; 170 130,ITI;withStim,"","","","","33",search,Blue,common,-170 -130;170 -130;-170 130;170 130;-170 -130;170 -130;-170 130;170 130,702,42,"16.67",311340,right,1283,"0",""
"84","1","1",test,"",targetB,N15,N5,N25,right,left,right,left,right,.jpg,"700",correct: Correct!; incorrect: Incorrect!,center,"300","5000",left right,"",60%;60%;60%;60%;80%;80%;80%;80%,-170 -130; 170 -130; -170 130; 170 130; -170 -130; 170 -130; -170 130; 170 130,ITI;withStim,"","","","","10",search,Blue,neutral,-170 -130;170 -130;-170 130;170 130;-170 -130;170 -130;-170 130;170 130,698,42,"16.71",312737,left,400,"0",""
"81","1","1",test,"",cylinder7,N22,N4,targetR,right,left,left,right,right,.jpg,"700",correct: Correct!; incorrect: Incorrect!,center,"300","5000",left right,"",60%;60%;60%;60%;80%;80%;80%;80%,-170 -130; 170 -130; -170 130; 170 130; -170 -130; 170 -130; -170 130; 170 130,ITI;withStim,"","","","","7",search,Red,common,-170 -130;170 -130;-170 130;170 130;-170 -130;170 -130;-170 130;170 130,700,42,"16.64",314254,right,516,"1",""
"90","1","1",test,"",N11,N2,targetB,cylinder3,left,right,left,right,left,.jpg,"700",correct: Correct!; incorrect: Incorrect!,center,"300","5000",left right,"",60%;60%;60%;60%;80%;80%;80%;80%,-170 -130; 170 -130; -170 130; 170 130; -170 -130; 170 -130; -170 130; 170 130,ITI;withStim,"","","","","16",search,Blue,common,-170 -130;170 -130;-170 130;170 130;-170 -130;170 -130;-170 130;170 130,697,42,"16.64",315818,left,566,"1",""
"125","1","1",test,"",N18,targetR,square7,N6,right,left,left,right,left,.jpg,"700",correct: Correct!; incorrect: Incorrect!,center,"300","5000",left right,"",60%;60%;60%;60%;80%;80%;80%;80%,-170 -130; 170 -130; -170 130; 170 130; -170 -130; 170 -130; -170 130; 170 130,ITI;withStim,"","","","","51",search,Red,common,-170 -130;170 -130;-170 130;170 130;-170 -130;170 -130;-170 130;170 130,697,42,"16.64",317440,right,622,"0",""
"130","1","1",test,"",targetR,r_cd4,N4,N22,right,left,left,right,right,.jpg,"700",correct: Correct!; incorrect: Incorrect!,center,"300","5000",left right,"",60%;60%;60%;60%;80%;80%;80%;80%,-170 -130; 170 -130; -170 130; 170 130; -170 -130; 170 -130; -170 130; 170 130,ITI;withStim,"","","","","56",search,Red,unique,-170 -130;170 -130;-170 130;170 130;-170 -130;170 -130;-170 130;170 130,702,42,"16.67",319001,left,566,"0",""
"123","1","1",test,"",targetG,N17,N27,N7,left,right,right,left,left,.jpg,"700",correct: Correct!; incorrect: Incorrect!,center,"300","5000",left right,"",60%;60%;60%;60%;80%;80%;80%;80%,-170 -130; 170 -130; -170 130; 170 130; -170 -130; 170 -130; -170 130; 170 130,ITI;withStim,"","","","","49",search,Green,neutral,-170 -130;170 -130;-170 130;170 130;-170 -130;170 -130;-170 130;170 130,699,42,"16.67",320372,right,371,"0",""
"161","1","1",test,"",square9,targetR,N10,N15,right,right,left,left,right,.jpg,"700",correct: Correct!; incorrect: Incorrect!,center,"300","5000",left right,"",60%;60%;60%;60%;80%;80%;80%;80%,-170 -130; 170 -130; -170 130; 170 130; -170 -130; 170 -130; -170 130; 170 130,ITI;withStim,"","","","","87",search,Red,common,-170 -130;170 -130;-170 130;170 130;-170 -130;170 -130;-170 130;170 130,699,42,"16.64",321915,right,535,"1",""
"95","1","1",test,"",targetB,N17,N27,N7,right,right,left,left,right,.jpg,"700",correct: Correct!; incorrect: Incorrect!,center,"300","5000",left right,"",60%;60%;60%;60%;80%;80%;80%;80%,-170 -130; 170 -130; -170 130; 170 130; -170 -130; 170 -130; -170 130; 170 130,ITI;withStim,"","","","","21",search,Blue,neutral,-170 -130;170 -130;-170 130;170 130;-170 -130;170 -130;-170 130;170 130,699,42,"16.64",323316,left,403,"0",""
"134","1","1",test,"",targetG,N3,N9,square5,left,left,right,right,left,.jpg,"700",correct: Correct!; incorrect: Incorrect!,center,"300","5000",left right,"",60%;60%;60%;60%;80%;80%;80%;80%,-170 -130; 170 -130; -170 130; 170 130; -170 -130; 170 -130; -170 130; 170 130,ITI;withStim,"","","","","60",search,Green,common,-170 -130;170 -130;-170 130;170 130;-170 -130;170 -130;-170 130;170 130,697,42,"16.62",324892,left,580,"1",""
"159","1","1",test,"",N12,N14,targetG,round4,right,left,right,left,right,.jpg,"700",correct: Correct!; incorrect: Incorrect!,center,"300","5000",left right,"",60%;60%;60%;60%;80%;80%;80%;80%,-170 -130; 170 -130; -170 130; 170 130; -170 -130; 170 -130; -170 130; 170 130,ITI;withStim,"","","","","85",search,Green,common,-170 -130;170 -130;-170 130;170 130;-170 -130;170 -130;-170 130;170 130,697,42,"16.67",326349,left,454,"0",""
"118","1","1",test,"",targetG,N7,N4,square6,left,left,right,right,left,.jpg,"700",correct: Correct!; incorrect: Incorrect!,center,"300","5000",left right,"",60%;60%;60%;60%;80%;80%;80%;80%,-170 -130; 170 -130; -170 130; 170 130; -170 -130; 170 -130; -170 130; 170 130,ITI;withStim,"","","","","44",search,Green,common,-170 -130;170 -130;-170 130;170 130;-170 -130;170 -130;-170 130;170 130,702,42,"16.67",327784,right,438,"0",""
"136","1","1",test,"",N18,targetR,N28,N8,right,left,left,right,left,.jpg,"700",correct: Correct!; incorrect: Incorrect!,center,"300","5000",left right,"",60%;60%;60%;60%;80%;80%;80%;80%,-170 -130; 170 -130; -170 130; 170 130; -170 -130; 170 -130; -170 130; 170 130,ITI;withStim,"","","","","62",search,Red,neutral,-170 -130;170 -130;-170 130;170 130;-170 -130;170 -130;-170 130;170 130,698,42,"16.71",329329,right,553,"0",""
"108","1","1",test,"",N8,targetG,N18,N28,left,right,left,right,right,.jpg,"700",correct: Correct!; incorrect: Incorrect!,center,"300","5000",left right,"",60%;60%;60%;60%;80%;80%;80%;80%,-170 -130; 170 -130; -170 130; 170 130; -170 -130; 170 -130; -170 130; 170 130,ITI;withStim,"","","","","34",search,Green,neutral,-170 -130;170 -130;-170 130;170 130;-170 -130;170 -130;-170 130;170 130,702,42,"16.62",330899,right,572,"1",""
"96","1","1",test,"",N12,targetG,g_cd2,N22,left,right,left,right,right,.jpg,"700",correct: Correct!; incorrect: Incorrect!,center,"300","5000",left right,"",60%;60%;60%;60%;80%;80%;80%;80%,-170 -130; 170 -130; -170 130; 170 130; -170 -130; 170 -130; -170 130; 170 130,ITI;withStim,"","","","","22",search,Green,unique,-170 -130;170 -130;-170 130;170 130;-170 -130;170 -130;-170 130;170 130,700,42,"16.67",332450,right,540,"1",""
"149","1","1",test,"",N4,r_cd10,N12,targetR,left,left,right,right,right,.jpg,"700",correct: Correct!; incorrect: Incorrect!,center,"300","5000",left right,"",60%;60%;60%;60%;80%;80%;80%;80%,-170 -130; 170 -130; -170 130; 170 130; -170 -130; 170 -130; -170 130; 170 130,ITI;withStim,"","","","","75",search,Red,unique,-170 -130;170 -130;-170 130;170 130;-170 -130;170 -130;-170 130;170 130,699,42,"16.60",334696,left,1240,"0",""
"100","1","1",test,"",N7,targetB,cylinder1,N12,right,left,right,left,left,.jpg,"700",correct: Correct!; incorrect: Incorrect!,center,"300","5000",left right,"",60%;60%;60%;60%;80%;80%;80%;80%,-170 -130; 170 -130; -170 130; 170 130; -170 -130; 170 -130; -170 130; 170 130,ITI;withStim,"","","","","26",search,Blue,common,-170 -130;170 -130;-170 130;170 130;-170 -130;170 -130;-170 130;170 130,699,42,"16.60",336634,left,944,"1",""
"116","1","1",test,"",N3,N13,N23,targetG,right,left,left,right,right,.jpg,"700",correct: Correct!; incorrect: Incorrect!,center,"300","5000",left right,"",60%;60%;60%;60%;80%;80%;80%;80%,-170 -130; 170 -130; -170 130; 170 130; -170 -130; 170 -130; -170 130; 170 130,ITI;withStim,"","","","","42",search,Green,neutral,-170 -130;170 -130;-170 130;170 130;-170 -130;170 -130;-170 130;170 130,700,42,"16.71",338136,right,497,"1",""
"94","1","1",test,"",targetG,N14,g_cd4,N4,left,right,left,right,left,.jpg,"700",correct: Correct!; incorrect: Incorrect!,center,"300","5000",left right,"",60%;60%;60%;60%;80%;80%;80%;80%,-170 -130; 170 -130; -170 130; 170 130; -170 -130; 170 -130; -170 130; 170 130,ITI;withStim,"","","","","20",search,Green,unique,-170 -130;170 -130;-170 130;170 130;-170 -130;170 -130;-170 130;170 130,702,42,"16.64",339747,left,609,"1",""
"88","1","1",test,"",r_cd3,targetR,N16,N11,right,left,right,left,left,.jpg,"700",correct: Correct!; incorrect: Incorrect!,center,"300","5000",left right,"",60%;60%;60%;60%;80%;80%;80%;80%,-170 -130; 170 -130; -170 130; 170 130; -170 -130; 170 -130; -170 130; 170 130,ITI;withStim,"","","","","14",search,Red,unique,-170 -130;170 -130;-170 130;170 130;-170 -130;170 -130;-170 130;170 130,701,42,"16.64",341239,right,487,"0",""
"97","1","1",test,"",targetG,N9,N19,N29,left,left,right,right,left,.jpg,"700",correct: Correct!; incorrect: Incorrect!,center,"300","5000",left right,"",60%;60%;60%;60%;80%;80%;80%;80%,-170 -130; 170 -130; -170 130; 170 130; -170 -130; 170 -130; -170 130; 170 130,ITI;withStim,"","","","","23",search,Green,neutral,-170 -130;170 -130;-170 130;170 130;-170 -130;170 -130;-170 130;170 130,700,42,"16.64",343046,right,810,"0",""
"111","1","1",test,"",b_cd1,targetB,N7,N15,right,left,right,left,left,.jpg,"700",correct: Correct!; incorrect: Incorrect!,center,"300","5000",left right,"",60%;60%;60%;60%;80%;80%;80%;80%,-170 -130; 170 -130; -170 130; 170 130; -170 -130; 170 -130; -170 130; 170 130,ITI;withStim,"","","","","37",search,Blue,unique,-170 -130;170 -130;-170 130;170 130;-170 -130;170 -130;-170 130;170 130,701,42,"16.60",344524,right,474,"0",""
"143","1","1",test,"",targetR,N26,N29,round8,left,right,left,right,left,.jpg,"700",correct: Correct!; incorrect: Incorrect!,center,"300","5000",left right,"",60%;60%;60%;60%;80%;80%;80%;80%,-170 -130; 170 -130; -170 130; 170 130; -170 -130; 170 -130; -170 130; 170 130,ITI;withStim,"","","","","69",search,Red,common,-170 -130;170 -130;-170 130;170 130;-170 -130;170 -130;-170 130;170 130,702,42,"16.60",346022,left,488,"1",""
"109","1","1",test,"",targetG,N5,square4,N15,left,right,right,left,left,.jpg,"700",correct: Correct!; incorrect: Incorrect!,center,"300","5000",left right,"",60%;60%;60%;60%;80%;80%;80%;80%,-170 -130; 170 -130; -170 130; 170 130; -170 -130; 170 -130; -170 130; 170 130,ITI;withStim,"","","","","35",search,Green,common,-170 -130;170 -130;-170 130;170 130;-170 -130;170 -130;-170 130;170 130,702,42,"16.71",347465,left,449,"1",""
"153","1","1",test,"",targetR,cylinder8,N2,N15,right,left,right,left,right,.jpg,"700",correct: Correct!; incorrect: Incorrect!,center,"300","5000",left right,"",60%;60%;60%;60%;80%;80%;80%;80%,-170 -130; 170 -130; -170 130; 170 130; -170 -130; 170 -130; -170 130; 170 130,ITI;withStim,"","","","","79",search,Red,common,-170 -130;170 -130;-170 130;170 130;-170 -130;170 -130;-170 130;170 130,698,42,"16.62",349056,left,593,"0",""
"131","1","1",test,"",targetB,b_cd4,N7,N5,right,right,left,left,right,.jpg,"700",correct: Correct!; incorrect: Incorrect!,center,"300","5000",left right,"",60%;60%;60%;60%;80%;80%;80%;80%,-170 -130; 170 -130; -170 130; 170 130; -170 -130; 170 -130; -170 130; 170 130,ITI;withStim,"","","","","57",search,Blue,unique,-170 -130;170 -130;-170 130;170 130;-170 -130;170 -130;-170 130;170 130,697,42,"16.71",350576,right,515,"1",""
"121","1","1",test,"",targetG,N2,N12,N22,right,right,left,left,right,.jpg,"700",correct: Correct!; incorrect: Incorrect!,center,"300","5000",left right,"",60%;60%;60%;60%;80%;80%;80%;80%,-170 -130; 170 -130; -170 130; 170 130; -170 -130; 170 -130; -170 130; 170 130,ITI;withStim,"","","","","47",search,Green,neutral,-170 -130;170 -130;-170 130;170 130;-170 -130;170 -130;-170 130;170 130,699,42,"16.67",352995,left,1418,"0",""
"163","1","1",test,"",N23,N3,N13,targetR,left,left,right,right,right,.jpg,"700",correct: Correct!; incorrect: Incorrect!,center,"300","5000",left right,"",60%;60%;60%;60%;80%;80%;80%;80%,-170 -130; 170 -130; -170 130; 170 130; -170 -130; 170 -130; -170 130; 170 130,ITI;withStim,"","","","","89",search,Red,neutral,-170 -130;170 -130;-170 130;170 130;-170 -130;170 -130;-170 130;170 130,699,42,"16.64",354697,right,706,"1",""
"119","1","1",test,"",N11,targetB,round3,N9,right,right,left,left,right,.jpg,"700",correct: Correct!; incorrect: Incorrect!,center,"300","5000",left right,"",60%;60%;60%;60%;80%;80%;80%;80%,-170 -130; 170 -130; -170 130; 170 130; -170 -130; 170 -130; -170 130; 170 130,ITI;withStim,"","","","","45",search,Blue,common,-170 -130;170 -130;-170 130;170 130;-170 -130;170 -130;-170 130;170 130,697,42,"16.64",356378,right,687,"1",""
"135","1","1",test,"",targetG,N5,g_cd10,N10,right,left,left,right,right,.jpg,"700",correct: Correct!; incorrect: Incorrect!,center,"300","5000",left right,"",60%;60%;60%;60%;80%;80%;80%;80%,-170 -130; 170 -130; -170 130; 170 130; -170 -130; 170 -130; -170 130; 170 130,ITI;withStim,"","","","","61",search,Green,unique,-170 -130;170 -130;-170 130;170 130;-170 -130;170 -130;-170 130;170 130,700,42,"16.67",357966,left,592,"0",""
"141","1","1",test,"",targetB,round2,N20,N10,left,left,right,right,left,.jpg,"700",correct: Correct!; incorrect: Incorrect!,center,"300","5000",left right,"",60%;60%;60%;60%;80%;80%;80%;80%,-170 -130; 170 -130; -170 130; 170 130; -170 -130; 170 -130; -170 130; 170 130,ITI;withStim,"","","","","67",search,Blue,common,-170 -130;170 -130;-170 130;170 130;-170 -130;170 -130;-170 130;170 130,700,42,"16.71",359612,left,639,"1",""
"120","1","1",test,"",N11,g_cd7,N18,targetG,right,right,left,left,left,.jpg,"700",correct: Correct!; incorrect: Incorrect!,center,"300","5000",left right,"",60%;60%;60%;60%;80%;80%;80%;80%,-170 -130; 170 -130; -170 130; 170 130; -170 -130; 170 -130; -170 130; 170 130,ITI;withStim,"","","","","46",search,Green,unique,-170 -130;170 -130;-170 130;170 130;-170 -130;170 -130;-170 130;170 130,701,42,"16.69",361229,right,606,"0",""
"160","1","1",test,"",targetR,r_cd1,N20,N21,right,right,left,left,right,.jpg,"700",correct: Correct!; incorrect: Incorrect!,center,"300","5000",left right,"",60%;60%;60%;60%;80%;80%;80%;80%,-170 -130; 170 -130; -170 130; 170 130; -170 -130; 170 -130; -170 130; 170 130,ITI;withStim,"","","","","86",search,Red,unique,-170 -130;170 -130;-170 130;170 130;-170 -130;170 -130;-170 130;170 130,702,42,"16.67",362804,left,565,"0",""
"76","1","1",test,"",N12,b_cd2,targetB,N15,right,left,left,right,left,.jpg,"700",correct: Correct!; incorrect: Incorrect!,center,"300","5000",left right,"",60%;60%;60%;60%;80%;80%;80%;80%,-170 -130; 170 -130; -170 130; 170 130; -170 -130; 170 -130; -170 130; 170 130,ITI;withStim,"","","","","2",search,Blue,unique,-170 -130;170 -130;-170 130;170 130;-170 -130;170 -130;-170 130;170 130,700,42,"16.69",364388,left,585,"1",""
"98","1","1",test,"",N5,N6,targetR,square8,right,right,left,left,left,.jpg,"700",correct: Correct!; incorrect: Incorrect!,center,"300","5000",left right,"",60%;60%;60%;60%;80%;80%;80%;80%,-170 -130; 170 -130; -170 130; 170 130; -170 -130; 170 -130; -170 130; 170 130,ITI;withStim,"","","","","24",search,Red,common,-170 -130;170 -130;-170 130;170 130;-170 -130;170 -130;-170 130;170 130,702,42,"16.71",365949,right,562,"0",""
"122","1","1",test,"",N21,N1,N11,targetB,left,left,right,right,right,.jpg,"700",correct: Correct!; incorrect: Incorrect!,center,"300","5000",left right,"",60%;60%;60%;60%;80%;80%;80%;80%,-170 -130; 170 -130; -170 130; 170 130; -170 -130; 170 -130; -170 130; 170 130,ITI;withStim,"","","","","48",search,Blue,neutral,-170 -130;170 -130;-170 130;170 130;-170 -130;170 -130;-170 130;170 130,700,42,"16.71",367293,left,340,"0",""
"132","1","1",test,"",N3,N16,r_cd2,targetR,right,right,left,left,left,.jpg,"700",correct: Correct!; incorrect: Incorrect!,center,"300","5000",left right,"",60%;60%;60%;60%;80%;80%;80%;80%,-170 -130; 170 -130; -170 130; 170 130; -170 -130; 170 -130; -170 130; 170 130,ITI;withStim,"","","","","58",search,Red,unique,-170 -130;170 -130;-170 130;170 130;-170 -130;170 -130;-170 130;170 130,698,42,"16.62",368804,right,504,"0",""
"104","1","1",test,"",targetG,N11,N1,N21,right,right,left,left,right,.jpg,"700",correct: Correct!; incorrect: Incorrect!,center,"300","5000",left right,"",60%;60%;60%;60%;80%;80%;80%;80%,-170 -130; 170 -130; -170 130; 170 130; -170 -130; 170 -130; -170 130; 170 130,ITI;withStim,"","","","","30",search,Green,neutral,-170 -130;170 -130;-170 130;170 130;-170 -130;170 -130;-170 130;170 130,700,42,"16.60",370453,left,652,"0",""
"155","1","1",test,"",N2,N3,targetB,square2,right,left,right,left,right,.jpg,"700",correct: Correct!; incorrect: Incorrect!,center,"300","5000",left right,"",60%;60%;60%;60%;80%;80%;80%;80%,-170 -130; 170 -130; -170 130; 170 130; -170 -130; 170 -130; -170 130; 170 130,ITI;withStim,"","","","","81",search,Blue,common,-170 -130;170 -130;-170 130;170 130;-170 -130;170 -130;-170 130;170 130,699,42,"16.64",371762,left,315,"0",""
"87","1","1",test,"",targetG,N10,N20,N30,left,left,right,right,left,.jpg,"700",correct: Correct!; incorrect: Incorrect!,center,"300","5000",left right,"",60%;60%;60%;60%;80%;80%;80%;80%,-170 -130; 170 -130; -170 130; 170 130; -170 -130; 170 -130; -170 130; 170 130,ITI;withStim,"","","","","13",search,Green,neutral,-170 -130;170 -130;-170 130;170 130;-170 -130;170 -130;-170 130;170 130,697,42,"16.64",373123,right,359,"0",""
"137","1","1",test,"",targetB,N14,N6,b_cd7,left,right,right,left,left,.jpg,"700",correct: Correct!; incorrect: Incorrect!,center,"300","5000",left right,"",60%;60%;60%;60%;80%;80%;80%;80%,-170 -130; 170 -130; -170 130; 170 130; -170 -130; 170 -130; -170 130; 170 130,ITI;withStim,"","","","","63",search,Blue,unique,-170 -130;170 -130;-170 130;170 130;-170 -130;170 -130;-170 130;170 130,697,42,"16.60",374487,right,358,"0",""
"83","1","1",test,"",N26,r_cd7,targetR,N15,left,right,left,right,left,.jpg,"700",correct: Correct!; incorrect: Incorrect!,center,"300","5000",left right,"",60%;60%;60%;60%;80%;80%;80%;80%,-170 -130; 170 -130; -170 130; 170 130; -170 -130; 170 -130; -170 130; 170 130,ITI;withStim,"","","","","9",search,Red,unique,-170 -130;170 -130;-170 130;170 130;-170 -130;170 -130;-170 130;170 130,699,42,"16.67",375875,left,381,"1",""
"85","1","1",test,"",targetB,N10,N20,N30,right,left,right,left,right,.jpg,"700",correct: Correct!; incorrect: Incorrect!,center,"300","5000",left right,"",60%;60%;60%;60%;80%;80%;80%;80%,-170 -130; 170 -130; -170 130; 170 130; -170 -130; 170 -130; -170 130; 170 130,ITI;withStim,"","","","","11",search,Blue,neutral,-170 -130;170 -130;-170 130;170 130;-170 -130;170 -130;-170 130;170 130,697,42,"16.67",377313,left,436,"0",""
"106","1","1",test,"",N26,N6,N16,targetB,right,left,left,right,right,.jpg,"700",correct: Correct!; incorrect: Incorrect!,center,"300","5000",left right,"",60%;60%;60%;60%;80%;80%;80%;80%,-170 -130; 170 -130; -170 130; 170 130; -170 -130; 170 -130; -170 130; 170 130,ITI;withStim,"","","","","32",search,Blue,neutral,-170 -130;170 -130;-170 130;170 130;-170 -130;170 -130;-170 130;170 130,697,42,"16.69",378838,left,528,"0",""
"133","1","1",test,"",round9,N2,N5,targetR,right,left,right,left,left,.jpg,"700",correct: Correct!; incorrect: Incorrect!,center,"300","5000",left right,"",60%;60%;60%;60%;80%;80%;80%;80%,-170 -130; 170 -130; -170 130; 170 130; -170 -130; 170 -130; -170 130; 170 130,ITI;withStim,"","","","","59",search,Red,common,-170 -130;170 -130;-170 130;170 130;-170 -130;170 -130;-170 130;170 130,702,42,"16.71",380388,left,544,"1",""
"127","1","1",test,"",N6,b_cd10,N7,targetB,left,right,left,right,right,.jpg,"700",correct: Correct!; incorrect: Incorrect!,center,"300","5000",left right,"",60%;60%;60%;60%;80%;80%;80%;80%,-170 -130; 170 -130; -170 130; 170 130; -170 -130; 170 -130; -170 130; 170 130,ITI;withStim,"","","","","53",search,Blue,unique,-170 -130;170 -130;-170 130;170 130;-170 -130;170 -130;-170 130;170 130,699,42,"16.67",382265,left,873,"0",""
"77","1","1",test,"",N17,targetG,round6,N7,left,right,left,right,right,.jpg,"700",correct: Correct!; incorrect: Incorrect!,center,"300","5000",left right,"",60%;60%;60%;60%;80%;80%;80%;80%,-170 -130; 170 -130; -170 130; 170 130; -170 -130; 170 -130; -170 130; 170 130,ITI;withStim,"","","","","3",search,Green,common,-170 -130;170 -130;-170 130;170 130;-170 -130;170 -130;-170 130;170 130,696,42,"16.71",383691,right,419,"1",""
"105","1","1",test,"",N1,targetR,N21,N11,left,right,right,left,right,.jpg,"700",correct: Correct!; incorrect: Incorrect!,center,"300","5000",left right,"",60%;60%;60%;60%;80%;80%;80%;80%,-170 -130; 170 -130; -170 130; 170 130; -170 -130; 170 -130; -170 130; 170 130,ITI;withStim,"","","","","31",search,Red,neutral,-170 -130;170 -130;-170 130;170 130;-170 -130;170 -130;-170 130;170 130,698,42,"16.67",385277,right,588,"1",""
"152","1","1",test,"",N15,targetG,N4,round5,right,left,left,right,left,.jpg,"700",correct: Correct!; incorrect: Incorrect!,center,"300","5000",left right,"",60%;60%;60%;60%;80%;80%;80%;80%,-170 -130; 170 -130; -170 130; 170 130; -170 -130; 170 -130; -170 130; 170 130,ITI;withStim,"","","","","78",search,Green,common,-170 -130;170 -130;-170 130;170 130;-170 -130;170 -130;-170 130;170 130,701,42,"16.62",386807,right,534,"0",""
"115","1","1",test,"",cylinder6,targetG,N16,N15,right,left,right,left,left,.jpg,"700",correct: Correct!; incorrect: Incorrect!,center,"300","5000",left right,"",60%;60%;60%;60%;80%;80%;80%;80%,-170 -130; 170 -130; -170 130; 170 130; -170 -130; 170 -130; -170 130; 170 130,ITI;withStim,"","","","","41",search,Green,common,-170 -130;170 -130;-170 130;170 130;-170 -130;170 -130;-170 130;170 130,700,42,"16.67",388203,right,399,"0",""
"124","1","1",test,"",N18,b_cd3,N15,targetB,right,right,left,left,left,.jpg,"700",correct: Correct!; incorrect: Incorrect!,center,"300","5000",left right,"",60%;60%;60%;60%;80%;80%;80%;80%,-170 -130; 170 -130; -170 130; 170 130; -170 -130; 170 -130; -170 130; 170 130,ITI;withStim,"","","","","50",search,Blue,unique,-170 -130;170 -130;-170 130;170 130;-170 -130;170 -130;-170 130;170 130,699,42,"16.64",389733,right,528,"0",""
"92","1","1",test,"",square1,N2,targetB,N6,right,right,left,left,left,.jpg,"700",correct: Correct!; incorrect: Incorrect!,center,"300","5000",left right,"",60%;60%;60%;60%;80%;80%;80%;80%,-170 -130; 170 -130; -170 130; 170 130; -170 -130; 170 -130; -170 130; 170 130,ITI;withStim,"","","","","18",search,Blue,common,-170 -130;170 -130;-170 130;170 130;-170 -130;170 -130;-170 130;170 130,698,42,"16.60",391772,left,1037,"1",""
"148","1","1",test,"",N3,N23,N13,targetB,left,right,right,left,left,.jpg,"700",correct: Correct!; incorrect: Incorrect!,center,"300","5000",left right,"",60%;60%;60%;60%;80%;80%;80%;80%,-170 -130; 170 -130; -170 130; 170 130; -170 -130; 170 -130; -170 130; 170 130,ITI;withStim,"","","","","74",search,Blue,neutral,-170 -130;170 -130;-170 130;170 130;-170 -130;170 -130;-170 130;170 130,700,42,"16.60",393548,right,764,"0",""
"110","1","1",test,"",N28,targetG,g_cd8,N13,right,right,left,left,right,.jpg,"700",correct: Correct!; incorrect: Incorrect!,center,"300","5000",left right,"",60%;60%;60%;60%;80%;80%;80%;80%,-170 -130; 170 -130; -170 130; 170 130; -170 -130; 170 -130; -170 130; 170 130,ITI;withStim,"","","","","36",search,Green,unique,-170 -130;170 -130;-170 130;170 130;-170 -130;170 -130;-170 130;170 130,700,42,"16.64",395208,left,660,"0",""
"75","1","1",test,"",N17,cylinder5,N4,targetG,left,right,left,right,right,.jpg,"700",correct: Correct!; incorrect: Incorrect!,center,"300","5000",left right,"",60%;60%;60%;60%;80%;80%;80%;80%,-170 -130; 170 -130; -170 130; 170 130; -170 -130; 170 -130; -170 130; 170 130,ITI;withStim,"","","","","1",search,Green,common,-170 -130;170 -130;-170 130;170 130;-170 -130;170 -130;-170 130;170 130,700,42,"16.60",396699,right,482,"1",""
"150","1","1",test,"",N27,targetR,N17,N7,right,left,right,left,left,.jpg,"700",correct: Correct!; incorrect: Incorrect!,center,"300","5000",left right,"",60%;60%;60%;60%;80%;80%;80%;80%,-170 -130; 170 -130; -170 130; 170 130; -170 -130; 170 -130; -170 130; 170 130,ITI;withStim,"","","","","76",search,Red,neutral,-170 -130;170 -130;-170 130;170 130;-170 -130;170 -130;-170 130;170 130,702,42,"16.60",398186,right,487,"0",""
"117","1","1",test,"",N6,N20,g_cd1,targetG,left,right,right,left,left,.jpg,"700",correct: Correct!; incorrect: Incorrect!,center,"300","5000",left right,"",60%;60%;60%;60%;80%;80%;80%;80%,-170 -130; 170 -130; -170 130; 170 130; -170 -130; 170 -130; -170 130; 170 130,ITI;withStim,"","","","","43",search,Green,unique,-170 -130;170 -130;-170 130;170 130;-170 -130;170 -130;-170 130;170 130,700,42,"16.71",399652,left,456,"1",""
"86","1","1",test,"",r_cd9,N15,N16,targetR,left,left,right,right,right,.jpg,"700",correct: Correct!; incorrect: Incorrect!,center,"300","5000",left right,"",60%;60%;60%;60%;80%;80%;80%;80%,-170 -130; 170 -130; -170 130; 170 130; -170 -130; 170 -130; -170 130; 170 130,ITI;withStim,"","","","","12",search,Red,unique,-170 -130;170 -130;-170 130;170 130;-170 -130;170 -130;-170 130;170 130,699,42,"16.64",403258,left,2597,"0",""
"126","1","1",test,"",r_cd5,N12,N6,targetR,right,left,right,left,left,.jpg,"700",correct: Correct!; incorrect: Incorrect!,center,"300","5000",left right,"",60%;60%;60%;60%;80%;80%;80%;80%,-170 -130; 170 -130; -170 130; 170 130; -170 -130; 170 -130; -170 130; 170 130,ITI;withStim,"","","","","52",search,Red,unique,-170 -130;170 -130;-170 130;170 130;-170 -130;170 -130;-170 130;170 130,699,42,"16.57",404776,right,514,"0",""
"91","1","1",test,"",N10,N25,targetR,round7,left,right,right,left,right,.jpg,"700",correct: Correct!; incorrect: Incorrect!,center,"300","5000",left right,"",60%;60%;60%;60%;80%;80%;80%;80%,-170 -130; 170 -130; -170 130; 170 130; -170 -130; 170 -130; -170 130; 170 130,ITI;withStim,"","","","","17",search,Red,common,-170 -130;170 -130;-170 130;170 130;-170 -130;170 -130;-170 130;170 130,700,42,"16.62",406377,left,600,"0",""
"228","1","2",test,"",targetB,N14,N6,b_cd7,left,right,right,left,left,.jpg,"700",correct: Correct!; incorrect: Incorrect!,center,"300","5000",left right,"",60%;60%;60%;60%;80%;80%;80%;80%,-170 -130; 170 -130; -170 130; 170 130; -170 -130; 170 -130; -170 130; 170 130,ITI;withStim,"","","","","63",search,Blue,unique,-170 -130;170 -130;-170 130;170 130;-170 -130;170 -130;-170 130;170 130,702,42,"16.69",409867,left,509,"1",""
"204","1","2",test,"",N19,g_cd5,N13,targetG,left,left,right,right,right,.jpg,"700",correct: Correct!; incorrect: Incorrect!,center,"300","5000",left right,"",60%;60%;60%;60%;80%;80%;80%;80%,-170 -130; 170 -130; -170 130; 170 130; -170 -130; 170 -130; -170 130; 170 130,ITI;withStim,"","","","","39",search,Green,unique,-170 -130;170 -130;-170 130;170 130;-170 -130;170 -130;-170 130;170 130,700,42,"16.67",411417,right,545,"1",""
"230","1","2",test,"",N15,targetG,N5,N25,left,right,right,left,right,.jpg,"700",correct: Correct!; incorrect: Incorrect!,center,"300","5000",left right,"",60%;60%;60%;60%;80%;80%;80%;80%,-170 -130; 170 -130; -170 130; 170 130; -170 -130; 170 -130; -170 130; 170 130,ITI;withStim,"","","","","65",search,Green,neutral,-170 -130;170 -130;-170 130;170 130;-170 -130;170 -130;-170 130;170 130,700,42,"16.64",413113,right,693,"1",""
"173","1","2",test,"",N4,N14,targetG,N24,right,left,right,left,right,.jpg,"700",correct: Correct!; incorrect: Incorrect!,center,"300","5000",left right,"",60%;60%;60%;60%;80%;80%;80%;80%,-170 -130; 170 -130; -170 130; 170 130; -170 -130; 170 -130; -170 130; 170 130,ITI;withStim,"","","","","8",search,Green,neutral,-170 -130;170 -130;-170 130;170 130;-170 -130;170 -130;-170 130;170 130,699,42,"16.62",415128,left,1006,"0",""
"180","1","2",test,"",targetR,N4,N24,N14,left,left,right,right,left,.jpg,"700",correct: Correct!; incorrect: Incorrect!,center,"300","5000",left right,"",60%;60%;60%;60%;80%;80%;80%;80%,-170 -130; 170 -130; -170 130; 170 130; -170 -130; 170 -130; -170 130; 170 130,ITI;withStim,"","","","","15",search,Red,neutral,-170 -130;170 -130;-170 130;170 130;-170 -130;170 -130;-170 130;170 130,698,42,"16.67",416863,left,728,"1",""
"215","1","2",test,"",N18,b_cd3,N15,targetB,right,right,left,left,left,.jpg,"700",correct: Correct!; incorrect: Incorrect!,center,"300","5000",left right,"",60%;60%;60%;60%;80%;80%;80%;80%,-170 -130; 170 -130; -170 130; 170 130; -170 -130; 170 -130; -170 130; 170 130,ITI;withStim,"","","","","50",search,Blue,unique,-170 -130;170 -130;-170 130;170 130;-170 -130;170 -130;-170 130;170 130,700,42,"16.67",418762,right,895,"0",""
"233","1","2",test,"",g_cd3,N7,targetG,N8,left,right,right,left,right,.jpg,"700",correct: Correct!; incorrect: Incorrect!,center,"300","5000",left right,"",60%;60%;60%;60%;80%;80%;80%;80%,-170 -130; 170 -130; -170 130; 170 130; -170 -130; 170 -130; -170 130; 170 130,ITI;withStim,"","","","","68",search,Green,unique,-170 -130;170 -130;-170 130;170 130;-170 -130;170 -130;-170 130;170 130,700,42,"16.67",420451,right,685,"1",""
"190","1","2",test,"",targetG,N17,g_cd9,N12,right,left,right,left,right,.jpg,"700",correct: Correct!; incorrect: Incorrect!,center,"300","5000",left right,"",60%;60%;60%;60%;80%;80%;80%;80%,-170 -130; 170 -130; -170 130; 170 130; -170 -130; 170 -130; -170 130; 170 130,ITI;withStim,"","","","","25",search,Green,unique,-170 -130;170 -130;-170 130;170 130;-170 -130;170 -130;-170 130;170 130,700,42,"16.71",422071,right,623,"1",""
"248","1","2",test,"",N5,r_cd8,targetR,N2,left,right,right,left,right,.jpg,"700",correct: Correct!; incorrect: Incorrect!,center,"300","5000",left right,"",60%;60%;60%;60%;80%;80%;80%;80%,-170 -130; 170 -130; -170 130; 170 130; -170 -130; 170 -130; -170 130; 170 130,ITI;withStim,"","","","","83",search,Red,unique,-170 -130;170 -130;-170 130;170 130;-170 -130;170 -130;-170 130;170 130,699,42,"16.67",424096,left,1016,"0",""
"227","1","2",test,"",N18,targetR,N28,N8,right,left,left,right,left,.jpg,"700",correct: Correct!; incorrect: Incorrect!,center,"300","5000",left right,"",60%;60%;60%;60%;80%;80%;80%;80%,-170 -130; 170 -130; -170 130; 170 130; -170 -130; 170 -130; -170 130; 170 130,ITI;withStim,"","","","","62",search,Red,neutral,-170 -130;170 -130;-170 130;170 130;-170 -130;170 -130;-170 130;170 130,699,42,"16.64",425756,right,661,"0",""
"191","1","2",test,"",N7,targetB,cylinder1,N12,right,left,right,left,left,.jpg,"700",correct: Correct!; incorrect: Incorrect!,center,"300","5000",left right,"",60%;60%;60%;60%;80%;80%;80%;80%,-170 -130; 170 -130; -170 130; 170 130; -170 -130; 170 -130; -170 130; 170 130,ITI;withStim,"","","","","26",search,Blue,common,-170 -130;170 -130;-170 130;170 130;-170 -130;170 -130;-170 130;170 130,700,42,"16.64",427451,right,690,"0",""
"225","1","2",test,"",targetG,N3,N9,square5,left,left,right,right,left,.jpg,"700",correct: Correct!; incorrect: Incorrect!,center,"300","5000",left right,"",60%;60%;60%;60%;80%;80%;80%;80%,-170 -130; 170 -130; -170 130; 170 130; -170 -130; 170 -130; -170 130; 170 130,ITI;withStim,"","","","","60",search,Green,common,-170 -130;170 -130;-170 130;170 130;-170 -130;170 -130;-170 130;170 130,697,42,"16.67",428898,left,454,"1",""
"201","1","2",test,"",N28,targetG,g_cd8,N13,right,right,left,left,right,.jpg,"700",correct: Correct!; incorrect: Incorrect!,center,"300","5000",left right,"",60%;60%;60%;60%;80%;80%;80%;80%,-170 -130; 170 -130; -170 130; 170 130; -170 -130; 170 -130; -170 130; 170 130,ITI;withStim,"","","","","36",search,Green,unique,-170 -130;170 -130;-170 130;170 130;-170 -130;170 -130;-170 130;170 130,699,0,0,430342,right,450,"1",""
"185","1","2",test,"",targetG,N14,g_cd4,N4,left,right,left,right,left,.jpg,"700",correct: Correct!; incorrect: Incorrect!,center,"300","5000",left right,"",60%;60%;60%;60%;80%;80%;80%;80%,-170 -130; 170 -130; -170 130; 170 130; -170 -130; 170 -130; -170 130; 170 130,ITI;withStim,"","","","","20",search,Green,unique,-170 -130;170 -130;-170 130;170 130;-170 -130;170 -130;-170 130;170 130,699,42,"16.71",432102,right,761,"0",""
"168","1","2",test,"",N17,targetG,round6,N7,left,right,left,right,right,.jpg,"700",correct: Correct!; incorrect: Incorrect!,center,"300","5000",left right,"",60%;60%;60%;60%;80%;80%;80%;80%,-170 -130; 170 -130; -170 130; 170 130; -170 -130; 170 -130; -170 130; 170 130,ITI;withStim,"","","","","3",search,Green,common,-170 -130;170 -130;-170 130;170 130;-170 -130;170 -130;-170 130;170 130,700,42,"16.67",433561,right,454,"1",""
"250","1","2",test,"",N12,N14,targetG,round4,right,left,right,left,right,.jpg,"700",correct: Correct!; incorrect: Incorrect!,center,"300","5000",left right,"",60%;60%;60%;60%;80%;80%;80%;80%,-170 -130; 170 -130; -170 130; 170 130; -170 -130; 170 -130; -170 130; 170 130,ITI;withStim,"","","","","85",search,Green,common,-170 -130;170 -130;-170 130;170 130;-170 -130;170 -130;-170 130;170 130,699,42,"16.67",434985,right,430,"1",""
"197","1","2",test,"",N26,N6,N16,targetB,right,left,left,right,right,.jpg,"700",correct: Correct!; incorrect: Incorrect!,center,"300","5000",left right,"",60%;60%;60%;60%;80%;80%;80%;80%,-170 -130; 170 -130; -170 130; 170 130; -170 -130; 170 -130; -170 130; 170 130,ITI;withStim,"","","","","32",search,Blue,neutral,-170 -130;170 -130;-170 130;170 130;-170 -130;170 -130;-170 130;170 130,699,42,"16.64",436686,left,698,"0",""
"251","1","2",test,"",targetR,r_cd1,N20,N21,right,right,left,left,right,.jpg,"700",correct: Correct!; incorrect: Incorrect!,center,"300","5000",left right,"",60%;60%;60%;60%;80%;80%;80%;80%,-170 -130; 170 -130; -170 130; 170 130; -170 -130; 170 -130; -170 130; 170 130,ITI;withStim,"","","","","86",search,Red,unique,-170 -130;170 -130;-170 130;170 130;-170 -130;170 -130;-170 130;170 130,699,42,"16.62",438148,left,461,"0",""
"241","1","2",test,"",N27,targetR,N17,N7,right,left,right,left,left,.jpg,"700",correct: Correct!; incorrect: Incorrect!,center,"300","5000",left right,"",60%;60%;60%;60%;80%;80%;80%;80%,-170 -130; 170 -130; -170 130; 170 130; -170 -130; 170 -130; -170 130; 170 130,ITI;withStim,"","","","","76",search,Red,neutral,-170 -130;170 -130;-170 130;170 130;-170 -130;170 -130;-170 130;170 130,700,42,"16.67",439662,right,509,"0",""
"196","1","2",test,"",N1,targetR,N21,N11,left,right,right,left,right,.jpg,"700",correct: Correct!; incorrect: Incorrect!,center,"300","5000",left right,"",60%;60%;60%;60%;80%;80%;80%;80%,-170 -130; 170 -130; -170 130; 170 130; -170 -130; 170 -130; -170 130; 170 130,ITI;withStim,"","","","","31",search,Red,neutral,-170 -130;170 -130;-170 130;170 130;-170 -130;170 -130;-170 130;170 130,697,42,"16.67",441061,left,392,"0",""
"234","1","2",test,"",targetR,N26,N29,round8,left,right,left,right,left,.jpg,"700",correct: Correct!; incorrect: Incorrect!,center,"300","5000",left right,"",60%;60%;60%;60%;80%;80%;80%;80%,-170 -130; 170 -130; -170 130; 170 130; -170 -130; 170 -130; -170 130; 170 130,ITI;withStim,"","","","","69",search,Red,common,-170 -130;170 -130;-170 130;170 130;-170 -130;170 -130;-170 130;170 130,700,42,"16.67",442812,left,742,"1",""
"184","1","2",test,"",targetB,N12,N2,N22,left,left,right,right,left,.jpg,"700",correct: Correct!; incorrect: Incorrect!,center,"300","5000",left right,"",60%;60%;60%;60%;80%;80%;80%;80%,-170 -130; 170 -130; -170 130; 170 130; -170 -130; 170 -130; -170 130; 170 130,ITI;withStim,"","","","","19",search,Blue,neutral,-170 -130;170 -130;-170 130;170 130;-170 -130;170 -130;-170 130;170 130,698,42,"16.64",444500,left,683,"1",""
"183","1","2",test,"",square1,N2,targetB,N6,right,right,left,left,left,.jpg,"700",correct: Correct!; incorrect: Incorrect!,center,"300","5000",left right,"",60%;60%;60%;60%;80%;80%;80%;80%,-170 -130; 170 -130; -170 130; 170 130; -170 -130; 170 -130; -170 130; 170 130,ITI;withStim,"","","","","18",search,Blue,common,-170 -130;170 -130;-170 130;170 130;-170 -130;170 -130;-170 130;170 130,699,42,"16.64",446485,left,986,"1",""
"181","1","2",test,"",N11,N2,targetB,cylinder3,left,right,left,right,left,.jpg,"700",correct: Correct!; incorrect: Incorrect!,center,"300","5000",left right,"",60%;60%;60%;60%;80%;80%;80%;80%,-170 -130; 170 -130; -170 130; 170 130; -170 -130; 170 -130; -170 130; 170 130,ITI;withStim,"","","","","16",search,Blue,common,-170 -130;170 -130;-170 130;170 130;-170 -130;170 -130;-170 130;170 130,699,42,"16.67",447872,left,392,"1",""
"237","1","2",test,"",N22,targetR,N2,N12,left,right,left,right,right,.jpg,"700",correct: Correct!; incorrect: Incorrect!,center,"300","5000",left right,"",60%;60%;60%;60%;80%;80%;80%;80%,-170 -130; 170 -130; -170 130; 170 130; -170 -130; 170 -130; -170 130; 170 130,ITI;withStim,"","","","","72",search,Red,neutral,-170 -130;170 -130;-170 130;170 130;-170 -130;170 -130;-170 130;170 130,698,42,"16.60",449378,right,498,"1",""
"202","1","2",test,"",b_cd1,targetB,N7,N15,right,left,right,left,left,.jpg,"700",correct: Correct!; incorrect: Incorrect!,center,"300","5000",left right,"",60%;60%;60%;60%;80%;80%;80%;80%,-170 -130; 170 -130; -170 130; 170 130; -170 -130; 170 -130; -170 130; 170 130,ITI;withStim,"","","","","37",search,Blue,unique,-170 -130;170 -130;-170 130;170 130;-170 -130;170 -130;-170 130;170 130,700,42,"16.64",451046,left,665,"1",""
"198","1","2",test,"",N6,targetB,N13,round1,left,left,right,right,left,.jpg,"700",correct: Correct!; incorrect: Incorrect!,center,"300","5000",left right,"",60%;60%;60%;60%;80%;80%;80%;80%,-170 -130; 170 -130; -170 130; 170 130; -170 -130; 170 -130; -170 130; 170 130,ITI;withStim,"","","","","33",search,Blue,common,-170 -130;170 -130;-170 130;170 130;-170 -130;170 -130;-170 130;170 130,699,42,"16.64",452493,left,447,"1",""
"217","1","2",test,"",r_cd5,N12,N6,targetR,right,left,right,left,left,.jpg,"700",correct: Correct!; incorrect: Incorrect!,center,"300","5000",left right,"",60%;60%;60%;60%;80%;80%;80%;80%,-170 -130; 170 -130; -170 130; 170 130; -170 -130; 170 -130; -170 130; 170 130,ITI;withStim,"","","","","52",search,Red,unique,-170 -130;170 -130;-170 130;170 130;-170 -130;170 -130;-170 130;170 130,698,42,"16.67",454358,right,865,"0",""
"192","1","2",test,"",targetB,N19,N29,N9,right,left,left,right,right,.jpg,"700",correct: Correct!; incorrect: Incorrect!,center,"300","5000",left right,"",60%;60%;60%;60%;80%;80%;80%;80%,-170 -130; 170 -130; -170 130; 170 130; -170 -130; 170 -130; -170 130; 170 130,ITI;withStim,"","","","","27",search,Blue,neutral,-170 -130;170 -130;-170 130;170 130;-170 -130;170 -130;-170 130;170 130,699,42,"16.64",455910,left,551,"0",""
"247","1","2",test,"",N16,N26,N6,targetR,right,right,left,left,left,.jpg,"700",correct: Correct!; incorrect: Incorrect!,center,"300","5000",left right,"",60%;60%;60%;60%;80%;80%;80%;80%,-170 -130; 170 -130; -170 130; 170 130; -170 -130; 170 -130; -170 130; 170 130,ITI;withStim,"","","","","82",search,Red,neutral,-170 -130;170 -130;-170 130;170 130;-170 -130;170 -130;-170 130;170 130,703,42,"16.64",458277,left,1367,"1",""
"208","1","2",test,"",N6,N20,g_cd1,targetG,left,right,right,left,left,.jpg,"700",correct: Correct!; incorrect: Incorrect!,center,"300","5000",left right,"",60%;60%;60%;60%;80%;80%;80%;80%,-170 -130; 170 -130; -170 130; 170 130; -170 -130; 170 -130; -170 130; 170 130,ITI;withStim,"","","","","43",search,Green,unique,-170 -130;170 -130;-170 130;170 130;-170 -130;170 -130;-170 130;170 130,702,42,"16.64",460043,left,768,"1",""
"219","1","2",test,"",irr2,N15,targetG,N20,right,left,left,right,left,.jpg,"700",correct: Correct!; incorrect: Incorrect!,center,"300","5000",left right,"",60%;60%;60%;60%;80%;80%;80%;80%,-170 -130; 170 -130; -170 130; 170 130; -170 -130; 170 -130; -170 130; 170 130,ITI;withStim,"","","","","54",search,Green,common,-170 -130;170 -130;-170 130;170 130;-170 -130;170 -130;-170 130;170 130,701,42,"16.67",461747,right,706,"0",""
"246","1","2",test,"",N2,N3,targetB,square2,right,left,right,left,right,.jpg,"700",correct: Correct!; incorrect: Incorrect!,center,"300","5000",left right,"",60%;60%;60%;60%;80%;80%;80%;80%,-170 -130; 170 -130; -170 130; 170 130; -170 -130; 170 -130; -170 130; 170 130,ITI;withStim,"","","","","81",search,Blue,common,-170 -130;170 -130;-170 130;170 130;-170 -130;170 -130;-170 130;170 130,698,42,"16.60",463351,left,597,"0",""
"182","1","2",test,"",N10,N25,targetR,round7,left,right,right,left,right,.jpg,"700",correct: Correct!; incorrect: Incorrect!,center,"300","5000",left right,"",60%;60%;60%;60%;80%;80%;80%;80%,-170 -130; 170 -130; -170 130; 170 130; -170 -130; 170 -130; -170 130; 170 130,ITI;withStim,"","","","","17",search,Red,common,-170 -130;170 -130;-170 130;170 130;-170 -130;170 -130;-170 130;170 130,698,42,"16.67",464870,left,517,"0",""
"186","1","2",test,"",targetB,N17,N27,N7,right,right,left,left,right,.jpg,"700",correct: Correct!; incorrect: Incorrect!,center,"300","5000",left right,"",60%;60%;60%;60%;80%;80%;80%;80%,-170 -130; 170 -130; -170 130; 170 130; -170 -130; 170 -130; -170 130; 170 130,ITI;withStim,"","","","","21",search,Blue,neutral,-170 -130;170 -130;-170 130;170 130;-170 -130;170 -130;-170 130;170 130,699,42,"16.62",466243,right,375,"1",""
"172","1","2",test,"",cylinder7,N22,N4,targetR,right,left,left,right,right,.jpg,"700",correct: Correct!; incorrect: Incorrect!,center,"300","5000",left right,"",60%;60%;60%;60%;80%;80%;80%;80%,-170 -130; 170 -130; -170 130; 170 130; -170 -130; 170 -130; -170 130; 170 130,ITI;withStim,"","","","","7",search,Red,common,-170 -130;170 -130;-170 130;170 130;-170 -130;170 -130;-170 130;170 130,698,42,"16.64",467940,left,689,"0",""
"176","1","2",test,"",targetB,N10,N20,N30,right,left,right,left,right,.jpg,"700",correct: Correct!; incorrect: Incorrect!,center,"300","5000",left right,"",60%;60%;60%;60%;80%;80%;80%;80%,-170 -130; 170 -130; -170 130; 170 130; -170 -130; 170 -130; -170 130; 170 130,ITI;withStim,"","","","","11",search,Blue,neutral,-170 -130;170 -130;-170 130;170 130;-170 -130;170 -130;-170 130;170 130,700,42,"16.64",469359,right,409,"1",""
"213","1","2",test,"",N21,N1,N11,targetB,left,left,right,right,right,.jpg,"700",correct: Correct!; incorrect: Incorrect!,center,"300","5000",left right,"",60%;60%;60%;60%;80%;80%;80%;80%,-170 -130; 170 -130; -170 130; 170 130; -170 -130; 170 -130; -170 130; 170 130,ITI;withStim,"","","","","48",search,Blue,neutral,-170 -130;170 -130;-170 130;170 130;-170 -130;170 -130;-170 130;170 130,697,42,"16.62",470780,right,415,"1",""
"179","1","2",test,"",r_cd3,targetR,N16,N11,right,left,right,left,left,.jpg,"700",correct: Correct!; incorrect: Incorrect!,center,"300","5000",left right,"",60%;60%;60%;60%;80%;80%;80%;80%,-170 -130; 170 -130; -170 130; 170 130; -170 -130; 170 -130; -170 130; 170 130,ITI;withStim,"","","","","14",search,Red,unique,-170 -130;170 -130;-170 130;170 130;-170 -130;170 -130;-170 130;170 130,699,42,"16.67",473400,left,1617,"1",""
"238","1","2",test,"",targetR,N9,r_cd6,N3,right,left,left,right,right,.jpg,"700",correct: Correct!; incorrect: Incorrect!,center,"300","5000",left right,"",60%;60%;60%;60%;80%;80%;80%;80%,-170 -130; 170 -130; -170 130; 170 130; -170 -130; 170 -130; -170 130; 170 130,ITI;withStim,"","","","","73",search,Red,unique,-170 -130;170 -130;-170 130;170 130;-170 -130;170 -130;-170 130;170 130,700,42,"16.64",474962,left,566,"0",""
"254","1","2",test,"",N23,N3,N13,targetR,left,left,right,right,right,.jpg,"700",correct: Correct!; incorrect: Incorrect!,center,"300","5000",left right,"",60%;60%;60%;60%;80%;80%;80%;80%,-170 -130; 170 -130; -170 130; 170 130; -170 -130; 170 -130; -170 130; 170 130,ITI;withStim,"","","","","89",search,Red,neutral,-170 -130;170 -130;-170 130;170 130;-170 -130;170 -130;-170 130;170 130,698,42,"16.62",476313,right,351,"1",""
"239","1","2",test,"",N3,N23,N13,targetB,left,right,right,left,left,.jpg,"700",correct: Correct!; incorrect: Incorrect!,center,"300","5000",left right,"",60%;60%;60%;60%;80%;80%;80%;80%,-170 -130; 170 -130; -170 130; 170 130; -170 -130; 170 -130; -170 130; 170 130,ITI;withStim,"","","","","74",search,Blue,neutral,-170 -130;170 -130;-170 130;170 130;-170 -130;170 -130;-170 130;170 130,700,42,"16.64",477760,right,447,"0",""
"174","1","2",test,"",N26,r_cd7,targetR,N15,left,right,left,right,left,.jpg,"700",correct: Correct!; incorrect: Incorrect!,center,"300","5000",left right,"",60%;60%;60%;60%;80%;80%;80%;80%,-170 -130; 170 -130; -170 130; 170 130; -170 -130; 170 -130; -170 130; 170 130,ITI;withStim,"","","","","9",search,Red,unique,-170 -130;170 -130;-170 130;170 130;-170 -130;170 -130;-170 130;170 130,700,42,"16.74",479193,left,433,"1",""
"194","1","2",test,"",targetB,b_cd9,N11,N9,left,right,right,left,left,.jpg,"700",correct: Correct!; incorrect: Incorrect!,center,"300","5000",left right,"",60%;60%;60%;60%;80%;80%;80%;80%,-170 -130; 170 -130; -170 130; 170 130; -170 -130; 170 -130; -170 130; 170 130,ITI;withStim,"","","","","29",search,Blue,unique,-170 -130;170 -130;-170 130;170 130;-170 -130;170 -130;-170 130;170 130,699,42,"16.71",480713,left,521,"1",""
"210","1","2",test,"",N11,targetB,round3,N9,right,right,left,left,right,.jpg,"700",correct: Correct!; incorrect: Incorrect!,center,"300","5000",left right,"",60%;60%;60%;60%;80%;80%;80%;80%,-170 -130; 170 -130; -170 130; 170 130; -170 -130; 170 -130; -170 130; 170 130,ITI;withStim,"","","","","45",search,Blue,common,-170 -130;170 -130;-170 130;170 130;-170 -130;170 -130;-170 130;170 130,698,42,"16.69",482582,right,874,"1",""
"223","1","2",test,"",N3,N16,r_cd2,targetR,right,right,left,left,left,.jpg,"700",correct: Correct!; incorrect: Incorrect!,center,"300","5000",left right,"",60%;60%;60%;60%;80%;80%;80%;80%,-170 -130; 170 -130; -170 130; 170 130; -170 -130; 170 -130; -170 130; 170 130,ITI;withStim,"","","","","58",search,Red,unique,-170 -130;170 -130;-170 130;170 130;-170 -130;170 -130;-170 130;170 130,697,42,"16.62",487372,left,3782,"1",""
"214","1","2",test,"",targetG,N17,N27,N7,left,right,right,left,left,.jpg,"700",correct: Correct!; incorrect: Incorrect!,center,"300","5000",left right,"",60%;60%;60%;60%;80%;80%;80%;80%,-170 -130; 170 -130; -170 130; 170 130; -170 -130; 170 -130; -170 130; 170 130,ITI;withStim,"","","","","49",search,Green,neutral,-170 -130;170 -130;-170 130;170 130;-170 -130;170 -130;-170 130;170 130,699,42,"16.62",488914,left,544,"1",""
"240","1","2",test,"",N4,r_cd10,N12,targetR,left,left,right,right,right,.jpg,"700",correct: Correct!; incorrect: Incorrect!,center,"300","5000",left right,"",60%;60%;60%;60%;80%;80%;80%;80%,-170 -130; 170 -130; -170 130; 170 130; -170 -130; 170 -130; -170 130; 170 130,ITI;withStim,"","","","","75",search,Red,unique,-170 -130;170 -130;-170 130;170 130;-170 -130;170 -130;-170 130;170 130,700,42,"16.64",490840,right,921,"1",""
"169","1","2",test,"",targetB,N10,N12,b_cd5,right,left,left,right,right,.jpg,"700",correct: Correct!; incorrect: Incorrect!,center,"300","5000",left right,"",60%;60%;60%;60%;80%;80%;80%;80%,-170 -130; 170 -130; -170 130; 170 130; -170 -130; 170 -130; -170 130; 170 130,ITI;withStim,"","","","","4",search,Blue,unique,-170 -130;170 -130;-170 130;170 130;-170 -130;170 -130;-170 130;170 130,699,42,"16.62",492416,left,582,"0",""
"193","1","2",test,"",N10,N30,targetR,N20,right,left,left,right,left,.jpg,"700",correct: Correct!; incorrect: Incorrect!,center,"300","5000",left right,"",60%;60%;60%;60%;80%;80%;80%;80%,-170 -130; 170 -130; -170 130; 170 130; -170 -130; 170 -130; -170 130; 170 130,ITI;withStim,"","","","","28",search,Red,neutral,-170 -130;170 -130;-170 130;170 130;-170 -130;170 -130;-170 130;170 130,702,42,"16.67",493924,right,505,"0",""
"243","1","2",test,"",N15,targetG,N4,round5,right,left,left,right,left,.jpg,"700",correct: Correct!; incorrect: Incorrect!,center,"300","5000",left right,"",60%;60%;60%;60%;80%;80%;80%;80%,-170 -130; 170 -130; -170 130; 170 130; -170 -130; 170 -130; -170 130; 170 130,ITI;withStim,"","","","","78",search,Green,common,-170 -130;170 -130;-170 130;170 130;-170 -130;170 -130;-170 130;170 130,699,42,"16.60",495406,right,471,"0",""
"205","1","2",test,"",N16,N26,targetG,N6,left,right,left,right,left,.jpg,"700",correct: Correct!; incorrect: Incorrect!,center,"300","5000",left right,"",60%;60%;60%;60%;80%;80%;80%;80%,-170 -130; 170 -130; -170 130; 170 130; -170 -130; 170 -130; -170 130; 170 130,ITI;withStim,"","","","","40",search,Green,neutral,-170 -130;170 -130;-170 130;170 130;-170 -130;170 -130;-170 130;170 130,700,42,"16.64",496772,left,372,"1",""
"253","1","2",test,"",N26,cylinder2,targetB,N9,right,left,left,right,left,.jpg,"700",correct: Correct!; incorrect: Incorrect!,center,"300","5000",left right,"",60%;60%;60%;60%;80%;80%;80%;80%,-170 -130; 170 -130; -170 130; 170 130; -170 -130; 170 -130; -170 130; 170 130,ITI;withStim,"","","","","88",search,Blue,common,-170 -130;170 -130;-170 130;170 130;-170 -130;170 -130;-170 130;170 130,699,42,"16.67",498244,left,463,"1",""
"207","1","2",test,"",N3,N13,N23,targetG,right,left,left,right,right,.jpg,"700",correct: Correct!; incorrect: Incorrect!,center,"300","5000",left right,"",60%;60%;60%;60%;80%;80%;80%;80%,-170 -130; 170 -130; -170 130; 170 130; -170 -130; 170 -130; -170 130; 170 130,ITI;withStim,"","","","","42",search,Green,neutral,-170 -130;170 -130;-170 130;170 130;-170 -130;170 -130;-170 130;170 130,699,42,"16.62",499910,right,663,"1",""
"178","1","2",test,"",targetG,N10,N20,N30,left,left,right,right,left,.jpg,"700",correct: Correct!; incorrect: Incorrect!,center,"300","5000",left right,"",60%;60%;60%;60%;80%;80%;80%;80%,-170 -130; 170 -130; -170 130; 170 130; -170 -130; 170 -130; -170 130; 170 130,ITI;withStim,"","","","","13",search,Green,neutral,-170 -130;170 -130;-170 130;170 130;-170 -130;170 -130;-170 130;170 130,702,42,"16.67",501390,left,476,"1",""
"226","1","2",test,"",targetG,N5,g_cd10,N10,right,left,left,right,right,.jpg,"700",correct: Correct!; incorrect: Incorrect!,center,"300","5000",left right,"",60%;60%;60%;60%;80%;80%;80%;80%,-170 -130; 170 -130; -170 130; 170 130; -170 -130; 170 -130; -170 130; 170 130,ITI;withStim,"","","","","61",search,Green,unique,-170 -130;170 -130;-170 130;170 130;-170 -130;170 -130;-170 130;170 130,696,42,"16.67",502776,left,382,"0",""
"199","1","2",test,"",N8,targetG,N18,N28,left,right,left,right,right,.jpg,"700",correct: Correct!; incorrect: Incorrect!,center,"300","5000",left right,"",60%;60%;60%;60%;80%;80%;80%;80%,-170 -130; 170 -130; -170 130; 170 130; -170 -130; 170 -130; -170 130; 170 130,ITI;withStim,"","","","","34",search,Green,neutral,-170 -130;170 -130;-170 130;170 130;-170 -130;170 -130;-170 130;170 130,698,42,"16.64",504092,right,315,"1",""
"220","1","2",test,"",N19,N29,N9,targetR,right,left,right,left,left,.jpg,"700",correct: Correct!; incorrect: Incorrect!,center,"300","5000",left right,"",60%;60%;60%;60%;80%;80%;80%;80%,-170 -130; 170 -130; -170 130; 170 130; -170 -130; 170 -130; -170 130; 170 130,ITI;withStim,"","","","","55",search,Red,neutral,-170 -130;170 -130;-170 130;170 130;-170 -130;170 -130;-170 130;170 130,699,42,"16.62",505500,right,405,"0",""
"231","1","2",test,"",N11,targetB,b_cd6,N6,right,left,right,left,left,.jpg,"700",correct: Correct!; incorrect: Incorrect!,center,"300","5000",left right,"",60%;60%;60%;60%;80%;80%;80%;80%,-170 -130; 170 -130; -170 130; 170 130; -170 -130; 170 -130; -170 130; 170 130,ITI;withStim,"","","","","66",search,Blue,unique,-170 -130;170 -130;-170 130;170 130;-170 -130;170 -130;-170 130;170 130,699,42,"16.60",507085,right,575,"0",""
"166","1","2",test,"",N17,cylinder5,N4,targetG,left,right,left,right,right,.jpg,"700",correct: Correct!; incorrect: Incorrect!,center,"300","5000",left right,"",60%;60%;60%;60%;80%;80%;80%;80%,-170 -130; 170 -130; -170 130; 170 130; -170 -130; 170 -130; -170 130; 170 130,ITI;withStim,"","","","","1",search,Green,common,-170 -130;170 -130;-170 130;170 130;-170 -130;170 -130;-170 130;170 130,699,42,"16.64",508433,left,340,"0",""
"188","1","2",test,"",targetG,N9,N19,N29,left,left,right,right,left,.jpg,"700",correct: Correct!; incorrect: Incorrect!,center,"300","5000",left right,"",60%;60%;60%;60%;80%;80%;80%;80%,-170 -130; 170 -130; -170 130; 170 130; -170 -130; 170 -130; -170 130; 170 130,ITI;withStim,"","","","","23",search,Green,neutral,-170 -130;170 -130;-170 130;170 130;-170 -130;170 -130;-170 130;170 130,702,42,"16.67",509859,left,417,"1",""
"209","1","2",test,"",targetG,N7,N4,square6,left,left,right,right,left,.jpg,"700",correct: Correct!; incorrect: Incorrect!,center,"300","5000",left right,"",60%;60%;60%;60%;80%;80%;80%;80%,-170 -130; 170 -130; -170 130; 170 130; -170 -130; 170 -130; -170 130; 170 130,ITI;withStim,"","","","","44",search,Green,common,-170 -130;170 -130;-170 130;170 130;-170 -130;170 -130;-170 130;170 130,699,42,"16.64",511713,right,858,"0",""
"171","1","2",test,"",N10,N3,targetB,b_cd8,left,right,left,right,left,.jpg,"700",correct: Correct!; incorrect: Incorrect!,center,"300","5000",left right,"",60%;60%;60%;60%;80%;80%;80%;80%,-170 -130; 170 -130; -170 130; 170 130; -170 -130; 170 -130; -170 130; 170 130,ITI;withStim,"","","","","6",search,Blue,unique,-170 -130;170 -130;-170 130;170 130;-170 -130;170 -130;-170 130;170 130,698,42,"16.71",513325,left,604,"1",""
"195","1","2",test,"",targetG,N11,N1,N21,right,right,left,left,right,.jpg,"700",correct: Correct!; incorrect: Incorrect!,center,"300","5000",left right,"",60%;60%;60%;60%;80%;80%;80%;80%,-170 -130; 170 -130; -170 130; 170 130; -170 -130; 170 -130; -170 130; 170 130,ITI;withStim,"","","","","30",search,Green,neutral,-170 -130;170 -130;-170 130;170 130;-170 -130;170 -130;-170 130;170 130,697,42,"16.64",514945,right,625,"1",""
"235","1","2",test,"",N14,targetR,irr3,N6,left,right,left,right,right,.jpg,"700",correct: Correct!; incorrect: Incorrect!,center,"300","5000",left right,"",60%;60%;60%;60%;80%;80%;80%;80%,-170 -130; 170 -130; -170 130; 170 130; -170 -130; 170 -130; -170 130; 170 130,ITI;withStim,"","","","","70",search,Red,common,-170 -130;170 -130;-170 130;170 130;-170 -130;170 -130;-170 130;170 130,700,42,"16.67",516740,left,786,"0",""
"218","1","2",test,"",N6,b_cd10,N7,targetB,left,right,left,right,right,.jpg,"700",correct: Correct!; incorrect: Incorrect!,center,"300","5000",left right,"",60%;60%;60%;60%;80%;80%;80%;80%,-170 -130; 170 -130; -170 130; 170 130; -170 -130; 170 -130; -170 130; 170 130,ITI;withStim,"","","","","53",search,Blue,unique,-170 -130;170 -130;-170 130;170 130;-170 -130;170 -130;-170 130;170 130,700,42,"16.64",518307,right,571,"1",""
"167","1","2",test,"",N12,b_cd2,targetB,N15,right,left,left,right,left,.jpg,"700",correct: Correct!; incorrect: Incorrect!,center,"300","5000",left right,"",60%;60%;60%;60%;80%;80%;80%;80%,-170 -130; 170 -130; -170 130; 170 130; -170 -130; 170 -130; -170 130; 170 130,ITI;withStim,"","","","","2",search,Blue,unique,-170 -130;170 -130;-170 130;170 130;-170 -130;170 -130;-170 130;170 130,699,42,"16.64",519890,left,574,"1",""
"245","1","2",test,"",N8,N28,targetB,N18,right,right,left,left,left,.jpg,"700",correct: Correct!; incorrect: Incorrect!,center,"300","5000",left right,"",60%;60%;60%;60%;80%;80%;80%;80%,-170 -130; 170 -130; -170 130; 170 130; -170 -130; 170 -130; -170 130; 170 130,ITI;withStim,"","","","","80",search,Blue,neutral,-170 -130;170 -130;-170 130;170 130;-170 -130;170 -130;-170 130;170 130,702,42,"16.71",521395,left,494,"1",""
"242","1","2",test,"",square3,N9,targetB,N17,right,left,left,right,left,.jpg,"700",correct: Correct!; incorrect: Incorrect!,center,"300","5000",left right,"",60%;60%;60%;60%;80%;80%;80%;80%,-170 -130; 170 -130; -170 130; 170 130; -170 -130; 170 -130; -170 130; 170 130,ITI;withStim,"","","","","77",search,Blue,common,-170 -130;170 -130;-170 130;170 130;-170 -130;170 -130;-170 130;170 130,702,42,"16.57",522826,left,426,"1",""
"255","1","2",test,"",irr1,N9,targetB,N20,left,right,right,left,right,.jpg,"700",correct: Correct!; incorrect: Incorrect!,center,"300","5000",left right,"",60%;60%;60%;60%;80%;80%;80%;80%,-170 -130; 170 -130; -170 130; 170 130; -170 -130; 170 -130; -170 130; 170 130,ITI;withStim,"","","","","90",search,Blue,common,-170 -130;170 -130;-170 130;170 130;-170 -130;170 -130;-170 130;170 130,700,42,"16.62",524311,left,481,"0",""
"211","1","2",test,"",N11,g_cd7,N18,targetG,right,right,left,left,left,.jpg,"700",correct: Correct!; incorrect: Incorrect!,center,"300","5000",left right,"",60%;60%;60%;60%;80%;80%;80%;80%,-170 -130; 170 -130; -170 130; 170 130; -170 -130; 170 -130; -170 130; 170 130,ITI;withStim,"","","","","46",search,Green,unique,-170 -130;170 -130;-170 130;170 130;-170 -130;170 -130;-170 130;170 130,701,42,"16.64",526303,right,989,"0",""
"200","1","2",test,"",targetG,N5,square4,N15,left,right,right,left,left,.jpg,"700",correct: Correct!; incorrect: Incorrect!,center,"300","5000",left right,"",60%;60%;60%;60%;80%;80%;80%;80%,-170 -130; 170 -130; -170 130; 170 130; -170 -130; 170 -130; -170 130; 170 130,ITI;withStim,"","","","","35",search,Green,common,-170 -130;170 -130;-170 130;170 130;-170 -130;170 -130;-170 130;170 130,702,42,"16.64",527779,left,466,"1",""
"170","1","2",test,"",targetR,N21,cylinder9,N16,left,right,right,left,left,.jpg,"700",correct: Correct!; incorrect: Incorrect!,center,"300","5000",left right,"",60%;60%;60%;60%;80%;80%;80%;80%,-170 -130; 170 -130; -170 130; 170 130; -170 -130; 170 -130; -170 130; 170 130,ITI;withStim,"","","","","5",search,Red,common,-170 -130;170 -130;-170 130;170 130;-170 -130;170 -130;-170 130;170 130,698,42,"16.64",530228,right,1451,"0",""
"252","1","2",test,"",square9,targetR,N10,N15,right,right,left,left,right,.jpg,"700",correct: Correct!; incorrect: Incorrect!,center,"300","5000",left right,"",60%;60%;60%;60%;80%;80%;80%;80%,-170 -130; 170 -130; -170 130; 170 130; -170 -130; 170 -130; -170 130; 170 130,ITI;withStim,"","","","","87",search,Red,common,-170 -130;170 -130;-170 130;170 130;-170 -130;170 -130;-170 130;170 130,700,42,"16.71",532166,left,941,"0",""
"236","1","2",test,"",N5,N15,targetR,N25,right,right,left,left,left,.jpg,"700",correct: Correct!; incorrect: Incorrect!,center,"300","5000",left right,"",60%;60%;60%;60%;80%;80%;80%;80%,-170 -130; 170 -130; -170 130; 170 130; -170 -130; 170 -130; -170 130; 170 130,ITI;withStim,"","","","","71",search,Red,neutral,-170 -130;170 -130;-170 130;170 130;-170 -130;170 -130;-170 130;170 130,700,42,"16.64",533702,right,526,"0",""
"175","1","2",test,"",targetB,N15,N5,N25,right,left,right,left,right,.jpg,"700",correct: Correct!; incorrect: Incorrect!,center,"300","5000",left right,"",60%;60%;60%;60%;80%;80%;80%;80%,-170 -130; 170 -130; -170 130; 170 130; -170 -130; 170 -130; -170 130; 170 130,ITI;withStim,"","","","","10",search,Blue,neutral,-170 -130;170 -130;-170 130;170 130;-170 -130;170 -130;-170 130;170 130,697,42,"16.62",535085,left,379,"0",""
"189","1","2",test,"",N5,N6,targetR,square8,right,right,left,left,left,.jpg,"700",correct: Correct!; incorrect: Incorrect!,center,"300","5000",left right,"",60%;60%;60%;60%;80%;80%;80%;80%,-170 -130; 170 -130; -170 130; 170 130; -170 -130; 170 -130; -170 130; 170 130,ITI;withStim,"","","","","24",search,Red,common,-170 -130;170 -130;-170 130;170 130;-170 -130;170 -130;-170 130;170 130,697,42,"16.60",536562,left,473,"1",""
"177","1","2",test,"",r_cd9,N15,N16,targetR,left,left,right,right,right,.jpg,"700",correct: Correct!; incorrect: Incorrect!,center,"300","5000",left right,"",60%;60%;60%;60%;80%;80%;80%;80%,-170 -130; 170 -130; -170 130; 170 130; -170 -130; 170 -130; -170 130; 170 130,ITI;withStim,"","","","","12",search,Red,unique,-170 -130;170 -130;-170 130;170 130;-170 -130;170 -130;-170 130;170 130,700,42,"16.67",538375,right,804,"1",""
"187","1","2",test,"",N12,targetG,g_cd2,N22,left,right,left,right,right,.jpg,"700",correct: Correct!; incorrect: Incorrect!,center,"300","5000",left right,"",60%;60%;60%;60%;80%;80%;80%;80%,-170 -130; 170 -130; -170 130; 170 130; -170 -130; 170 -130; -170 130; 170 130,ITI;withStim,"","","","","22",search,Green,unique,-170 -130;170 -130;-170 130;170 130;-170 -130;170 -130;-170 130;170 130,699,42,"16.67",540162,right,792,"1",""
"216","1","2",test,"",N18,targetR,square7,N6,right,left,left,right,left,.jpg,"700",correct: Correct!; incorrect: Incorrect!,center,"300","5000",left right,"",60%;60%;60%;60%;80%;80%;80%;80%,-170 -130; 170 -130; -170 130; 170 130; -170 -130; 170 -130; -170 130; 170 130,ITI;withStim,"","","","","51",search,Red,common,-170 -130;170 -130;-170 130;170 130;-170 -130;170 -130;-170 130;170 130,699,42,"16.64",542816,right,1647,"0",""
"244","1","2",test,"",targetR,cylinder8,N2,N15,right,left,right,left,right,.jpg,"700",correct: Correct!; incorrect: Incorrect!,center,"300","5000",left right,"",60%;60%;60%;60%;80%;80%;80%;80%,-170 -130; 170 -130; -170 130; 170 130; -170 -130; 170 -130; -170 130; 170 130,ITI;withStim,"","","","","79",search,Red,common,-170 -130;170 -130;-170 130;170 130;-170 -130;170 -130;-170 130;170 130,699,42,"16.71",544285,left,469,"0",""
"203","1","2",test,"",N4,N24,N14,targetB,left,right,left,right,right,.jpg,"700",correct: Correct!; incorrect: Incorrect!,center,"300","5000",left right,"",60%;60%;60%;60%;80%;80%;80%;80%,-170 -130; 170 -130; -170 130; 170 130; -170 -130; 170 -130; -170 130; 170 130,ITI;withStim,"","","","","38",search,Blue,neutral,-170 -130;170 -130;-170 130;170 130;-170 -130;170 -130;-170 130;170 130,700,42,"16.71",545848,left,565,"0",""
"212","1","2",test,"",targetG,N2,N12,N22,right,right,left,left,right,.jpg,"700",correct: Correct!; incorrect: Incorrect!,center,"300","5000",left right,"",60%;60%;60%;60%;80%;80%;80%;80%,-170 -130; 170 -130; -170 130; 170 130; -170 -130; 170 -130; -170 130; 170 130,ITI;withStim,"","","","","47",search,Green,neutral,-170 -130;170 -130;-170 130;170 130;-170 -130;170 -130;-170 130;170 130,700,42,"16.67",547160,left,312,"0",""
"206","1","2",test,"",cylinder6,targetG,N16,N15,right,left,right,left,left,.jpg,"700",correct: Correct!; incorrect: Incorrect!,center,"300","5000",left right,"",60%;60%;60%;60%;80%;80%;80%;80%,-170 -130; 170 -130; -170 130; 170 130; -170 -130; 170 -130; -170 130; 170 130,ITI;withStim,"","","","","41",search,Green,common,-170 -130;170 -130;-170 130;170 130;-170 -130;170 -130;-170 130;170 130,701,42,"16.69",548420,right,256,"0",""
"249","1","2",test,"",N19,N12,cylinder4,targetG,left,right,right,left,left,.jpg,"700",correct: Correct!; incorrect: Incorrect!,center,"300","5000",left right,"",60%;60%;60%;60%;80%;80%;80%;80%,-170 -130; 170 -130; -170 130; 170 130; -170 -130; 170 -130; -170 130; 170 130,ITI;withStim,"","","","","84",search,Green,common,-170 -130;170 -130;-170 130;170 130;-170 -130;170 -130;-170 130;170 130,700,42,"16.71",549795,left,365,"1",""
"221","1","2",test,"",targetR,r_cd4,N4,N22,right,left,left,right,right,.jpg,"700",correct: Correct!; incorrect: Incorrect!,center,"300","5000",left right,"",60%;60%;60%;60%;80%;80%;80%;80%,-170 -130; 170 -130; -170 130; 170 130; -170 -130; 170 -130; -170 130; 170 130,ITI;withStim,"","","","","56",search,Red,unique,-170 -130;170 -130;-170 130;170 130;-170 -130;170 -130;-170 130;170 130,699,42,"16.62",551673,left,878,"0",""
"232","1","2",test,"",targetB,round2,N20,N10,left,left,right,right,left,.jpg,"700",correct: Correct!; incorrect: Incorrect!,center,"300","5000",left right,"",60%;60%;60%;60%;80%;80%;80%;80%,-170 -130; 170 -130; -170 130; 170 130; -170 -130; 170 -130; -170 130; 170 130,ITI;withStim,"","","","","67",search,Blue,common,-170 -130;170 -130;-170 130;170 130;-170 -130;170 -130;-170 130;170 130,699,42,"16.67",553243,left,565,"1",""
"224","1","2",test,"",round9,N2,N5,targetR,right,left,right,left,left,.jpg,"700",correct: Correct!; incorrect: Incorrect!,center,"300","5000",left right,"",60%;60%;60%;60%;80%;80%;80%;80%,-170 -130; 170 -130; -170 130; 170 130; -170 -130; 170 -130; -170 130; 170 130,ITI;withStim,"","","","","59",search,Red,common,-170 -130;170 -130;-170 130;170 130;-170 -130;170 -130;-170 130;170 130,699,42,"16.67",554562,right,319,"0",""
"229","1","2",test,"",N9,targetG,g_cd6,N8,left,left,right,right,left,.jpg,"700",correct: Correct!; incorrect: Incorrect!,center,"300","5000",left right,"",60%;60%;60%;60%;80%;80%;80%;80%,-170 -130; 170 -130; -170 130; 170 130; -170 -130; 170 -130; -170 130; 170 130,ITI;withStim,"","","","","64",search,Green,unique,-170 -130;170 -130;-170 130;170 130;-170 -130;170 -130;-170 130;170 130,700,42,"16.60",555834,left,275,"1",""
"222","1","2",test,"",targetB,b_cd4,N7,N5,right,right,left,left,right,.jpg,"700",correct: Correct!; incorrect: Incorrect!,center,"300","5000",left right,"",60%;60%;60%;60%;80%;80%;80%;80%,-170 -130; 170 -130; -170 130; 170 130; -170 -130; 170 -130; -170 130; 170 130,ITI;withStim,"","","","","57",search,Blue,unique,-170 -130;170 -130;-170 130;170 130;-170 -130;170 -130;-170 130;170 130,699,42,"16.60",557504,left,662,"0",""
"260","","",form,In what order did you use the color and shape to find the target during the search task?,"","","","","","","","","","","","","","","","",survey,"","","",radio,I only used the color; I only used the shape; I used the color first and then looked at the shape to decide if it is the target; I used the shape first and then looked at the color to decide if it is the target; I used both color and shape at the same time,"1","1","",survey,"","","",0,42,"16.67",582589,I used the color first and then looked at the shape to decide if it is the target,22218,"0","3"
260_2,"","",form,How frequently did you use the color to find the target?,"","","","","","","","","","","","","","","","",survey,"","","",radio,Never; Rarely; Sometimes; Often; Always,"1","1","",survey,"","","",0,42,"16.64",582589,Sometimes,22218,"0","3"
260_3,"","",form,How frequently did you use the shape to find the target?,"","","","","","","","","","","","","","","","",survey,"","","",radio,Never; Rarely; Sometimes; Often; Always,"1","1","",survey,"","","",0,42,"16.64",582589,Rarely,22218,"0","2"
260_4,"","",form,"How focused were you over the course of this experiment?  1 = Not at all, 9 = Very","","","","","","","","","","","","","","","","",survey,"","","",slider,1_9_1; 1,"1","1","",survey,"","","",0,42,"16.64",582589,"8",22218,"0","8"