GMT_timestamp,local_timestamp,trial_file_version,link,duration_s
2023-04-24_18:04:08,2023-04-24_11:04:08,2023-04-18_19:27:36,https://www.testable.org/experiment/11000/400394/start?sona_id=96567,653.753

rowNo,random,randomBlock,type,head,stim1,stim2,stim3,stim4,stim5,stim6,stim7,stim8,key,stimFormat,ITI,feedback,feedbackOptions,feedbackTime,responseWindow,keyboard,title,stimSize,stimPos,fixation,responseType,responseOptions,required,separator,trial_num,tasks,cond_target,cond_level,stimPos_actual,ITI_ms,ITI_f,ITI_fDuration,timestamp,response,RT,correct,responseCode
"11","","",form,UCDavis Email Address,"","","","","","","","","","","","","","","","","","","","",comment,"","1","1","",demo,"","","",0,0,0,185599,blolson@ucdavis.edu,42175,"0",NA
11_2,"","",form,"Participant ID (Your initials and last four digits of student ID, e.g, XY5750)","","","","","","","","","","","","","","","","","","","","",comment,"","1","1","",demo,"","","",0,"","",185599,AO4761,42175,"0",NA
11_3,"","",form,Age,"","","","","","","","","","","","","","","","","","","","",comment,"","1","1","",demo,"","","",0,"","",185599,"21",42175,"0",NA
11_4,"","",form,Date of Birth (MM/DD/YYYY),"","","","","","","","","","","","","","","","","","","","",comment,"","1","1","",demo,"","","",0,"","",185599,03/28/2002,42175,"0",NA
11_5,"","",form,Today's Date (MM/DD/YYYY),"","","","","","","","","","","","","","","","","","","","",comment,"","1","1","",demo,"","","",0,"","",185599,24/4/2023,42175,"0",NA
11_6,"","",form,Gender,"","","","","","","","","","","","","","","","","","","","",dropdown,Male; Female; Non Binary,"1","1","",demo,"","","",0,"","",185599,Male,42175,"0","1"
11_7,"","",form,Handedness,"","","","","","","","","","","","","","","","","","","","",dropdown,Right; Left,"1","1","",demo,"","","",0,"","",185599,Right,42175,"0","1"
11_8,"","",form,Ethnicity,"","","","","","","","","","","","","","","","","","","","",dropdown,Hispanic or Latino; Not hispanic or Latino,"1","1","",demo,"","","",0,"","",185599,Not hispanic or Latino,42175,"0","2"
11_9,"","",form,Race,"","","","","","","","","","","","","","","","","","","","",dropdown,American Inidan/ Alaskan tive; Asian; Other pacific Islander; Black or African American; White; More than One race; Not Listed,"1","1","",demo,"","","",0,"","",185599,White,42175,"0","5"
"48","1","",test,"",targetG,"","","","","","","",y,.jpg,"700",correct: Correct!; incorrect: Incorrect!,center,"300","5000",y i,"",60%,"",ITI,"","","","","30",training,targetG,target,"",700,"","",218458,y,613,"1",""
"35","1","",test,"",r_cd1,"","","","","","","",i,.jpg,"700",correct: Correct!; incorrect: Incorrect!,center,"300","5000",y i,"",60%,"",ITI,"","","","","17",training,neutral,non target,"",700,0,0,219966,i,503,"1",""
"47","1","",test,"",targetG,"","","","","","","",y,.jpg,"700",correct: Correct!; incorrect: Incorrect!,center,"300","5000",y i,"",60%,"",ITI,"","","","","29",training,targetG,target,"",700,0,0,221469,y,507,"1",""
"31","1","",test,"",b_cd1,"","","","","","","",i,.jpg,"700",correct: Correct!; incorrect: Incorrect!,center,"300","5000",y i,"",60%,"",ITI,"","","","","13",training,neutral,non target,"",700,0,0,223047,i,585,"1",""
"46","1","",test,"",targetG,"","","","","","","",y,.jpg,"700",correct: Correct!; incorrect: Incorrect!,center,"300","5000",y i,"",60%,"",ITI,"","","","","28",training,targetG,target,"",700,0,0,224590,y,544,"1",""
"29","1","",test,"",N5,"","","","","","","",i,.jpg,"700",correct: Correct!; incorrect: Incorrect!,center,"300","5000",y i,"",60%,"",ITI,"","","","","11",training,unique,non target,"",701,0,0,226062,i,467,"1",""
"37","1","",test,"",targetB,"","","","","","","",y,.jpg,"700",correct: Correct!; incorrect: Incorrect!,center,"300","5000",y i,"",60%,"",ITI,"","","","","19",training,targetB,target,"",699,0,0,227824,y,762,"1",""
"34","1","",test,"",g_cd4,"","","","","","","",i,.jpg,"700",correct: Correct!; incorrect: Incorrect!,center,"300","5000",y i,"",60%,"",ITI,"","","","","16",training,neutral,non target,"",700,0,0,229328,i,500,"1",""
"36","1","",test,"",r_cd4,"","","","","","","",i,.jpg,"700",correct: Correct!; incorrect: Incorrect!,center,"300","5000",y i,"",60%,"",ITI,"","","","","18",training,neutral,non target,"",700,42,"16.66",230799,i,471,"1",""
"24","1","",test,"",square3,"","","","","","","",i,.jpg,"700",correct: Correct!; incorrect: Incorrect!,center,"300","5000",y i,"",60%,"",ITI,"","","","","6",training,common,non target,"",700,42,"16.66",232258,i,463,"1",""
"51","1","",test,"",targetR,"","","","","","","",y,.jpg,"700",correct: Correct!; incorrect: Incorrect!,center,"300","5000",y i,"",60%,"",ITI,"","","","","33",training,targetR,target,"",700,42,"16.66",233836,y,575,"1",""
"42","1","",test,"",targetB,"","","","","","","",y,.jpg,"700",correct: Correct!; incorrect: Incorrect!,center,"300","5000",y i,"",60%,"",ITI,"","","","","24",training,targetB,target,"",699,42,"16.67",235334,y,506,"1",""
"53","1","",test,"",targetR,"","","","","","","",y,.jpg,"700",correct: Correct!; incorrect: Incorrect!,center,"300","5000",y i,"",60%,"",ITI,"","","","","35",training,targetR,target,"",700,42,"16.66",236867,y,539,"1",""
"38","1","",test,"",targetB,"","","","","","","",y,.jpg,"700",correct: Correct!; incorrect: Incorrect!,center,"300","5000",y i,"",60%,"",ITI,"","","","","20",training,targetB,target,"",700,42,"16.68",238380,y,518,"1",""
"30","1","",test,"",N6,"","","","","","","",i,.jpg,"700",correct: Correct!; incorrect: Incorrect!,center,"300","5000",y i,"",60%,"",ITI,"","","","","12",training,unique,non target,"",700,42,"16.65",240062,i,684,"1",""
"44","1","",test,"",targetG,"","","","","","","",y,.jpg,"700",correct: Correct!; incorrect: Incorrect!,center,"300","5000",y i,"",60%,"",ITI,"","","","","26",training,targetG,target,"",700,42,"16.67",241553,y,492,"1",""
"45","1","",test,"",targetG,"","","","","","","",y,.jpg,"700",correct: Correct!; incorrect: Incorrect!,center,"300","5000",y i,"",60%,"",ITI,"","","","","27",training,targetG,target,"",701,42,"16.66",242955,y,410,"1",""
"21","1","",test,"",round9,"","","","","","","",i,.jpg,"700",correct: Correct!; incorrect: Incorrect!,center,"300","5000",y i,"",60%,"",ITI,"","","","","3",training,common,non target,"",700,42,"16.67",244519,i,558,"1",""
"23","1","",test,"",square1,"","","","","","","",i,.jpg,"700",correct: Correct!; incorrect: Incorrect!,center,"300","5000",y i,"",60%,"",ITI,"","","","","5",training,common,non target,"",699,42,"16.66",245991,i,479,"1",""
"20","1","",test,"",cylinder7,"","","","","","","",i,.jpg,"700",correct: Correct!; incorrect: Incorrect!,center,"300","5000",y i,"",60%,"",ITI,"","","","","2",training,common,non target,"",700,42,"16.65",247484,i,490,"1",""
"50","1","",test,"",targetR,"","","","","","","",y,.jpg,"700",correct: Correct!; incorrect: Incorrect!,center,"300","5000",y i,"",60%,"",ITI,"","","","","32",training,targetR,target,"",700,42,"16.68",248957,y,479,"1",""
"41","1","",test,"",targetB,"","","","","","","",y,.jpg,"700",correct: Correct!; incorrect: Incorrect!,center,"300","5000",y i,"",60%,"",ITI,"","","","","23",training,targetB,target,"",700,42,"16.67",250481,y,519,"1",""
"52","1","",test,"",targetR,"","","","","","","",y,.jpg,"700",correct: Correct!; incorrect: Incorrect!,center,"300","5000",y i,"",60%,"",ITI,"","","","","34",training,targetR,target,"",700,42,"16.67",251903,y,425,"1",""
"33","1","",test,"",g_cd1,"","","","","","","",i,.jpg,"700",correct: Correct!; incorrect: Incorrect!,center,"300","5000",y i,"",60%,"",ITI,"","","","","15",training,neutral,non target,"",700,42,"16.67",253481,i,586,"1",""
"54","1","",test,"",targetR,"","","","","","","",y,.jpg,"700",correct: Correct!; incorrect: Incorrect!,center,"300","5000",y i,"",60%,"",ITI,"","","","","36",training,targetR,target,"",700,42,"16.68",254884,y,405,"1",""
"19","1","",test,"",cylinder6,"","","","","","","",i,.jpg,"700",correct: Correct!; incorrect: Incorrect!,center,"300","5000",y i,"",60%,"",ITI,"","","","","1",training,common,non target,"",700,42,"16.68",256438,i,560,"1",""
"27","1","",test,"",N3,"","","","","","","",i,.jpg,"700",correct: Correct!; incorrect: Incorrect!,center,"300","5000",y i,"",60%,"",ITI,"","","","","9",training,unique,non target,"",700,42,"16.65",257995,i,566,"1",""
"28","1","",test,"",N4,"","","","","","","",i,.jpg,"700",correct: Correct!; incorrect: Incorrect!,center,"300","5000",y i,"",60%,"",ITI,"","","","","10",training,unique,non target,"",700,42,"16.67",259469,i,475,"1",""
"49","1","",test,"",targetR,"","","","","","","",y,.jpg,"700",correct: Correct!; incorrect: Incorrect!,center,"300","5000",y i,"",60%,"",ITI,"","","","","31",training,targetR,target,"",700,42,"16.67",261023,y,562,"1",""
"26","1","",test,"",N2,"","","","","","","",i,.jpg,"700",correct: Correct!; incorrect: Incorrect!,center,"300","5000",y i,"",60%,"",ITI,"","","","","8",training,unique,non target,"",701,42,"16.67",262570,i,542,"1",""
"22","1","",test,"",round2,"","","","","","","",i,.jpg,"700",correct: Correct!; incorrect: Incorrect!,center,"300","5000",y i,"",60%,"",ITI,"","","","","4",training,common,non target,"",700,42,"16.67",264175,i,613,"1",""
"43","1","",test,"",targetG,"","","","","","","",y,.jpg,"700",correct: Correct!; incorrect: Incorrect!,center,"300","5000",y i,"",60%,"",ITI,"","","","","25",training,targetG,target,"",700,42,"16.67",265572,y,394,"1",""
"32","1","",test,"",b_cd4,"","","","","","","",i,.jpg,"700",correct: Correct!; incorrect: Incorrect!,center,"300","5000",y i,"",60%,"",ITI,"","","","","14",training,neutral,non target,"",699,42,"16.68",267155,i,594,"1",""
"25","1","",test,"",N1,"","","","","","","",i,.jpg,"700",correct: Correct!; incorrect: Incorrect!,center,"300","5000",y i,"",60%,"",ITI,"","","","","7",training,unique,non target,"",700,42,"16.67",268604,i,442,"1",""
"40","1","",test,"",targetB,"","","","","","","",y,.jpg,"700",correct: Correct!; incorrect: Incorrect!,center,"300","5000",y i,"",60%,"",ITI,"","","","","22",training,targetB,target,"",700,42,"16.66",270082,y,487,"1",""
"39","1","",test,"",targetB,"","","","","","","",y,.jpg,"700",correct: Correct!; incorrect: Incorrect!,center,"300","5000",y i,"",60%,"",ITI,"","","","","21",training,targetB,target,"",700,42,"16.66",271464,y,387,"1",""
"96","1","1",test,"",N12,targetG,g_cd2,N22,left,right,left,right,right,.jpg,"700",correct: Correct!; incorrect: Incorrect!,center,"300","5000",left right,"",60%;60%;60%;60%;80%;80%;80%;80%,-170 -130; 170 -130; -170 130; 170 130; -170 -130; 170 -130; -170 130; 170 130,ITI;withStim,"","","","","22",search,Green,unique,-170 -130;170 -130;-170 130;170 130;-170 -130;170 -130;-170 130;170 130,699,42,"16.67",335797,right,601,"1",""
"106","1","1",test,"",N26,N6,N16,targetB,right,left,left,right,right,.jpg,"700",correct: Correct!; incorrect: Incorrect!,center,"300","5000",left right,"",60%;60%;60%;60%;80%;80%;80%;80%,-170 -130; 170 -130; -170 130; 170 130; -170 -130; 170 -130; -170 130; 170 130,ITI;withStim,"","","","","32",search,Blue,neutral,-170 -130;170 -130;-170 130;170 130;-170 -130;170 -130;-170 130;170 130,701,42,"16.68",337304,right,509,"1",""
"114","1","1",test,"",N16,N26,targetG,N6,left,right,left,right,left,.jpg,"700",correct: Correct!; incorrect: Incorrect!,center,"300","5000",left right,"",60%;60%;60%;60%;80%;80%;80%;80%,-170 -130; 170 -130; -170 130; 170 130; -170 -130; 170 -130; -170 130; 170 130,ITI;withStim,"","","","","40",search,Green,neutral,-170 -130;170 -130;-170 130;170 130;-170 -130;170 -130;-170 130;170 130,700,42,"16.66",338831,left,536,"1",""
"141","1","1",test,"",targetB,round2,N20,N10,left,left,right,right,left,.jpg,"700",correct: Correct!; incorrect: Incorrect!,center,"300","5000",left right,"",60%;60%;60%;60%;80%;80%;80%;80%,-170 -130; 170 -130; -170 130; 170 130; -170 -130; 170 -130; -170 130; 170 130,ITI;withStim,"","","","","67",search,Blue,common,-170 -130;170 -130;-170 130;170 130;-170 -130;170 -130;-170 130;170 130,700,42,"16.66",340538,left,708,"1",""
"132","1","1",test,"",N3,N16,r_cd2,targetR,right,right,left,left,left,.jpg,"700",correct: Correct!; incorrect: Incorrect!,center,"300","5000",left right,"",60%;60%;60%;60%;80%;80%;80%;80%,-170 -130; 170 -130; -170 130; 170 130; -170 -130; 170 -130; -170 130; 170 130,ITI;withStim,"","","","","58",search,Red,unique,-170 -130;170 -130;-170 130;170 130;-170 -130;170 -130;-170 130;170 130,700,42,"16.65",342059,right,513,"0",""
"147","1","1",test,"",targetR,N9,r_cd6,N3,right,left,left,right,right,.jpg,"700",correct: Correct!; incorrect: Incorrect!,center,"300","5000",left right,"",60%;60%;60%;60%;80%;80%;80%;80%,-170 -130; 170 -130; -170 130; 170 130; -170 -130; 170 -130; -170 130; 170 130,ITI;withStim,"","","","","73",search,Red,unique,-170 -130;170 -130;-170 130;170 130;-170 -130;170 -130;-170 130;170 130,700,42,"16.66",343885,left,823,"0",""
"98","1","1",test,"",N5,N6,targetR,square8,right,right,left,left,left,.jpg,"700",correct: Correct!; incorrect: Incorrect!,center,"300","5000",left right,"",60%;60%;60%;60%;80%;80%;80%;80%,-170 -130; 170 -130; -170 130; 170 130; -170 -130; 170 -130; -170 130; 170 130,ITI;withStim,"","","","","24",search,Red,common,-170 -130;170 -130;-170 130;170 130;-170 -130;170 -130;-170 130;170 130,700,42,"16.66",346643,left,1763,"1",""
"127","1","1",test,"",N6,b_cd10,N7,targetB,left,right,left,right,right,.jpg,"700",correct: Correct!; incorrect: Incorrect!,center,"300","5000",left right,"",60%;60%;60%;60%;80%;80%;80%;80%,-170 -130; 170 -130; -170 130; 170 130; -170 -130; 170 -130; -170 130; 170 130,ITI;withStim,"","","","","53",search,Blue,unique,-170 -130;170 -130;-170 130;170 130;-170 -130;170 -130;-170 130;170 130,700,42,"16.66",348875,right,1229,"1",""
"79","1","1",test,"",targetR,N21,cylinder9,N16,left,right,right,left,left,.jpg,"700",correct: Correct!; incorrect: Incorrect!,center,"300","5000",left right,"",60%;60%;60%;60%;80%;80%;80%;80%,-170 -130; 170 -130; -170 130; 170 130; -170 -130; 170 -130; -170 130; 170 130,ITI;withStim,"","","","","5",search,Red,common,-170 -130;170 -130;-170 130;170 130;-170 -130;170 -130;-170 130;170 130,700,0,0,350912,left,1034,"1",""
"130","1","1",test,"",targetR,r_cd4,N4,N22,right,left,left,right,right,.jpg,"700",correct: Correct!; incorrect: Incorrect!,center,"300","5000",left right,"",60%;60%;60%;60%;80%;80%;80%;80%,-170 -130; 170 -130; -170 130; 170 130; -170 -130; 170 -130; -170 130; 170 130,ITI;withStim,"","","","","56",search,Red,unique,-170 -130;170 -130;-170 130;170 130;-170 -130;170 -130;-170 130;170 130,700,0,0,352723,left,810,"0",""
"75","1","1",test,"",N17,cylinder5,N4,targetG,left,right,left,right,right,.jpg,"700",correct: Correct!; incorrect: Incorrect!,center,"300","5000",left right,"",60%;60%;60%;60%;80%;80%;80%;80%,-170 -130; 170 -130; -170 130; 170 130; -170 -130; 170 -130; -170 130; 170 130,ITI;withStim,"","","","","1",search,Green,common,-170 -130;170 -130;-170 130;170 130;-170 -130;170 -130;-170 130;170 130,701,0,0,354361,right,633,"1",""
"93","1","1",test,"",targetB,N12,N2,N22,left,left,right,right,left,.jpg,"700",correct: Correct!; incorrect: Incorrect!,center,"300","5000",left right,"",60%;60%;60%;60%;80%;80%;80%;80%,-170 -130; 170 -130; -170 130; 170 130; -170 -130; 170 -130; -170 130; 170 130,ITI;withStim,"","","","","19",search,Blue,neutral,-170 -130;170 -130;-170 130;170 130;-170 -130;170 -130;-170 130;170 130,700,0,0,355912,left,550,"1",""
"91","1","1",test,"",N10,N25,targetR,round7,left,right,right,left,right,.jpg,"700",correct: Correct!; incorrect: Incorrect!,center,"300","5000",left right,"",60%;60%;60%;60%;80%;80%;80%;80%,-170 -130; 170 -130; -170 130; 170 130; -170 -130; 170 -130; -170 130; 170 130,ITI;withStim,"","","","","17",search,Red,common,-170 -130;170 -130;-170 130;170 130;-170 -130;170 -130;-170 130;170 130,700,42,"16.65",357552,left,639,"0",""
"105","1","1",test,"",N1,targetR,N21,N11,left,right,right,left,right,.jpg,"700",correct: Correct!; incorrect: Incorrect!,center,"300","5000",left right,"",60%;60%;60%;60%;80%;80%;80%;80%,-170 -130; 170 -130; -170 130; 170 130; -170 -130; 170 -130; -170 130; 170 130,ITI;withStim,"","","","","31",search,Red,neutral,-170 -130;170 -130;-170 130;170 130;-170 -130;170 -130;-170 130;170 130,700,42,"16.68",359130,right,584,"1",""
"136","1","1",test,"",N18,targetR,N28,N8,right,left,left,right,left,.jpg,"700",correct: Correct!; incorrect: Incorrect!,center,"300","5000",left right,"",60%;60%;60%;60%;80%;80%;80%;80%,-170 -130; 170 -130; -170 130; 170 130; -170 -130; 170 -130; -170 130; 170 130,ITI;withStim,"","","","","62",search,Red,neutral,-170 -130;170 -130;-170 130;170 130;-170 -130;170 -130;-170 130;170 130,700,42,"16.66",360616,right,487,"0",""
"152","1","1",test,"",N15,targetG,N4,round5,right,left,left,right,left,.jpg,"700",correct: Correct!; incorrect: Incorrect!,center,"300","5000",left right,"",60%;60%;60%;60%;80%;80%;80%;80%,-170 -130; 170 -130; -170 130; 170 130; -170 -130; 170 -130; -170 130; 170 130,ITI;withStim,"","","","","78",search,Green,common,-170 -130;170 -130;-170 130;170 130;-170 -130;170 -130;-170 130;170 130,700,42,"16.67",362695,right,1083,"0",""
"97","1","1",test,"",targetG,N9,N19,N29,left,left,right,right,left,.jpg,"700",correct: Correct!; incorrect: Incorrect!,center,"300","5000",left right,"",60%;60%;60%;60%;80%;80%;80%;80%,-170 -130; 170 -130; -170 130; 170 130; -170 -130; 170 -130; -170 130; 170 130,ITI;withStim,"","","","","23",search,Green,neutral,-170 -130;170 -130;-170 130;170 130;-170 -130;170 -130;-170 130;170 130,699,42,"16.66",364355,left,658,"1",""
"151","1","1",test,"",square3,N9,targetB,N17,right,left,left,right,left,.jpg,"700",correct: Correct!; incorrect: Incorrect!,center,"300","5000",left right,"",60%;60%;60%;60%;80%;80%;80%;80%,-170 -130; 170 -130; -170 130; 170 130; -170 -130; 170 -130; -170 130; 170 130,ITI;withStim,"","","","","77",search,Blue,common,-170 -130;170 -130;-170 130;170 130;-170 -130;170 -130;-170 130;170 130,700,42,"16.68",366120,left,757,"1",""
"156","1","1",test,"",N16,N26,N6,targetR,right,right,left,left,left,.jpg,"700",correct: Correct!; incorrect: Incorrect!,center,"300","5000",left right,"",60%;60%;60%;60%;80%;80%;80%;80%,-170 -130; 170 -130; -170 130; 170 130; -170 -130; 170 -130; -170 130; 170 130,ITI;withStim,"","","","","82",search,Red,neutral,-170 -130;170 -130;-170 130;170 130;-170 -130;170 -130;-170 130;170 130,700,42,"16.66",367576,right,464,"0",""
"76","1","1",test,"",N12,b_cd2,targetB,N15,right,left,left,right,left,.jpg,"700",correct: Correct!; incorrect: Incorrect!,center,"300","5000",left right,"",60%;60%;60%;60%;80%;80%;80%;80%,-170 -130; 170 -130; -170 130; 170 130; -170 -130; 170 -130; -170 130; 170 130,ITI;withStim,"","","","","2",search,Blue,unique,-170 -130;170 -130;-170 130;170 130;-170 -130;170 -130;-170 130;170 130,700,42,"16.67",368995,left,415,"1",""
"81","1","1",test,"",cylinder7,N22,N4,targetR,right,left,left,right,right,.jpg,"700",correct: Correct!; incorrect: Incorrect!,center,"300","5000",left right,"",60%;60%;60%;60%;80%;80%;80%;80%,-170 -130; 170 -130; -170 130; 170 130; -170 -130; 170 -130; -170 130; 170 130,ITI;withStim,"","","","","7",search,Red,common,-170 -130;170 -130;-170 130;170 130;-170 -130;170 -130;-170 130;170 130,700,42,"16.67",370531,left,536,"0",""
"77","1","1",test,"",N17,targetG,round6,N7,left,right,left,right,right,.jpg,"700",correct: Correct!; incorrect: Incorrect!,center,"300","5000",left right,"",60%;60%;60%;60%;80%;80%;80%;80%,-170 -130; 170 -130; -170 130; 170 130; -170 -130; 170 -130; -170 130; 170 130,ITI;withStim,"","","","","3",search,Green,common,-170 -130;170 -130;-170 130;170 130;-170 -130;170 -130;-170 130;170 130,700,42,"16.67",372080,right,551,"1",""
"163","1","1",test,"",N23,N3,N13,targetR,left,left,right,right,right,.jpg,"700",correct: Correct!; incorrect: Incorrect!,center,"300","5000",left right,"",60%;60%;60%;60%;80%;80%;80%;80%,-170 -130; 170 -130; -170 130; 170 130; -170 -130; 170 -130; -170 130; 170 130,ITI;withStim,"","","","","89",search,Red,neutral,-170 -130;170 -130;-170 130;170 130;-170 -130;170 -130;-170 130;170 130,700,42,"16.68",373514,right,435,"1",""
"88","1","1",test,"",r_cd3,targetR,N16,N11,right,left,right,left,left,.jpg,"700",correct: Correct!; incorrect: Incorrect!,center,"300","5000",left right,"",60%;60%;60%;60%;80%;80%;80%;80%,-170 -130; 170 -130; -170 130; 170 130; -170 -130; 170 -130; -170 130; 170 130,ITI;withStim,"","","","","14",search,Red,unique,-170 -130;170 -130;-170 130;170 130;-170 -130;170 -130;-170 130;170 130,700,42,"16.66",375196,right,684,"0",""
"89","1","1",test,"",targetR,N4,N24,N14,left,left,right,right,left,.jpg,"700",correct: Correct!; incorrect: Incorrect!,center,"300","5000",left right,"",60%;60%;60%;60%;80%;80%;80%;80%,-170 -130; 170 -130; -170 130; 170 130; -170 -130; 170 -130; -170 130; 170 130,ITI;withStim,"","","","","15",search,Red,neutral,-170 -130;170 -130;-170 130;170 130;-170 -130;170 -130;-170 130;170 130,699,42,"16.66",376762,left,567,"1",""
"87","1","1",test,"",targetG,N10,N20,N30,left,left,right,right,left,.jpg,"700",correct: Correct!; incorrect: Incorrect!,center,"300","5000",left right,"",60%;60%;60%;60%;80%;80%;80%;80%,-170 -130; 170 -130; -170 130; 170 130; -170 -130; 170 -130; -170 130; 170 130,ITI;withStim,"","","","","13",search,Green,neutral,-170 -130;170 -130;-170 130;170 130;-170 -130;170 -130;-170 130;170 130,700,42,"16.67",378278,left,515,"1",""
"122","1","1",test,"",N21,N1,N11,targetB,left,left,right,right,right,.jpg,"700",correct: Correct!; incorrect: Incorrect!,center,"300","5000",left right,"",60%;60%;60%;60%;80%;80%;80%;80%,-170 -130; 170 -130; -170 130; 170 130; -170 -130; 170 -130; -170 130; 170 130,ITI;withStim,"","","","","48",search,Blue,neutral,-170 -130;170 -130;-170 130;170 130;-170 -130;170 -130;-170 130;170 130,700,42,"16.66",379879,left,600,"0",""
"99","1","1",test,"",targetG,N17,g_cd9,N12,right,left,right,left,right,.jpg,"700",correct: Correct!; incorrect: Incorrect!,center,"300","5000",left right,"",60%;60%;60%;60%;80%;80%;80%;80%,-170 -130; 170 -130; -170 130; 170 130; -170 -130; 170 -130; -170 130; 170 130,ITI;withStim,"","","","","25",search,Green,unique,-170 -130;170 -130;-170 130;170 130;-170 -130;170 -130;-170 130;170 130,700,42,"16.67",381398,left,519,"0",""
"139","1","1",test,"",N15,targetG,N5,N25,left,right,right,left,right,.jpg,"700",correct: Correct!; incorrect: Incorrect!,center,"300","5000",left right,"",60%;60%;60%;60%;80%;80%;80%;80%,-170 -130; 170 -130; -170 130; 170 130; -170 -130; 170 -130; -170 130; 170 130,ITI;withStim,"","","","","65",search,Green,neutral,-170 -130;170 -130;-170 130;170 130;-170 -130;170 -130;-170 130;170 130,700,42,"16.65",383066,right,670,"1",""
"104","1","1",test,"",targetG,N11,N1,N21,right,right,left,left,right,.jpg,"700",correct: Correct!; incorrect: Incorrect!,center,"300","5000",left right,"",60%;60%;60%;60%;80%;80%;80%;80%,-170 -130; 170 -130; -170 130; 170 130; -170 -130; 170 -130; -170 130; 170 130,ITI;withStim,"","","","","30",search,Green,neutral,-170 -130;170 -130;-170 130;170 130;-170 -130;170 -130;-170 130;170 130,700,42,"16.66",384569,left,506,"0",""
"150","1","1",test,"",N27,targetR,N17,N7,right,left,right,left,left,.jpg,"700",correct: Correct!; incorrect: Incorrect!,center,"300","5000",left right,"",60%;60%;60%;60%;80%;80%;80%;80%,-170 -130; 170 -130; -170 130; 170 130; -170 -130; 170 -130; -170 130; 170 130,ITI;withStim,"","","","","76",search,Red,neutral,-170 -130;170 -130;-170 130;170 130;-170 -130;170 -130;-170 130;170 130,699,42,"16.66",386109,right,548,"0",""
"123","1","1",test,"",targetG,N17,N27,N7,left,right,right,left,left,.jpg,"700",correct: Correct!; incorrect: Incorrect!,center,"300","5000",left right,"",60%;60%;60%;60%;80%;80%;80%;80%,-170 -130; 170 -130; -170 130; 170 130; -170 -130; 170 -130; -170 130; 170 130,ITI;withStim,"","","","","49",search,Green,neutral,-170 -130;170 -130;-170 130;170 130;-170 -130;170 -130;-170 130;170 130,700,42,"16.67",387762,left,649,"1",""
"107","1","1",test,"",N6,targetB,N13,round1,left,left,right,right,left,.jpg,"700",correct: Correct!; incorrect: Incorrect!,center,"300","5000",left right,"",60%;60%;60%;60%;80%;80%;80%;80%,-170 -130; 170 -130; -170 130; 170 130; -170 -130; 170 -130; -170 130; 170 130,ITI;withStim,"","","","","33",search,Blue,common,-170 -130;170 -130;-170 130;170 130;-170 -130;170 -130;-170 130;170 130,700,42,"16.67",389312,right,550,"0",""
"120","1","1",test,"",N11,g_cd7,N18,targetG,right,right,left,left,left,.jpg,"700",correct: Correct!; incorrect: Incorrect!,center,"300","5000",left right,"",60%;60%;60%;60%;80%;80%;80%;80%,-170 -130; 170 -130; -170 130; 170 130; -170 -130; 170 -130; -170 130; 170 130,ITI;withStim,"","","","","46",search,Green,unique,-170 -130;170 -130;-170 130;170 130;-170 -130;170 -130;-170 130;170 130,700,42,"16.66",390982,right,669,"0",""
"80","1","1",test,"",N10,N3,targetB,b_cd8,left,right,left,right,left,.jpg,"700",correct: Correct!; incorrect: Incorrect!,center,"300","5000",left right,"",60%;60%;60%;60%;80%;80%;80%;80%,-170 -130; 170 -130; -170 130; 170 130; -170 -130; 170 -130; -170 130; 170 130,ITI;withStim,"","","","","6",search,Blue,unique,-170 -130;170 -130;-170 130;170 130;-170 -130;170 -130;-170 130;170 130,700,42,"16.67",392928,left,949,"1",""
"85","1","1",test,"",targetB,N10,N20,N30,right,left,right,left,right,.jpg,"700",correct: Correct!; incorrect: Incorrect!,center,"300","5000",left right,"",60%;60%;60%;60%;80%;80%;80%;80%,-170 -130; 170 -130; -170 130; 170 130; -170 -130; 170 -130; -170 130; 170 130,ITI;withStim,"","","","","11",search,Blue,neutral,-170 -130;170 -130;-170 130;170 130;-170 -130;170 -130;-170 130;170 130,700,42,"16.66",394638,left,709,"0",""
"146","1","1",test,"",N22,targetR,N2,N12,left,right,left,right,right,.jpg,"700",correct: Correct!; incorrect: Incorrect!,center,"300","5000",left right,"",60%;60%;60%;60%;80%;80%;80%;80%,-170 -130; 170 -130; -170 130; 170 130; -170 -130; 170 -130; -170 130; 170 130,ITI;withStim,"","","","","72",search,Red,neutral,-170 -130;170 -130;-170 130;170 130;-170 -130;170 -130;-170 130;170 130,700,42,"16.65",396412,right,766,"1",""
"134","1","1",test,"",targetG,N3,N9,square5,left,left,right,right,left,.jpg,"700",correct: Correct!; incorrect: Incorrect!,center,"300","5000",left right,"",60%;60%;60%;60%;80%;80%;80%;80%,-170 -130; 170 -130; -170 130; 170 130; -170 -130; 170 -130; -170 130; 170 130,ITI;withStim,"","","","","60",search,Green,common,-170 -130;170 -130;-170 130;170 130;-170 -130;170 -130;-170 130;170 130,700,42,"16.67",397946,left,533,"1",""
"161","1","1",test,"",square9,targetR,N10,N15,right,right,left,left,right,.jpg,"700",correct: Correct!; incorrect: Incorrect!,center,"300","5000",left right,"",60%;60%;60%;60%;80%;80%;80%;80%,-170 -130; 170 -130; -170 130; 170 130; -170 -130; 170 -130; -170 130; 170 130,ITI;withStim,"","","","","87",search,Red,common,-170 -130;170 -130;-170 130;170 130;-170 -130;170 -130;-170 130;170 130,700,42,"16.67",399449,right,503,"1",""
"131","1","1",test,"",targetB,b_cd4,N7,N5,right,right,left,left,right,.jpg,"700",correct: Correct!; incorrect: Incorrect!,center,"300","5000",left right,"",60%;60%;60%;60%;80%;80%;80%;80%,-170 -130; 170 -130; -170 130; 170 130; -170 -130; 170 -130; -170 130; 170 130,ITI;withStim,"","","","","57",search,Blue,unique,-170 -130;170 -130;-170 130;170 130;-170 -130;170 -130;-170 130;170 130,700,42,"16.67",400877,left,431,"0",""
"145","1","1",test,"",N5,N15,targetR,N25,right,right,left,left,left,.jpg,"700",correct: Correct!; incorrect: Incorrect!,center,"300","5000",left right,"",60%;60%;60%;60%;80%;80%;80%;80%,-170 -130; 170 -130; -170 130; 170 130; -170 -130; 170 -130; -170 130; 170 130,ITI;withStim,"","","","","71",search,Red,neutral,-170 -130;170 -130;-170 130;170 130;-170 -130;170 -130;-170 130;170 130,700,42,"16.67",402515,right,636,"0",""
"119","1","1",test,"",N11,targetB,round3,N9,right,right,left,left,right,.jpg,"700",correct: Correct!; incorrect: Incorrect!,center,"300","5000",left right,"",60%;60%;60%;60%;80%;80%;80%;80%,-170 -130; 170 -130; -170 130; 170 130; -170 -130; 170 -130; -170 130; 170 130,ITI;withStim,"","","","","45",search,Blue,common,-170 -130;170 -130;-170 130;170 130;-170 -130;170 -130;-170 130;170 130,700,42,"16.66",404054,right,541,"1",""
"113","1","1",test,"",N19,g_cd5,N13,targetG,left,left,right,right,right,.jpg,"700",correct: Correct!; incorrect: Incorrect!,center,"300","5000",left right,"",60%;60%;60%;60%;80%;80%;80%;80%,-170 -130; 170 -130; -170 130; 170 130; -170 -130; 170 -130; -170 130; 170 130,ITI;withStim,"","","","","39",search,Green,unique,-170 -130;170 -130;-170 130;170 130;-170 -130;170 -130;-170 130;170 130,700,42,"16.65",405594,right,549,"1",""
"142","1","1",test,"",g_cd3,N7,targetG,N8,left,right,right,left,right,.jpg,"700",correct: Correct!; incorrect: Incorrect!,center,"300","5000",left right,"",60%;60%;60%;60%;80%;80%;80%;80%,-170 -130; 170 -130; -170 130; 170 130; -170 -130; 170 -130; -170 130; 170 130,ITI;withStim,"","","","","68",search,Green,unique,-170 -130;170 -130;-170 130;170 130;-170 -130;170 -130;-170 130;170 130,700,42,"16.67",407116,left,520,"0",""
"117","1","1",test,"",N6,N20,g_cd1,targetG,left,right,right,left,left,.jpg,"700",correct: Correct!; incorrect: Incorrect!,center,"300","5000",left right,"",60%;60%;60%;60%;80%;80%;80%;80%,-170 -130; 170 -130; -170 130; 170 130; -170 -130; 170 -130; -170 130; 170 130,ITI;withStim,"","","","","43",search,Green,unique,-170 -130;170 -130;-170 130;170 130;-170 -130;170 -130;-170 130;170 130,700,42,"16.66",408615,right,502,"0",""
"126","1","1",test,"",r_cd5,N12,N6,targetR,right,left,right,left,left,.jpg,"700",correct: Correct!; incorrect: Incorrect!,center,"300","5000",left right,"",60%;60%;60%;60%;80%;80%;80%;80%,-170 -130; 170 -130; -170 130; 170 130; -170 -130; 170 -130; -170 130; 170 130,ITI;withStim,"","","","","52",search,Red,unique,-170 -130;170 -130;-170 130;170 130;-170 -130;170 -130;-170 130;170 130,699,42,"16.66",410246,right,633,"0",""
"138","1","1",test,"",N9,targetG,g_cd6,N8,left,left,right,right,left,.jpg,"700",correct: Correct!; incorrect: Incorrect!,center,"300","5000",left right,"",60%;60%;60%;60%;80%;80%;80%;80%,-170 -130; 170 -130; -170 130; 170 130; -170 -130; 170 -130; -170 130; 170 130,ITI;withStim,"","","","","64",search,Green,unique,-170 -130;170 -130;-170 130;170 130;-170 -130;170 -130;-170 130;170 130,700,42,"16.66",411935,right,689,"0",""
"82","1","1",test,"",N4,N14,targetG,N24,right,left,right,left,right,.jpg,"700",correct: Correct!; incorrect: Incorrect!,center,"300","5000",left right,"",60%;60%;60%;60%;80%;80%;80%;80%,-170 -130; 170 -130; -170 130; 170 130; -170 -130; 170 -130; -170 130; 170 130,ITI;withStim,"","","","","8",search,Green,neutral,-170 -130;170 -130;-170 130;170 130;-170 -130;170 -130;-170 130;170 130,700,42,"16.67",413675,left,744,"0",""
"148","1","1",test,"",N3,N23,N13,targetB,left,right,right,left,left,.jpg,"700",correct: Correct!; incorrect: Incorrect!,center,"300","5000",left right,"",60%;60%;60%;60%;80%;80%;80%;80%,-170 -130; 170 -130; -170 130; 170 130; -170 -130; 170 -130; -170 130; 170 130,ITI;withStim,"","","","","74",search,Blue,neutral,-170 -130;170 -130;-170 130;170 130;-170 -130;170 -130;-170 130;170 130,701,42,"16.66",415489,left,809,"1",""
"103","1","1",test,"",targetB,b_cd9,N11,N9,left,right,right,left,left,.jpg,"700",correct: Correct!; incorrect: Incorrect!,center,"300","5000",left right,"",60%;60%;60%;60%;80%;80%;80%;80%,-170 -130; 170 -130; -170 130; 170 130; -170 -130; 170 -130; -170 130; 170 130,ITI;withStim,"","","","","29",search,Blue,unique,-170 -130;170 -130;-170 130;170 130;-170 -130;170 -130;-170 130;170 130,700,42,"16.66",417137,right,641,"0",""
"95","1","1",test,"",targetB,N17,N27,N7,right,right,left,left,right,.jpg,"700",correct: Correct!; incorrect: Incorrect!,center,"300","5000",left right,"",60%;60%;60%;60%;80%;80%;80%;80%,-170 -130; 170 -130; -170 130; 170 130; -170 -130; 170 -130; -170 130; 170 130,ITI;withStim,"","","","","21",search,Blue,neutral,-170 -130;170 -130;-170 130;170 130;-170 -130;170 -130;-170 130;170 130,700,42,"16.67",418572,left,443,"0",""
"86","1","1",test,"",r_cd9,N15,N16,targetR,left,left,right,right,right,.jpg,"700",correct: Correct!; incorrect: Incorrect!,center,"300","5000",left right,"",60%;60%;60%;60%;80%;80%;80%;80%,-170 -130; 170 -130; -170 130; 170 130; -170 -130; 170 -130; -170 130; 170 130,ITI;withStim,"","","","","12",search,Red,unique,-170 -130;170 -130;-170 130;170 130;-170 -130;170 -130;-170 130;170 130,700,42,"16.67",420620,right,1043,"1",""
"112","1","1",test,"",N4,N24,N14,targetB,left,right,left,right,right,.jpg,"700",correct: Correct!; incorrect: Incorrect!,center,"300","5000",left right,"",60%;60%;60%;60%;80%;80%;80%;80%,-170 -130; 170 -130; -170 130; 170 130; -170 -130; 170 -130; -170 130; 170 130,ITI;withStim,"","","","","38",search,Blue,neutral,-170 -130;170 -130;-170 130;170 130;-170 -130;170 -130;-170 130;170 130,700,42,"16.67",422046,right,434,"1",""
"108","1","1",test,"",N8,targetG,N18,N28,left,right,left,right,right,.jpg,"700",correct: Correct!; incorrect: Incorrect!,center,"300","5000",left right,"",60%;60%;60%;60%;80%;80%;80%;80%,-170 -130; 170 -130; -170 130; 170 130; -170 -130; 170 -130; -170 130; 170 130,ITI;withStim,"","","","","34",search,Green,neutral,-170 -130;170 -130;-170 130;170 130;-170 -130;170 -130;-170 130;170 130,700,42,"16.67",423495,right,449,"1",""
"159","1","1",test,"",N12,N14,targetG,round4,right,left,right,left,right,.jpg,"700",correct: Correct!; incorrect: Incorrect!,center,"300","5000",left right,"",60%;60%;60%;60%;80%;80%;80%;80%,-170 -130; 170 -130; -170 130; 170 130; -170 -130; 170 -130; -170 130; 170 130,ITI;withStim,"","","","","85",search,Green,common,-170 -130;170 -130;-170 130;170 130;-170 -130;170 -130;-170 130;170 130,700,42,"16.66",425022,left,527,"0",""
"137","1","1",test,"",targetB,N14,N6,b_cd7,left,right,right,left,left,.jpg,"700",correct: Correct!; incorrect: Incorrect!,center,"300","5000",left right,"",60%;60%;60%;60%;80%;80%;80%;80%,-170 -130; 170 -130; -170 130; 170 130; -170 -130; 170 -130; -170 130; 170 130,ITI;withStim,"","","","","63",search,Blue,unique,-170 -130;170 -130;-170 130;170 130;-170 -130;170 -130;-170 130;170 130,700,42,"16.67",426757,left,727,"1",""
"155","1","1",test,"",N2,N3,targetB,square2,right,left,right,left,right,.jpg,"700",correct: Correct!; incorrect: Incorrect!,center,"300","5000",left right,"",60%;60%;60%;60%;80%;80%;80%;80%,-170 -130; 170 -130; -170 130; 170 130; -170 -130; 170 -130; -170 130; 170 130,ITI;withStim,"","","","","81",search,Blue,common,-170 -130;170 -130;-170 130;170 130;-170 -130;170 -130;-170 130;170 130,701,42,"16.66",428353,left,590,"0",""
"100","1","1",test,"",N7,targetB,cylinder1,N12,right,left,right,left,left,.jpg,"700",correct: Correct!; incorrect: Incorrect!,center,"300","5000",left right,"",60%;60%;60%;60%;80%;80%;80%;80%,-170 -130; 170 -130; -170 130; 170 130; -170 -130; 170 -130; -170 130; 170 130,ITI;withStim,"","","","","26",search,Blue,common,-170 -130;170 -130;-170 130;170 130;-170 -130;170 -130;-170 130;170 130,700,42,"16.65",429779,right,433,"0",""
"128","1","1",test,"",irr2,N15,targetG,N20,right,left,left,right,left,.jpg,"700",correct: Correct!; incorrect: Incorrect!,center,"300","5000",left right,"",60%;60%;60%;60%;80%;80%;80%;80%,-170 -130; 170 -130; -170 130; 170 130; -170 -130; 170 -130; -170 130; 170 130,ITI;withStim,"","","","","54",search,Green,common,-170 -130;170 -130;-170 130;170 130;-170 -130;170 -130;-170 130;170 130,700,42,"16.66",431281,left,501,"1",""
"154","1","1",test,"",N8,N28,targetB,N18,right,right,left,left,left,.jpg,"700",correct: Correct!; incorrect: Incorrect!,center,"300","5000",left right,"",60%;60%;60%;60%;80%;80%;80%;80%,-170 -130; 170 -130; -170 130; 170 130; -170 -130; 170 -130; -170 130; 170 130,ITI;withStim,"","","","","80",search,Blue,neutral,-170 -130;170 -130;-170 130;170 130;-170 -130;170 -130;-170 130;170 130,700,42,"16.67",432928,left,648,"1",""
"84","1","1",test,"",targetB,N15,N5,N25,right,left,right,left,right,.jpg,"700",correct: Correct!; incorrect: Incorrect!,center,"300","5000",left right,"",60%;60%;60%;60%;80%;80%;80%;80%,-170 -130; 170 -130; -170 130; 170 130; -170 -130; 170 -130; -170 130; 170 130,ITI;withStim,"","","","","10",search,Blue,neutral,-170 -130;170 -130;-170 130;170 130;-170 -130;170 -130;-170 130;170 130,699,42,"16.68",434462,left,534,"0",""
"94","1","1",test,"",targetG,N14,g_cd4,N4,left,right,left,right,left,.jpg,"700",correct: Correct!; incorrect: Incorrect!,center,"300","5000",left right,"",60%;60%;60%;60%;80%;80%;80%;80%,-170 -130; 170 -130; -170 130; 170 130; -170 -130; 170 -130; -170 130; 170 130,ITI;withStim,"","","","","20",search,Green,unique,-170 -130;170 -130;-170 130;170 130;-170 -130;170 -130;-170 130;170 130,701,42,"16.66",435939,left,476,"1",""
"162","1","1",test,"",N26,cylinder2,targetB,N9,right,left,left,right,left,.jpg,"700",correct: Correct!; incorrect: Incorrect!,center,"300","5000",left right,"",60%;60%;60%;60%;80%;80%;80%;80%,-170 -130; 170 -130; -170 130; 170 130; -170 -130; 170 -130; -170 130; 170 130,ITI;withStim,"","","","","88",search,Blue,common,-170 -130;170 -130;-170 130;170 130;-170 -130;170 -130;-170 130;170 130,700,42,"16.66",437482,left,536,"1",""
"78","1","1",test,"",targetB,N10,N12,b_cd5,right,left,left,right,right,.jpg,"700",correct: Correct!; incorrect: Incorrect!,center,"300","5000",left right,"",60%;60%;60%;60%;80%;80%;80%;80%,-170 -130; 170 -130; -170 130; 170 130; -170 -130; 170 -130; -170 130; 170 130,ITI;withStim,"","","","","4",search,Blue,unique,-170 -130;170 -130;-170 130;170 130;-170 -130;170 -130;-170 130;170 130,699,42,"16.66",438962,left,482,"0",""
"121","1","1",test,"",targetG,N2,N12,N22,right,right,left,left,right,.jpg,"700",correct: Correct!; incorrect: Incorrect!,center,"300","5000",left right,"",60%;60%;60%;60%;80%;80%;80%;80%,-170 -130; 170 -130; -170 130; 170 130; -170 -130; 170 -130; -170 130; 170 130,ITI;withStim,"","","","","47",search,Green,neutral,-170 -130;170 -130;-170 130;170 130;-170 -130;170 -130;-170 130;170 130,700,42,"16.68",440447,left,484,"0",""
"83","1","1",test,"",N26,r_cd7,targetR,N15,left,right,left,right,left,.jpg,"700",correct: Correct!; incorrect: Incorrect!,center,"300","5000",left right,"",60%;60%;60%;60%;80%;80%;80%;80%,-170 -130; 170 -130; -170 130; 170 130; -170 -130; 170 -130; -170 130; 170 130,ITI;withStim,"","","","","9",search,Red,unique,-170 -130;170 -130;-170 130;170 130;-170 -130;170 -130;-170 130;170 130,700,42,"16.66",441487,right,41,"0",""
"90","1","1",test,"",N11,N2,targetB,cylinder3,left,right,left,right,left,.jpg,"700",correct: Correct!; incorrect: Incorrect!,center,"300","5000",left right,"",60%;60%;60%;60%;80%;80%;80%;80%,-170 -130; 170 -130; -170 130; 170 130; -170 -130; 170 -130; -170 130; 170 130,ITI;withStim,"","","","","16",search,Blue,common,-170 -130;170 -130;-170 130;170 130;-170 -130;170 -130;-170 130;170 130,700,42,"16.67",443067,left,588,"1",""
"140","1","1",test,"",N11,targetB,b_cd6,N6,right,left,right,left,left,.jpg,"700",correct: Correct!; incorrect: Incorrect!,center,"300","5000",left right,"",60%;60%;60%;60%;80%;80%;80%;80%,-170 -130; 170 -130; -170 130; 170 130; -170 -130; 170 -130; -170 130; 170 130,ITI;withStim,"","","","","66",search,Blue,unique,-170 -130;170 -130;-170 130;170 130;-170 -130;170 -130;-170 130;170 130,700,42,"16.67",444604,right,542,"0",""
"157","1","1",test,"",N5,r_cd8,targetR,N2,left,right,right,left,right,.jpg,"700",correct: Correct!; incorrect: Incorrect!,center,"300","5000",left right,"",60%;60%;60%;60%;80%;80%;80%;80%,-170 -130; 170 -130; -170 130; 170 130; -170 -130; 170 -130; -170 130; 170 130,ITI;withStim,"","","","","83",search,Red,unique,-170 -130;170 -130;-170 130;170 130;-170 -130;170 -130;-170 130;170 130,700,42,"16.68",447630,left,2034,"0",""
"116","1","1",test,"",N3,N13,N23,targetG,right,left,left,right,right,.jpg,"700",correct: Correct!; incorrect: Incorrect!,center,"300","5000",left right,"",60%;60%;60%;60%;80%;80%;80%;80%,-170 -130; 170 -130; -170 130; 170 130; -170 -130; 170 -130; -170 130; 170 130,ITI;withStim,"","","","","42",search,Green,neutral,-170 -130;170 -130;-170 130;170 130;-170 -130;170 -130;-170 130;170 130,700,42,"16.66",449134,right,505,"1",""
"153","1","1",test,"",targetR,cylinder8,N2,N15,right,left,right,left,right,.jpg,"700",correct: Correct!; incorrect: Incorrect!,center,"300","5000",left right,"",60%;60%;60%;60%;80%;80%;80%;80%,-170 -130; 170 -130; -170 130; 170 130; -170 -130; 170 -130; -170 130; 170 130,ITI;withStim,"","","","","79",search,Red,common,-170 -130;170 -130;-170 130;170 130;-170 -130;170 -130;-170 130;170 130,700,42,"16.67",450767,left,638,"0",""
"160","1","1",test,"",targetR,r_cd1,N20,N21,right,right,left,left,right,.jpg,"700",correct: Correct!; incorrect: Incorrect!,center,"300","5000",left right,"",60%;60%;60%;60%;80%;80%;80%;80%,-170 -130; 170 -130; -170 130; 170 130; -170 -130; 170 -130; -170 130; 170 130,ITI;withStim,"","","","","86",search,Red,unique,-170 -130;170 -130;-170 130;170 130;-170 -130;170 -130;-170 130;170 130,700,42,"16.68",452290,left,528,"0",""
"133","1","1",test,"",round9,N2,N5,targetR,right,left,right,left,left,.jpg,"700",correct: Correct!; incorrect: Incorrect!,center,"300","5000",left right,"",60%;60%;60%;60%;80%;80%;80%;80%,-170 -130; 170 -130; -170 130; 170 130; -170 -130; 170 -130; -170 130; 170 130,ITI;withStim,"","","","","59",search,Red,common,-170 -130;170 -130;-170 130;170 130;-170 -130;170 -130;-170 130;170 130,700,42,"16.66",453749,right,451,"0",""
"129","1","1",test,"",N19,N29,N9,targetR,right,left,right,left,left,.jpg,"700",correct: Correct!; incorrect: Incorrect!,center,"300","5000",left right,"",60%;60%;60%;60%;80%;80%;80%;80%,-170 -130; 170 -130; -170 130; 170 130; -170 -130; 170 -130; -170 130; 170 130,ITI;withStim,"","","","","55",search,Red,neutral,-170 -130;170 -130;-170 130;170 130;-170 -130;170 -130;-170 130;170 130,700,42,"16.68",455349,right,603,"0",""
"109","1","1",test,"",targetG,N5,square4,N15,left,right,right,left,left,.jpg,"700",correct: Correct!; incorrect: Incorrect!,center,"300","5000",left right,"",60%;60%;60%;60%;80%;80%;80%;80%,-170 -130; 170 -130; -170 130; 170 130; -170 -130; 170 -130; -170 130; 170 130,ITI;withStim,"","","","","35",search,Green,common,-170 -130;170 -130;-170 130;170 130;-170 -130;170 -130;-170 130;170 130,700,42,"16.67",456925,left,579,"1",""
"149","1","1",test,"",N4,r_cd10,N12,targetR,left,left,right,right,right,.jpg,"700",correct: Correct!; incorrect: Incorrect!,center,"300","5000",left right,"",60%;60%;60%;60%;80%;80%;80%;80%,-170 -130; 170 -130; -170 130; 170 130; -170 -130; 170 -130; -170 130; 170 130,ITI;withStim,"","","","","75",search,Red,unique,-170 -130;170 -130;-170 130;170 130;-170 -130;170 -130;-170 130;170 130,700,42,"16.66",458564,right,634,"1",""
"102","1","1",test,"",N10,N30,targetR,N20,right,left,left,right,left,.jpg,"700",correct: Correct!; incorrect: Incorrect!,center,"300","5000",left right,"",60%;60%;60%;60%;80%;80%;80%;80%,-170 -130; 170 -130; -170 130; 170 130; -170 -130; 170 -130; -170 130; 170 130,ITI;withStim,"","","","","28",search,Red,neutral,-170 -130;170 -130;-170 130;170 130;-170 -130;170 -130;-170 130;170 130,700,42,"16.66",460235,left,672,"1",""
"101","1","1",test,"",targetB,N19,N29,N9,right,left,left,right,right,.jpg,"700",correct: Correct!; incorrect: Incorrect!,center,"300","5000",left right,"",60%;60%;60%;60%;80%;80%;80%;80%,-170 -130; 170 -130; -170 130; 170 130; -170 -130; 170 -130; -170 130; 170 130,ITI;withStim,"","","","","27",search,Blue,neutral,-170 -130;170 -130;-170 130;170 130;-170 -130;170 -130;-170 130;170 130,700,42,"16.66",461964,left,735,"0",""
"118","1","1",test,"",targetG,N7,N4,square6,left,left,right,right,left,.jpg,"700",correct: Correct!; incorrect: Incorrect!,center,"300","5000",left right,"",60%;60%;60%;60%;80%;80%;80%;80%,-170 -130; 170 -130; -170 130; 170 130; -170 -130; 170 -130; -170 130; 170 130,ITI;withStim,"","","","","44",search,Green,common,-170 -130;170 -130;-170 130;170 130;-170 -130;170 -130;-170 130;170 130,700,42,"16.67",463604,left,642,"1",""
"125","1","1",test,"",N18,targetR,square7,N6,right,left,left,right,left,.jpg,"700",correct: Correct!; incorrect: Incorrect!,center,"300","5000",left right,"",60%;60%;60%;60%;80%;80%;80%;80%,-170 -130; 170 -130; -170 130; 170 130; -170 -130; 170 -130; -170 130; 170 130,ITI;withStim,"","","","","51",search,Red,common,-170 -130;170 -130;-170 130;170 130;-170 -130;170 -130;-170 130;170 130,700,42,"16.67",465279,right,666,"0",""
"110","1","1",test,"",N28,targetG,g_cd8,N13,right,right,left,left,right,.jpg,"700",correct: Correct!; incorrect: Incorrect!,center,"300","5000",left right,"",60%;60%;60%;60%;80%;80%;80%;80%,-170 -130; 170 -130; -170 130; 170 130; -170 -130; 170 -130; -170 130; 170 130,ITI;withStim,"","","","","36",search,Green,unique,-170 -130;170 -130;-170 130;170 130;-170 -130;170 -130;-170 130;170 130,701,42,"16.66",466994,left,715,"0",""
"92","1","1",test,"",square1,N2,targetB,N6,right,right,left,left,left,.jpg,"700",correct: Correct!; incorrect: Incorrect!,center,"300","5000",left right,"",60%;60%;60%;60%;80%;80%;80%;80%,-170 -130; 170 -130; -170 130; 170 130; -170 -130; 170 -130; -170 130; 170 130,ITI;withStim,"","","","","18",search,Blue,common,-170 -130;170 -130;-170 130;170 130;-170 -130;170 -130;-170 130;170 130,700,42,"16.67",468786,left,789,"1",""
"124","1","1",test,"",N18,b_cd3,N15,targetB,right,right,left,left,left,.jpg,"700",correct: Correct!; incorrect: Incorrect!,center,"300","5000",left right,"",60%;60%;60%;60%;80%;80%;80%;80%,-170 -130; 170 -130; -170 130; 170 130; -170 -130; 170 -130; -170 130; 170 130,ITI;withStim,"","","","","50",search,Blue,unique,-170 -130;170 -130;-170 130;170 130;-170 -130;170 -130;-170 130;170 130,700,42,"16.67",470311,right,530,"0",""
"158","1","1",test,"",N19,N12,cylinder4,targetG,left,right,right,left,left,.jpg,"700",correct: Correct!; incorrect: Incorrect!,center,"300","5000",left right,"",60%;60%;60%;60%;80%;80%;80%;80%,-170 -130; 170 -130; -170 130; 170 130; -170 -130; 170 -130; -170 130; 170 130,ITI;withStim,"","","","","84",search,Green,common,-170 -130;170 -130;-170 130;170 130;-170 -130;170 -130;-170 130;170 130,700,42,"16.67",471773,right,460,"0",""
"111","1","1",test,"",b_cd1,targetB,N7,N15,right,left,right,left,left,.jpg,"700",correct: Correct!; incorrect: Incorrect!,center,"300","5000",left right,"",60%;60%;60%;60%;80%;80%;80%;80%,-170 -130; 170 -130; -170 130; 170 130; -170 -130; 170 -130; -170 130; 170 130,ITI;withStim,"","","","","37",search,Blue,unique,-170 -130;170 -130;-170 130;170 130;-170 -130;170 -130;-170 130;170 130,700,42,"16.67",473330,right,550,"0",""
"135","1","1",test,"",targetG,N5,g_cd10,N10,right,left,left,right,right,.jpg,"700",correct: Correct!; incorrect: Incorrect!,center,"300","5000",left right,"",60%;60%;60%;60%;80%;80%;80%;80%,-170 -130; 170 -130; -170 130; 170 130; -170 -130; 170 -130; -170 130; 170 130,ITI;withStim,"","","","","61",search,Green,unique,-170 -130;170 -130;-170 130;170 130;-170 -130;170 -130;-170 130;170 130,700,42,"16.67",474972,left,642,"0",""
"115","1","1",test,"",cylinder6,targetG,N16,N15,right,left,right,left,left,.jpg,"700",correct: Correct!; incorrect: Incorrect!,center,"300","5000",left right,"",60%;60%;60%;60%;80%;80%;80%;80%,-170 -130; 170 -130; -170 130; 170 130; -170 -130; 170 -130; -170 130; 170 130,ITI;withStim,"","","","","41",search,Green,common,-170 -130;170 -130;-170 130;170 130;-170 -130;170 -130;-170 130;170 130,700,42,"16.66",476725,left,746,"1",""
"143","1","1",test,"",targetR,N26,N29,round8,left,right,left,right,left,.jpg,"700",correct: Correct!; incorrect: Incorrect!,center,"300","5000",left right,"",60%;60%;60%;60%;80%;80%;80%;80%,-170 -130; 170 -130; -170 130; 170 130; -170 -130; 170 -130; -170 130; 170 130,ITI;withStim,"","","","","69",search,Red,common,-170 -130;170 -130;-170 130;170 130;-170 -130;170 -130;-170 130;170 130,700,42,"16.67",478875,right,1146,"0",""
"144","1","1",test,"",N14,targetR,irr3,N6,left,right,left,right,right,.jpg,"700",correct: Correct!; incorrect: Incorrect!,center,"300","5000",left right,"",60%;60%;60%;60%;80%;80%;80%;80%,-170 -130; 170 -130; -170 130; 170 130; -170 -130; 170 -130; -170 130; 170 130,ITI;withStim,"","","","","70",search,Red,common,-170 -130;170 -130;-170 130;170 130;-170 -130;170 -130;-170 130;170 130,700,42,"16.68",480700,left,820,"0",""
"164","1","1",test,"",irr1,N9,targetB,N20,left,right,right,left,right,.jpg,"700",correct: Correct!; incorrect: Incorrect!,center,"300","5000",left right,"",60%;60%;60%;60%;80%;80%;80%;80%,-170 -130; 170 -130; -170 130; 170 130; -170 -130; 170 -130; -170 130; 170 130,ITI;withStim,"","","","","90",search,Blue,common,-170 -130;170 -130;-170 130;170 130;-170 -130;170 -130;-170 130;170 130,700,42,"16.67",482372,left,659,"0",""
"234","1","2",test,"",targetR,N26,N29,round8,left,right,left,right,left,.jpg,"700",correct: Correct!; incorrect: Incorrect!,center,"300","5000",left right,"",60%;60%;60%;60%;80%;80%;80%;80%,-170 -130; 170 -130; -170 130; 170 130; -170 -130; 170 -130; -170 130; 170 130,ITI;withStim,"","","","","69",search,Red,common,-170 -130;170 -130;-170 130;170 130;-170 -130;170 -130;-170 130;170 130,699,42,"16.67",487050,left,754,"1",""
"228","1","2",test,"",targetB,N14,N6,b_cd7,left,right,right,left,left,.jpg,"700",correct: Correct!; incorrect: Incorrect!,center,"300","5000",left right,"",60%;60%;60%;60%;80%;80%;80%;80%,-170 -130; 170 -130; -170 130; 170 130; -170 -130; 170 -130; -170 130; 170 130,ITI;withStim,"","","","","63",search,Blue,unique,-170 -130;170 -130;-170 130;170 130;-170 -130;170 -130;-170 130;170 130,700,42,"16.67",488530,left,484,"1",""
"220","1","2",test,"",N19,N29,N9,targetR,right,left,right,left,left,.jpg,"700",correct: Correct!; incorrect: Incorrect!,center,"300","5000",left right,"",60%;60%;60%;60%;80%;80%;80%;80%,-170 -130; 170 -130; -170 130; 170 130; -170 -130; 170 -130; -170 130; 170 130,ITI;withStim,"","","","","55",search,Red,neutral,-170 -130;170 -130;-170 130;170 130;-170 -130;170 -130;-170 130;170 130,700,42,"16.68",489962,right,433,"0",""
"252","1","2",test,"",square9,targetR,N10,N15,right,right,left,left,right,.jpg,"700",correct: Correct!; incorrect: Incorrect!,center,"300","5000",left right,"",60%;60%;60%;60%;80%;80%;80%;80%,-170 -130; 170 -130; -170 130; 170 130; -170 -130; 170 -130; -170 130; 170 130,ITI;withStim,"","","","","87",search,Red,common,-170 -130;170 -130;-170 130;170 130;-170 -130;170 -130;-170 130;170 130,701,42,"16.66",491597,right,634,"1",""
"240","1","2",test,"",N4,r_cd10,N12,targetR,left,left,right,right,right,.jpg,"700",correct: Correct!; incorrect: Incorrect!,center,"300","5000",left right,"",60%;60%;60%;60%;80%;80%;80%;80%,-170 -130; 170 -130; -170 130; 170 130; -170 -130; 170 -130; -170 130; 170 130,ITI;withStim,"","","","","75",search,Red,unique,-170 -130;170 -130;-170 130;170 130;-170 -130;170 -130;-170 130;170 130,700,42,"16.66",493116,right,519,"1",""
"238","1","2",test,"",targetR,N9,r_cd6,N3,right,left,left,right,right,.jpg,"700",correct: Correct!; incorrect: Incorrect!,center,"300","5000",left right,"",60%;60%;60%;60%;80%;80%;80%;80%,-170 -130; 170 -130; -170 130; 170 130; -170 -130; 170 -130; -170 130; 170 130,ITI;withStim,"","","","","73",search,Red,unique,-170 -130;170 -130;-170 130;170 130;-170 -130;170 -130;-170 130;170 130,700,42,"16.67",494603,left,491,"0",""
"241","1","2",test,"",N27,targetR,N17,N7,right,left,right,left,left,.jpg,"700",correct: Correct!; incorrect: Incorrect!,center,"300","5000",left right,"",60%;60%;60%;60%;80%;80%;80%;80%,-170 -130; 170 -130; -170 130; 170 130; -170 -130; 170 -130; -170 130; 170 130,ITI;withStim,"","","","","76",search,Red,neutral,-170 -130;170 -130;-170 130;170 130;-170 -130;170 -130;-170 130;170 130,700,42,"16.67",496069,right,473,"0",""
"186","1","2",test,"",targetB,N17,N27,N7,right,right,left,left,right,.jpg,"700",correct: Correct!; incorrect: Incorrect!,center,"300","5000",left right,"",60%;60%;60%;60%;80%;80%;80%;80%,-170 -130; 170 -130; -170 130; 170 130; -170 -130; 170 -130; -170 130; 170 130,ITI;withStim,"","","","","21",search,Blue,neutral,-170 -130;170 -130;-170 130;170 130;-170 -130;170 -130;-170 130;170 130,699,42,"16.67",497522,left,459,"0",""
"236","1","2",test,"",N5,N15,targetR,N25,right,right,left,left,left,.jpg,"700",correct: Correct!; incorrect: Incorrect!,center,"300","5000",left right,"",60%;60%;60%;60%;80%;80%;80%;80%,-170 -130; 170 -130; -170 130; 170 130; -170 -130; 170 -130; -170 130; 170 130,ITI;withStim,"","","","","71",search,Red,neutral,-170 -130;170 -130;-170 130;170 130;-170 -130;170 -130;-170 130;170 130,700,42,"16.66",499136,left,623,"1",""
"217","1","2",test,"",r_cd5,N12,N6,targetR,right,left,right,left,left,.jpg,"700",correct: Correct!; incorrect: Incorrect!,center,"300","5000",left right,"",60%;60%;60%;60%;80%;80%;80%;80%,-170 -130; 170 -130; -170 130; 170 130; -170 -130; 170 -130; -170 130; 170 130,ITI;withStim,"","","","","52",search,Red,unique,-170 -130;170 -130;-170 130;170 130;-170 -130;170 -130;-170 130;170 130,700,42,"16.67",500554,right,424,"0",""
"255","1","2",test,"",irr1,N9,targetB,N20,left,right,right,left,right,.jpg,"700",correct: Correct!; incorrect: Incorrect!,center,"300","5000",left right,"",60%;60%;60%;60%;80%;80%;80%;80%,-170 -130; 170 -130; -170 130; 170 130; -170 -130; 170 -130; -170 130; 170 130,ITI;withStim,"","","","","90",search,Blue,common,-170 -130;170 -130;-170 130;170 130;-170 -130;170 -130;-170 130;170 130,701,42,"16.68",501921,left,375,"0",""
"205","1","2",test,"",N16,N26,targetG,N6,left,right,left,right,left,.jpg,"700",correct: Correct!; incorrect: Incorrect!,center,"300","5000",left right,"",60%;60%;60%;60%;80%;80%;80%;80%,-170 -130; 170 -130; -170 130; 170 130; -170 -130; 170 -130; -170 130; 170 130,ITI;withStim,"","","","","40",search,Green,neutral,-170 -130;170 -130;-170 130;170 130;-170 -130;170 -130;-170 130;170 130,700,42,"16.67",503314,left,401,"1",""
"173","1","2",test,"",N4,N14,targetG,N24,right,left,right,left,right,.jpg,"700",correct: Correct!; incorrect: Incorrect!,center,"300","5000",left right,"",60%;60%;60%;60%;80%;80%;80%;80%,-170 -130; 170 -130; -170 130; 170 130; -170 -130; 170 -130; -170 130; 170 130,ITI;withStim,"","","","","8",search,Green,neutral,-170 -130;170 -130;-170 130;170 130;-170 -130;170 -130;-170 130;170 130,700,0,0,504658,left,345,"0",""
"218","1","2",test,"",N6,b_cd10,N7,targetB,left,right,left,right,right,.jpg,"700",correct: Correct!; incorrect: Incorrect!,center,"300","5000",left right,"",60%;60%;60%;60%;80%;80%;80%;80%,-170 -130; 170 -130; -170 130; 170 130; -170 -130; 170 -130; -170 130; 170 130,ITI;withStim,"","","","","53",search,Blue,unique,-170 -130;170 -130;-170 130;170 130;-170 -130;170 -130;-170 130;170 130,700,42,"16.65",506082,right,419,"1",""
"193","1","2",test,"",N10,N30,targetR,N20,right,left,left,right,left,.jpg,"700",correct: Correct!; incorrect: Incorrect!,center,"300","5000",left right,"",60%;60%;60%;60%;80%;80%;80%;80%,-170 -130; 170 -130; -170 130; 170 130; -170 -130; 170 -130; -170 130; 170 130,ITI;withStim,"","","","","28",search,Red,neutral,-170 -130;170 -130;-170 130;170 130;-170 -130;170 -130;-170 130;170 130,700,42,"16.67",507454,left,375,"1",""
"233","1","2",test,"",g_cd3,N7,targetG,N8,left,right,right,left,right,.jpg,"700",correct: Correct!; incorrect: Incorrect!,center,"300","5000",left right,"",60%;60%;60%;60%;80%;80%;80%;80%,-170 -130; 170 -130; -170 130; 170 130; -170 -130; 170 -130; -170 130; 170 130,ITI;withStim,"","","","","68",search,Green,unique,-170 -130;170 -130;-170 130;170 130;-170 -130;170 -130;-170 130;170 130,700,42,"16.66",508862,left,416,"0",""
"182","1","2",test,"",N10,N25,targetR,round7,left,right,right,left,right,.jpg,"700",correct: Correct!; incorrect: Incorrect!,center,"300","5000",left right,"",60%;60%;60%;60%;80%;80%;80%;80%,-170 -130; 170 -130; -170 130; 170 130; -170 -130; 170 -130; -170 130; 170 130,ITI;withStim,"","","","","17",search,Red,common,-170 -130;170 -130;-170 130;170 130;-170 -130;170 -130;-170 130;170 130,700,42,"16.68",510859,left,996,"0",""
"201","1","2",test,"",N28,targetG,g_cd8,N13,right,right,left,left,right,.jpg,"700",correct: Correct!; incorrect: Incorrect!,center,"300","5000",left right,"",60%;60%;60%;60%;80%;80%;80%;80%,-170 -130; 170 -130; -170 130; 170 130; -170 -130; 170 -130; -170 130; 170 130,ITI;withStim,"","","","","36",search,Green,unique,-170 -130;170 -130;-170 130;170 130;-170 -130;170 -130;-170 130;170 130,700,42,"16.67",512613,right,750,"1",""
"190","1","2",test,"",targetG,N17,g_cd9,N12,right,left,right,left,right,.jpg,"700",correct: Correct!; incorrect: Incorrect!,center,"300","5000",left right,"",60%;60%;60%;60%;80%;80%;80%;80%,-170 -130; 170 -130; -170 130; 170 130; -170 -130; 170 -130; -170 130; 170 130,ITI;withStim,"","","","","25",search,Green,unique,-170 -130;170 -130;-170 130;170 130;-170 -130;170 -130;-170 130;170 130,700,42,"16.67",514193,left,580,"0",""
"209","1","2",test,"",targetG,N7,N4,square6,left,left,right,right,left,.jpg,"700",correct: Correct!; incorrect: Incorrect!,center,"300","5000",left right,"",60%;60%;60%;60%;80%;80%;80%;80%,-170 -130; 170 -130; -170 130; 170 130; -170 -130; 170 -130; -170 130; 170 130,ITI;withStim,"","","","","44",search,Green,common,-170 -130;170 -130;-170 130;170 130;-170 -130;170 -130;-170 130;170 130,700,42,"16.67",515786,left,590,"1",""
"207","1","2",test,"",N3,N13,N23,targetG,right,left,left,right,right,.jpg,"700",correct: Correct!; incorrect: Incorrect!,center,"300","5000",left right,"",60%;60%;60%;60%;80%;80%;80%;80%,-170 -130; 170 -130; -170 130; 170 130; -170 -130; 170 -130; -170 130; 170 130,ITI;withStim,"","","","","42",search,Green,neutral,-170 -130;170 -130;-170 130;170 130;-170 -130;170 -130;-170 130;170 130,700,42,"16.66",517374,right,593,"1",""
"167","1","2",test,"",N12,b_cd2,targetB,N15,right,left,left,right,left,.jpg,"700",correct: Correct!; incorrect: Incorrect!,center,"300","5000",left right,"",60%;60%;60%;60%;80%;80%;80%;80%,-170 -130; 170 -130; -170 130; 170 130; -170 -130; 170 -130; -170 130; 170 130,ITI;withStim,"","","","","2",search,Blue,unique,-170 -130;170 -130;-170 130;170 130;-170 -130;170 -130;-170 130;170 130,700,42,"16.65",519688,left,1308,"1",""
"221","1","2",test,"",targetR,r_cd4,N4,N22,right,left,left,right,right,.jpg,"700",correct: Correct!; incorrect: Incorrect!,center,"300","5000",left right,"",60%;60%;60%;60%;80%;80%;80%;80%,-170 -130; 170 -130; -170 130; 170 130; -170 -130; 170 -130; -170 130; 170 130,ITI;withStim,"","","","","56",search,Red,unique,-170 -130;170 -130;-170 130;170 130;-170 -130;170 -130;-170 130;170 130,700,42,"16.67",521563,left,884,"0",""
"248","1","2",test,"",N5,r_cd8,targetR,N2,left,right,right,left,right,.jpg,"700",correct: Correct!; incorrect: Incorrect!,center,"300","5000",left right,"",60%;60%;60%;60%;80%;80%;80%;80%,-170 -130; 170 -130; -170 130; 170 130; -170 -130; 170 -130; -170 130; 170 130,ITI;withStim,"","","","","83",search,Red,unique,-170 -130;170 -130;-170 130;170 130;-170 -130;170 -130;-170 130;170 130,701,42,"16.68",523181,left,618,"0",""
"204","1","2",test,"",N19,g_cd5,N13,targetG,left,left,right,right,right,.jpg,"700",correct: Correct!; incorrect: Incorrect!,center,"300","5000",left right,"",60%;60%;60%;60%;80%;80%;80%;80%,-170 -130; 170 -130; -170 130; 170 130; -170 -130; 170 -130; -170 130; 170 130,ITI;withStim,"","","","","39",search,Green,unique,-170 -130;170 -130;-170 130;170 130;-170 -130;170 -130;-170 130;170 130,700,42,"16.66",524647,right,468,"1",""
"187","1","2",test,"",N12,targetG,g_cd2,N22,left,right,left,right,right,.jpg,"700",correct: Correct!; incorrect: Incorrect!,center,"300","5000",left right,"",60%;60%;60%;60%;80%;80%;80%;80%,-170 -130; 170 -130; -170 130; 170 130; -170 -130; 170 -130; -170 130; 170 130,ITI;withStim,"","","","","22",search,Green,unique,-170 -130;170 -130;-170 130;170 130;-170 -130;170 -130;-170 130;170 130,700,42,"16.66",526098,right,452,"1",""
"250","1","2",test,"",N12,N14,targetG,round4,right,left,right,left,right,.jpg,"700",correct: Correct!; incorrect: Incorrect!,center,"300","5000",left right,"",60%;60%;60%;60%;80%;80%;80%;80%,-170 -130; 170 -130; -170 130; 170 130; -170 -130; 170 -130; -170 130; 170 130,ITI;withStim,"","","","","85",search,Green,common,-170 -130;170 -130;-170 130;170 130;-170 -130;170 -130;-170 130;170 130,700,42,"16.68",527516,left,420,"0",""
"219","1","2",test,"",irr2,N15,targetG,N20,right,left,left,right,left,.jpg,"700",correct: Correct!; incorrect: Incorrect!,center,"300","5000",left right,"",60%;60%;60%;60%;80%;80%;80%;80%,-170 -130; 170 -130; -170 130; 170 130; -170 -130; 170 -130; -170 130; 170 130,ITI;withStim,"","","","","54",search,Green,common,-170 -130;170 -130;-170 130;170 130;-170 -130;170 -130;-170 130;170 130,700,42,"16.67",529003,left,491,"1",""
"196","1","2",test,"",N1,targetR,N21,N11,left,right,right,left,right,.jpg,"700",correct: Correct!; incorrect: Incorrect!,center,"300","5000",left right,"",60%;60%;60%;60%;80%;80%;80%;80%,-170 -130; 170 -130; -170 130; 170 130; -170 -130; 170 -130; -170 130; 170 130,ITI;withStim,"","","","","31",search,Red,neutral,-170 -130;170 -130;-170 130;170 130;-170 -130;170 -130;-170 130;170 130,700,42,"16.67",530398,right,403,"1",""
"203","1","2",test,"",N4,N24,N14,targetB,left,right,left,right,right,.jpg,"700",correct: Correct!; incorrect: Incorrect!,center,"300","5000",left right,"",60%;60%;60%;60%;80%;80%;80%;80%,-170 -130; 170 -130; -170 130; 170 130; -170 -130; 170 -130; -170 130; 170 130,ITI;withStim,"","","","","38",search,Blue,neutral,-170 -130;170 -130;-170 130;170 130;-170 -130;170 -130;-170 130;170 130,700,42,"16.67",531830,right,434,"1",""
"230","1","2",test,"",N15,targetG,N5,N25,left,right,right,left,right,.jpg,"700",correct: Correct!; incorrect: Incorrect!,center,"300","5000",left right,"",60%;60%;60%;60%;80%;80%;80%;80%,-170 -130; 170 -130; -170 130; 170 130; -170 -130; 170 -130; -170 130; 170 130,ITI;withStim,"","","","","65",search,Green,neutral,-170 -130;170 -130;-170 130;170 130;-170 -130;170 -130;-170 130;170 130,701,42,"16.67",533223,right,394,"1",""
"226","1","2",test,"",targetG,N5,g_cd10,N10,right,left,left,right,right,.jpg,"700",correct: Correct!; incorrect: Incorrect!,center,"300","5000",left right,"",60%;60%;60%;60%;80%;80%;80%;80%,-170 -130; 170 -130; -170 130; 170 130; -170 -130; 170 -130; -170 130; 170 130,ITI;withStim,"","","","","61",search,Green,unique,-170 -130;170 -130;-170 130;170 130;-170 -130;170 -130;-170 130;170 130,700,42,"16.67",534635,left,405,"0",""
"188","1","2",test,"",targetG,N9,N19,N29,left,left,right,right,left,.jpg,"700",correct: Correct!; incorrect: Incorrect!,center,"300","5000",left right,"",60%;60%;60%;60%;80%;80%;80%;80%,-170 -130; 170 -130; -170 130; 170 130; -170 -130; 170 -130; -170 130; 170 130,ITI;withStim,"","","","","23",search,Green,neutral,-170 -130;170 -130;-170 130;170 130;-170 -130;170 -130;-170 130;170 130,699,42,"16.68",536072,left,443,"1",""
"212","1","2",test,"",targetG,N2,N12,N22,right,right,left,left,right,.jpg,"700",correct: Correct!; incorrect: Incorrect!,center,"300","5000",left right,"",60%;60%;60%;60%;80%;80%;80%;80%,-170 -130; 170 -130; -170 130; 170 130; -170 -130; 170 -130; -170 130; 170 130,ITI;withStim,"","","","","47",search,Green,neutral,-170 -130;170 -130;-170 130;170 130;-170 -130;170 -130;-170 130;170 130,700,42,"16.67",537653,left,573,"0",""
"243","1","2",test,"",N15,targetG,N4,round5,right,left,left,right,left,.jpg,"700",correct: Correct!; incorrect: Incorrect!,center,"300","5000",left right,"",60%;60%;60%;60%;80%;80%;80%;80%,-170 -130; 170 -130; -170 130; 170 130; -170 -130; 170 -130; -170 130; 170 130,ITI;withStim,"","","","","78",search,Green,common,-170 -130;170 -130;-170 130;170 130;-170 -130;170 -130;-170 130;170 130,700,42,"16.68",539052,right,405,"0",""
"213","1","2",test,"",N21,N1,N11,targetB,left,left,right,right,right,.jpg,"700",correct: Correct!; incorrect: Incorrect!,center,"300","5000",left right,"",60%;60%;60%;60%;80%;80%;80%;80%,-170 -130; 170 -130; -170 130; 170 130; -170 -130; 170 -130; -170 130; 170 130,ITI;withStim,"","","","","48",search,Blue,neutral,-170 -130;170 -130;-170 130;170 130;-170 -130;170 -130;-170 130;170 130,700,42,"16.67",540891,right,845,"1",""
"232","1","2",test,"",targetB,round2,N20,N10,left,left,right,right,left,.jpg,"700",correct: Correct!; incorrect: Incorrect!,center,"300","5000",left right,"",60%;60%;60%;60%;80%;80%;80%;80%,-170 -130; 170 -130; -170 130; 170 130; -170 -130; 170 -130; -170 130; 170 130,ITI;withStim,"","","","","67",search,Blue,common,-170 -130;170 -130;-170 130;170 130;-170 -130;170 -130;-170 130;170 130,700,42,"16.68",542485,left,589,"1",""
"246","1","2",test,"",N2,N3,targetB,square2,right,left,right,left,right,.jpg,"700",correct: Correct!; incorrect: Incorrect!,center,"300","5000",left right,"",60%;60%;60%;60%;80%;80%;80%;80%,-170 -130; 170 -130; -170 130; 170 130; -170 -130; 170 -130; -170 130; 170 130,ITI;withStim,"","","","","81",search,Blue,common,-170 -130;170 -130;-170 130;170 130;-170 -130;170 -130;-170 130;170 130,700,42,"16.66",543947,left,467,"0",""
"194","1","2",test,"",targetB,b_cd9,N11,N9,left,right,right,left,left,.jpg,"700",correct: Correct!; incorrect: Incorrect!,center,"300","5000",left right,"",60%;60%;60%;60%;80%;80%;80%;80%,-170 -130; 170 -130; -170 130; 170 130; -170 -130; 170 -130; -170 130; 170 130,ITI;withStim,"","","","","29",search,Blue,unique,-170 -130;170 -130;-170 130;170 130;-170 -130;170 -130;-170 130;170 130,700,42,"16.67",545571,left,625,"1",""
"174","1","2",test,"",N26,r_cd7,targetR,N15,left,right,left,right,left,.jpg,"700",correct: Correct!; incorrect: Incorrect!,center,"300","5000",left right,"",60%;60%;60%;60%;80%;80%;80%;80%,-170 -130; 170 -130; -170 130; 170 130; -170 -130; 170 -130; -170 130; 170 130,ITI;withStim,"","","","","9",search,Red,unique,-170 -130;170 -130;-170 130;170 130;-170 -130;170 -130;-170 130;170 130,700,42,"16.66",547343,left,763,"1",""
"211","1","2",test,"",N11,g_cd7,N18,targetG,right,right,left,left,left,.jpg,"700",correct: Correct!; incorrect: Incorrect!,center,"300","5000",left right,"",60%;60%;60%;60%;80%;80%;80%;80%,-170 -130; 170 -130; -170 130; 170 130; -170 -130; 170 -130; -170 130; 170 130,ITI;withStim,"","","","","46",search,Green,unique,-170 -130;170 -130;-170 130;170 130;-170 -130;170 -130;-170 130;170 130,700,42,"16.66",548748,right,402,"0",""
"245","1","2",test,"",N8,N28,targetB,N18,right,right,left,left,left,.jpg,"700",correct: Correct!; incorrect: Incorrect!,center,"300","5000",left right,"",60%;60%;60%;60%;80%;80%;80%;80%,-170 -130; 170 -130; -170 130; 170 130; -170 -130; 170 -130; -170 130; 170 130,ITI;withStim,"","","","","80",search,Blue,neutral,-170 -130;170 -130;-170 130;170 130;-170 -130;170 -130;-170 130;170 130,700,42,"16.67",550149,left,403,"1",""
"184","1","2",test,"",targetB,N12,N2,N22,left,left,right,right,left,.jpg,"700",correct: Correct!; incorrect: Incorrect!,center,"300","5000",left right,"",60%;60%;60%;60%;80%;80%;80%;80%,-170 -130; 170 -130; -170 130; 170 130; -170 -130; 170 -130; -170 130; 170 130,ITI;withStim,"","","","","19",search,Blue,neutral,-170 -130;170 -130;-170 130;170 130;-170 -130;170 -130;-170 130;170 130,700,42,"16.67",551550,left,403,"1",""
"172","1","2",test,"",cylinder7,N22,N4,targetR,right,left,left,right,right,.jpg,"700",correct: Correct!; incorrect: Incorrect!,center,"300","5000",left right,"",60%;60%;60%;60%;80%;80%;80%;80%,-170 -130; 170 -130; -170 130; 170 130; -170 -130; 170 -130; -170 130; 170 130,ITI;withStim,"","","","","7",search,Red,common,-170 -130;170 -130;-170 130;170 130;-170 -130;170 -130;-170 130;170 130,700,42,"16.68",552897,right,351,"1",""
"168","1","2",test,"",N17,targetG,round6,N7,left,right,left,right,right,.jpg,"700",correct: Correct!; incorrect: Incorrect!,center,"300","5000",left right,"",60%;60%;60%;60%;80%;80%;80%;80%,-170 -130; 170 -130; -170 130; 170 130; -170 -130; 170 -130; -170 130; 170 130,ITI;withStim,"","","","","3",search,Green,common,-170 -130;170 -130;-170 130;170 130;-170 -130;170 -130;-170 130;170 130,700,42,"16.67",554405,right,509,"1",""
"171","1","2",test,"",N10,N3,targetB,b_cd8,left,right,left,right,left,.jpg,"700",correct: Correct!; incorrect: Incorrect!,center,"300","5000",left right,"",60%;60%;60%;60%;80%;80%;80%;80%,-170 -130; 170 -130; -170 130; 170 130; -170 -130; 170 -130; -170 130; 170 130,ITI;withStim,"","","","","6",search,Blue,unique,-170 -130;170 -130;-170 130;170 130;-170 -130;170 -130;-170 130;170 130,700,42,"16.65",555756,left,361,"1",""
"249","1","2",test,"",N19,N12,cylinder4,targetG,left,right,right,left,left,.jpg,"700",correct: Correct!; incorrect: Incorrect!,center,"300","5000",left right,"",60%;60%;60%;60%;80%;80%;80%;80%,-170 -130; 170 -130; -170 130; 170 130; -170 -130; 170 -130; -170 130; 170 130,ITI;withStim,"","","","","84",search,Green,common,-170 -130;170 -130;-170 130;170 130;-170 -130;170 -130;-170 130;170 130,700,42,"16.67",557140,right,377,"0",""
"176","1","2",test,"",targetB,N10,N20,N30,right,left,right,left,right,.jpg,"700",correct: Correct!; incorrect: Incorrect!,center,"300","5000",left right,"",60%;60%;60%;60%;80%;80%;80%;80%,-170 -130; 170 -130; -170 130; 170 130; -170 -130; 170 -130; -170 130; 170 130,ITI;withStim,"","","","","11",search,Blue,neutral,-170 -130;170 -130;-170 130;170 130;-170 -130;170 -130;-170 130;170 130,700,42,"16.67",558436,left,289,"0",""
"202","1","2",test,"",b_cd1,targetB,N7,N15,right,left,right,left,left,.jpg,"700",correct: Correct!; incorrect: Incorrect!,center,"300","5000",left right,"",60%;60%;60%;60%;80%;80%;80%;80%,-170 -130; 170 -130; -170 130; 170 130; -170 -130; 170 -130; -170 130; 170 130,ITI;withStim,"","","","","37",search,Blue,unique,-170 -130;170 -130;-170 130;170 130;-170 -130;170 -130;-170 130;170 130,700,42,"16.67",559913,right,483,"0",""
"170","1","2",test,"",targetR,N21,cylinder9,N16,left,right,right,left,left,.jpg,"700",correct: Correct!; incorrect: Incorrect!,center,"300","5000",left right,"",60%;60%;60%;60%;80%;80%;80%;80%,-170 -130; 170 -130; -170 130; 170 130; -170 -130; 170 -130; -170 130; 170 130,ITI;withStim,"","","","","5",search,Red,common,-170 -130;170 -130;-170 130;170 130;-170 -130;170 -130;-170 130;170 130,700,42,"16.67",561384,left,472,"1",""
"215","1","2",test,"",N18,b_cd3,N15,targetB,right,right,left,left,left,.jpg,"700",correct: Correct!; incorrect: Incorrect!,center,"300","5000",left right,"",60%;60%;60%;60%;80%;80%;80%;80%,-170 -130; 170 -130; -170 130; 170 130; -170 -130; 170 -130; -170 130; 170 130,ITI;withStim,"","","","","50",search,Blue,unique,-170 -130;170 -130;-170 130;170 130;-170 -130;170 -130;-170 130;170 130,700,42,"16.66",562815,right,435,"0",""
"247","1","2",test,"",N16,N26,N6,targetR,right,right,left,left,left,.jpg,"700",correct: Correct!; incorrect: Incorrect!,center,"300","5000",left right,"",60%;60%;60%;60%;80%;80%;80%;80%,-170 -130; 170 -130; -170 130; 170 130; -170 -130; 170 -130; -170 130; 170 130,ITI;withStim,"","","","","82",search,Red,neutral,-170 -130;170 -130;-170 130;170 130;-170 -130;170 -130;-170 130;170 130,700,42,"16.67",564252,right,438,"0",""
"227","1","2",test,"",N18,targetR,N28,N8,right,left,left,right,left,.jpg,"700",correct: Correct!; incorrect: Incorrect!,center,"300","5000",left right,"",60%;60%;60%;60%;80%;80%;80%;80%,-170 -130; 170 -130; -170 130; 170 130; -170 -130; 170 -130; -170 130; 170 130,ITI;withStim,"","","","","62",search,Red,neutral,-170 -130;170 -130;-170 130;170 130;-170 -130;170 -130;-170 130;170 130,700,42,"16.67",565713,right,467,"0",""
"229","1","2",test,"",N9,targetG,g_cd6,N8,left,left,right,right,left,.jpg,"700",correct: Correct!; incorrect: Incorrect!,center,"300","5000",left right,"",60%;60%;60%;60%;80%;80%;80%;80%,-170 -130; 170 -130; -170 130; 170 130; -170 -130; 170 -130; -170 130; 170 130,ITI;withStim,"","","","","64",search,Green,unique,-170 -130;170 -130;-170 130;170 130;-170 -130;170 -130;-170 130;170 130,700,42,"16.66",567166,right,453,"0",""
"180","1","2",test,"",targetR,N4,N24,N14,left,left,right,right,left,.jpg,"700",correct: Correct!; incorrect: Incorrect!,center,"300","5000",left right,"",60%;60%;60%;60%;80%;80%;80%;80%,-170 -130; 170 -130; -170 130; 170 130; -170 -130; 170 -130; -170 130; 170 130,ITI;withStim,"","","","","15",search,Red,neutral,-170 -130;170 -130;-170 130;170 130;-170 -130;170 -130;-170 130;170 130,700,42,"16.67",568564,left,401,"1",""
"222","1","2",test,"",targetB,b_cd4,N7,N5,right,right,left,left,right,.jpg,"700",correct: Correct!; incorrect: Incorrect!,center,"300","5000",left right,"",60%;60%;60%;60%;80%;80%;80%;80%,-170 -130; 170 -130; -170 130; 170 130; -170 -130; 170 -130; -170 130; 170 130,ITI;withStim,"","","","","57",search,Blue,unique,-170 -130;170 -130;-170 130;170 130;-170 -130;170 -130;-170 130;170 130,700,42,"16.67",570252,left,689,"0",""
"191","1","2",test,"",N7,targetB,cylinder1,N12,right,left,right,left,left,.jpg,"700",correct: Correct!; incorrect: Incorrect!,center,"300","5000",left right,"",60%;60%;60%;60%;80%;80%;80%;80%,-170 -130; 170 -130; -170 130; 170 130; -170 -130; 170 -130; -170 130; 170 130,ITI;withStim,"","","","","26",search,Blue,common,-170 -130;170 -130;-170 130;170 130;-170 -130;170 -130;-170 130;170 130,700,42,"16.68",571683,right,437,"0",""
"224","1","2",test,"",round9,N2,N5,targetR,right,left,right,left,left,.jpg,"700",correct: Correct!; incorrect: Incorrect!,center,"300","5000",left right,"",60%;60%;60%;60%;80%;80%;80%;80%,-170 -130; 170 -130; -170 130; 170 130; -170 -130; 170 -130; -170 130; 170 130,ITI;withStim,"","","","","59",search,Red,common,-170 -130;170 -130;-170 130;170 130;-170 -130;170 -130;-170 130;170 130,700,42,"16.67",573213,right,534,"0",""
"183","1","2",test,"",square1,N2,targetB,N6,right,right,left,left,left,.jpg,"700",correct: Correct!; incorrect: Incorrect!,center,"300","5000",left right,"",60%;60%;60%;60%;80%;80%;80%;80%,-170 -130; 170 -130; -170 130; 170 130; -170 -130; 170 -130; -170 130; 170 130,ITI;withStim,"","","","","18",search,Blue,common,-170 -130;170 -130;-170 130;170 130;-170 -130;170 -130;-170 130;170 130,700,42,"16.66",574660,right,447,"0",""
"231","1","2",test,"",N11,targetB,b_cd6,N6,right,left,right,left,left,.jpg,"700",correct: Correct!; incorrect: Incorrect!,center,"300","5000",left right,"",60%;60%;60%;60%;80%;80%;80%;80%,-170 -130; 170 -130; -170 130; 170 130; -170 -130; 170 -130; -170 130; 170 130,ITI;withStim,"","","","","66",search,Blue,unique,-170 -130;170 -130;-170 130;170 130;-170 -130;170 -130;-170 130;170 130,699,42,"16.67",576037,right,375,"0",""
"178","1","2",test,"",targetG,N10,N20,N30,left,left,right,right,left,.jpg,"700",correct: Correct!; incorrect: Incorrect!,center,"300","5000",left right,"",60%;60%;60%;60%;80%;80%;80%;80%,-170 -130; 170 -130; -170 130; 170 130; -170 -130; 170 -130; -170 130; 170 130,ITI;withStim,"","","","","13",search,Green,neutral,-170 -130;170 -130;-170 130;170 130;-170 -130;170 -130;-170 130;170 130,700,42,"16.67",577445,left,415,"1",""
"175","1","2",test,"",targetB,N15,N5,N25,right,left,right,left,right,.jpg,"700",correct: Correct!; incorrect: Incorrect!,center,"300","5000",left right,"",60%;60%;60%;60%;80%;80%;80%;80%,-170 -130; 170 -130; -170 130; 170 130; -170 -130; 170 -130; -170 130; 170 130,ITI;withStim,"","","","","10",search,Blue,neutral,-170 -130;170 -130;-170 130;170 130;-170 -130;170 -130;-170 130;170 130,700,42,"16.67",579013,left,567,"0",""
"235","1","2",test,"",N14,targetR,irr3,N6,left,right,left,right,right,.jpg,"700",correct: Correct!; incorrect: Incorrect!,center,"300","5000",left right,"",60%;60%;60%;60%;80%;80%;80%;80%,-170 -130; 170 -130; -170 130; 170 130; -170 -130; 170 -130; -170 130; 170 130,ITI;withStim,"","","","","70",search,Red,common,-170 -130;170 -130;-170 130;170 130;-170 -130;170 -130;-170 130;170 130,700,42,"16.67",580481,right,468,"1",""
"177","1","2",test,"",r_cd9,N15,N16,targetR,left,left,right,right,right,.jpg,"700",correct: Correct!; incorrect: Incorrect!,center,"300","5000",left right,"",60%;60%;60%;60%;80%;80%;80%;80%,-170 -130; 170 -130; -170 130; 170 130; -170 -130; 170 -130; -170 130; 170 130,ITI;withStim,"","","","","12",search,Red,unique,-170 -130;170 -130;-170 130;170 130;-170 -130;170 -130;-170 130;170 130,700,42,"16.67",583468,right,1988,"1",""
"239","1","2",test,"",N3,N23,N13,targetB,left,right,right,left,left,.jpg,"700",correct: Correct!; incorrect: Incorrect!,center,"300","5000",left right,"",60%;60%;60%;60%;80%;80%;80%;80%,-170 -130; 170 -130; -170 130; 170 130; -170 -130; 170 -130; -170 130; 170 130,ITI;withStim,"","","","","74",search,Blue,neutral,-170 -130;170 -130;-170 130;170 130;-170 -130;170 -130;-170 130;170 130,700,42,"16.67",587073,left,2611,"1",""
"195","1","2",test,"",targetG,N11,N1,N21,right,right,left,left,right,.jpg,"700",correct: Correct!; incorrect: Incorrect!,center,"300","5000",left right,"",60%;60%;60%;60%;80%;80%;80%;80%,-170 -130; 170 -130; -170 130; 170 130; -170 -130; 170 -130; -170 130; 170 130,ITI;withStim,"","","","","30",search,Green,neutral,-170 -130;170 -130;-170 130;170 130;-170 -130;170 -130;-170 130;170 130,700,42,"16.66",589528,left,1448,"0",""
"244","1","2",test,"",targetR,cylinder8,N2,N15,right,left,right,left,right,.jpg,"700",correct: Correct!; incorrect: Incorrect!,center,"300","5000",left right,"",60%;60%;60%;60%;80%;80%;80%;80%,-170 -130; 170 -130; -170 130; 170 130; -170 -130; 170 -130; -170 130; 170 130,ITI;withStim,"","","","","79",search,Red,common,-170 -130;170 -130;-170 130;170 130;-170 -130;170 -130;-170 130;170 130,699,42,"16.67",591893,left,1362,"0",""
"237","1","2",test,"",N22,targetR,N2,N12,left,right,left,right,right,.jpg,"700",correct: Correct!; incorrect: Incorrect!,center,"300","5000",left right,"",60%;60%;60%;60%;80%;80%;80%;80%,-170 -130; 170 -130; -170 130; 170 130; -170 -130; 170 -130; -170 130; 170 130,ITI;withStim,"","","","","72",search,Red,neutral,-170 -130;170 -130;-170 130;170 130;-170 -130;170 -130;-170 130;170 130,700,42,"16.67",593724,right,828,"1",""
"216","1","2",test,"",N18,targetR,square7,N6,right,left,left,right,left,.jpg,"700",correct: Correct!; incorrect: Incorrect!,center,"300","5000",left right,"",60%;60%;60%;60%;80%;80%;80%;80%,-170 -130; 170 -130; -170 130; 170 130; -170 -130; 170 -130; -170 130; 170 130,ITI;withStim,"","","","","51",search,Red,common,-170 -130;170 -130;-170 130;170 130;-170 -130;170 -130;-170 130;170 130,700,42,"16.66",595589,right,859,"0",""
"197","1","2",test,"",N26,N6,N16,targetB,right,left,left,right,right,.jpg,"700",correct: Correct!; incorrect: Incorrect!,center,"300","5000",left right,"",60%;60%;60%;60%;80%;80%;80%;80%,-170 -130; 170 -130; -170 130; 170 130; -170 -130; 170 -130; -170 130; 170 130,ITI;withStim,"","","","","32",search,Blue,neutral,-170 -130;170 -130;-170 130;170 130;-170 -130;170 -130;-170 130;170 130,700,42,"16.66",597280,right,701,"1",""
"223","1","2",test,"",N3,N16,r_cd2,targetR,right,right,left,left,left,.jpg,"700",correct: Correct!; incorrect: Incorrect!,center,"300","5000",left right,"",60%;60%;60%;60%;80%;80%;80%;80%,-170 -130; 170 -130; -170 130; 170 130; -170 -130; 170 -130; -170 130; 170 130,ITI;withStim,"","","","","58",search,Red,unique,-170 -130;170 -130;-170 130;170 130;-170 -130;170 -130;-170 130;170 130,700,42,"16.66",599185,right,904,"0",""
"208","1","2",test,"",N6,N20,g_cd1,targetG,left,right,right,left,left,.jpg,"700",correct: Correct!; incorrect: Incorrect!,center,"300","5000",left right,"",60%;60%;60%;60%;80%;80%;80%;80%,-170 -130; 170 -130; -170 130; 170 130; -170 -130; 170 -130; -170 130; 170 130,ITI;withStim,"","","","","43",search,Green,unique,-170 -130;170 -130;-170 130;170 130;-170 -130;170 -130;-170 130;170 130,700,42,"16.66",600843,right,663,"0",""
"181","1","2",test,"",N11,N2,targetB,cylinder3,left,right,left,right,left,.jpg,"700",correct: Correct!; incorrect: Incorrect!,center,"300","5000",left right,"",60%;60%;60%;60%;80%;80%;80%;80%,-170 -130; 170 -130; -170 130; 170 130; -170 -130; 170 -130; -170 130; 170 130,ITI;withStim,"","","","","16",search,Blue,common,-170 -130;170 -130;-170 130;170 130;-170 -130;170 -130;-170 130;170 130,700,42,"16.65",602445,left,599,"1",""
"199","1","2",test,"",N8,targetG,N18,N28,left,right,left,right,right,.jpg,"700",correct: Correct!; incorrect: Incorrect!,center,"300","5000",left right,"",60%;60%;60%;60%;80%;80%;80%;80%,-170 -130; 170 -130; -170 130; 170 130; -170 -130; 170 -130; -170 130; 170 130,ITI;withStim,"","","","","34",search,Green,neutral,-170 -130;170 -130;-170 130;170 130;-170 -130;170 -130;-170 130;170 130,700,42,"16.66",603785,right,339,"1",""
"253","1","2",test,"",N26,cylinder2,targetB,N9,right,left,left,right,left,.jpg,"700",correct: Correct!; incorrect: Incorrect!,center,"300","5000",left right,"",60%;60%;60%;60%;80%;80%;80%;80%,-170 -130; 170 -130; -170 130; 170 130; -170 -130; 170 -130; -170 130; 170 130,ITI;withStim,"","","","","88",search,Blue,common,-170 -130;170 -130;-170 130;170 130;-170 -130;170 -130;-170 130;170 130,700,42,"16.67",605242,left,460,"1",""
"225","1","2",test,"",targetG,N3,N9,square5,left,left,right,right,left,.jpg,"700",correct: Correct!; incorrect: Incorrect!,center,"300","5000",left right,"",60%;60%;60%;60%;80%;80%;80%;80%,-170 -130; 170 -130; -170 130; 170 130; -170 -130; 170 -130; -170 130; 170 130,ITI;withStim,"","","","","60",search,Green,common,-170 -130;170 -130;-170 130;170 130;-170 -130;170 -130;-170 130;170 130,699,42,"16.66",606683,left,437,"1",""
"169","1","2",test,"",targetB,N10,N12,b_cd5,right,left,left,right,right,.jpg,"700",correct: Correct!; incorrect: Incorrect!,center,"300","5000",left right,"",60%;60%;60%;60%;80%;80%;80%;80%,-170 -130; 170 -130; -170 130; 170 130; -170 -130; 170 -130; -170 130; 170 130,ITI;withStim,"","","","","4",search,Blue,unique,-170 -130;170 -130;-170 130;170 130;-170 -130;170 -130;-170 130;170 130,700,42,"16.67",608128,left,449,"0",""
"200","1","2",test,"",targetG,N5,square4,N15,left,right,right,left,left,.jpg,"700",correct: Correct!; incorrect: Incorrect!,center,"300","5000",left right,"",60%;60%;60%;60%;80%;80%;80%;80%,-170 -130; 170 -130; -170 130; 170 130; -170 -130; 170 -130; -170 130; 170 130,ITI;withStim,"","","","","35",search,Green,common,-170 -130;170 -130;-170 130;170 130;-170 -130;170 -130;-170 130;170 130,700,42,"16.67",609497,left,366,"1",""
"198","1","2",test,"",N6,targetB,N13,round1,left,left,right,right,left,.jpg,"700",correct: Correct!; incorrect: Incorrect!,center,"300","5000",left right,"",60%;60%;60%;60%;80%;80%;80%;80%,-170 -130; 170 -130; -170 130; 170 130; -170 -130; 170 -130; -170 130; 170 130,ITI;withStim,"","","","","33",search,Blue,common,-170 -130;170 -130;-170 130;170 130;-170 -130;170 -130;-170 130;170 130,700,42,"16.67",610855,right,358,"0",""
"189","1","2",test,"",N5,N6,targetR,square8,right,right,left,left,left,.jpg,"700",correct: Correct!; incorrect: Incorrect!,center,"300","5000",left right,"",60%;60%;60%;60%;80%;80%;80%;80%,-170 -130; 170 -130; -170 130; 170 130; -170 -130; 170 -130; -170 130; 170 130,ITI;withStim,"","","","","24",search,Red,common,-170 -130;170 -130;-170 130;170 130;-170 -130;170 -130;-170 130;170 130,700,42,"16.65",612405,right,541,"0",""
"251","1","2",test,"",targetR,r_cd1,N20,N21,right,right,left,left,right,.jpg,"700",correct: Correct!; incorrect: Incorrect!,center,"300","5000",left right,"",60%;60%;60%;60%;80%;80%;80%;80%,-170 -130; 170 -130; -170 130; 170 130; -170 -130; 170 -130; -170 130; 170 130,ITI;withStim,"","","","","86",search,Red,unique,-170 -130;170 -130;-170 130;170 130;-170 -130;170 -130;-170 130;170 130,700,42,"16.67",613814,left,418,"0",""
"192","1","2",test,"",targetB,N19,N29,N9,right,left,left,right,right,.jpg,"700",correct: Correct!; incorrect: Incorrect!,center,"300","5000",left right,"",60%;60%;60%;60%;80%;80%;80%;80%,-170 -130; 170 -130; -170 130; 170 130; -170 -130; 170 -130; -170 130; 170 130,ITI;withStim,"","","","","27",search,Blue,neutral,-170 -130;170 -130;-170 130;170 130;-170 -130;170 -130;-170 130;170 130,700,42,"16.67",615248,left,435,"0",""
"185","1","2",test,"",targetG,N14,g_cd4,N4,left,right,left,right,left,.jpg,"700",correct: Correct!; incorrect: Incorrect!,center,"300","5000",left right,"",60%;60%;60%;60%;80%;80%;80%;80%,-170 -130; 170 -130; -170 130; 170 130; -170 -130; 170 -130; -170 130; 170 130,ITI;withStim,"","","","","20",search,Green,unique,-170 -130;170 -130;-170 130;170 130;-170 -130;170 -130;-170 130;170 130,700,42,"16.66",616646,left,400,"1",""
"179","1","2",test,"",r_cd3,targetR,N16,N11,right,left,right,left,left,.jpg,"700",correct: Correct!; incorrect: Incorrect!,center,"300","5000",left right,"",60%;60%;60%;60%;80%;80%;80%;80%,-170 -130; 170 -130; -170 130; 170 130; -170 -130; 170 -130; -170 130; 170 130,ITI;withStim,"","","","","14",search,Red,unique,-170 -130;170 -130;-170 130;170 130;-170 -130;170 -130;-170 130;170 130,700,42,"16.66",618177,right,530,"0",""
"254","1","2",test,"",N23,N3,N13,targetR,left,left,right,right,right,.jpg,"700",correct: Correct!; incorrect: Incorrect!,center,"300","5000",left right,"",60%;60%;60%;60%;80%;80%;80%;80%,-170 -130; 170 -130; -170 130; 170 130; -170 -130; 170 -130; -170 130; 170 130,ITI;withStim,"","","","","89",search,Red,neutral,-170 -130;170 -130;-170 130;170 130;-170 -130;170 -130;-170 130;170 130,700,42,"16.65",619597,right,417,"1",""
"210","1","2",test,"",N11,targetB,round3,N9,right,right,left,left,right,.jpg,"700",correct: Correct!; incorrect: Incorrect!,center,"300","5000",left right,"",60%;60%;60%;60%;80%;80%;80%;80%,-170 -130; 170 -130; -170 130; 170 130; -170 -130; 170 -130; -170 130; 170 130,ITI;withStim,"","","","","45",search,Blue,common,-170 -130;170 -130;-170 130;170 130;-170 -130;170 -130;-170 130;170 130,699,42,"16.68",621173,right,578,"1",""
"206","1","2",test,"",cylinder6,targetG,N16,N15,right,left,right,left,left,.jpg,"700",correct: Correct!; incorrect: Incorrect!,center,"300","5000",left right,"",60%;60%;60%;60%;80%;80%;80%;80%,-170 -130; 170 -130; -170 130; 170 130; -170 -130; 170 -130; -170 130; 170 130,ITI;withStim,"","","","","41",search,Green,common,-170 -130;170 -130;-170 130;170 130;-170 -130;170 -130;-170 130;170 130,700,42,"16.66",622543,right,380,"0",""
"242","1","2",test,"",square3,N9,targetB,N17,right,left,left,right,left,.jpg,"700",correct: Correct!; incorrect: Incorrect!,center,"300","5000",left right,"",60%;60%;60%;60%;80%;80%;80%;80%,-170 -130; 170 -130; -170 130; 170 130; -170 -130; 170 -130; -170 130; 170 130,ITI;withStim,"","","","","77",search,Blue,common,-170 -130;170 -130;-170 130;170 130;-170 -130;170 -130;-170 130;170 130,700,42,"16.66",624047,left,501,"1",""
"214","1","2",test,"",targetG,N17,N27,N7,left,right,right,left,left,.jpg,"700",correct: Correct!; incorrect: Incorrect!,center,"300","5000",left right,"",60%;60%;60%;60%;80%;80%;80%;80%,-170 -130; 170 -130; -170 130; 170 130; -170 -130; 170 -130; -170 130; 170 130,ITI;withStim,"","","","","49",search,Green,neutral,-170 -130;170 -130;-170 130;170 130;-170 -130;170 -130;-170 130;170 130,700,42,"16.65",625660,left,612,"1",""
"166","1","2",test,"",N17,cylinder5,N4,targetG,left,right,left,right,right,.jpg,"700",correct: Correct!; incorrect: Incorrect!,center,"300","5000",left right,"",60%;60%;60%;60%;80%;80%;80%;80%,-170 -130; 170 -130; -170 130; 170 130; -170 -130; 170 -130; -170 130; 170 130,ITI;withStim,"","","","","1",search,Green,common,-170 -130;170 -130;-170 130;170 130;-170 -130;170 -130;-170 130;170 130,700,42,"16.66",627083,right,421,"1",""
"260","","",form,In what order did you use the color and shape to find the target during the search task?,"","","","","","","","","","","","","","","","",survey,"","","",radio,I only used the color; I only used the shape; I used the color first and then looked at the shape to decide if it is the target; I used the shape first and then looked at the color to decide if it is the target; I used both color and shape at the same time,"1","1","",survey,"","","",0,42,"16.67",641541,I used both color and shape at the same time,12212,"0","5"
260_2,"","",form,How frequently did you use the color to find the target?,"","","","","","","","","","","","","","","","",survey,"","","",radio,Never; Rarely; Sometimes; Often; Always,"1","1","",survey,"","","",0,42,"16.66",641541,Sometimes,12212,"0","3"
260_3,"","",form,How frequently did you use the shape to find the target?,"","","","","","","","","","","","","","","","",survey,"","","",radio,Never; Rarely; Sometimes; Often; Always,"1","1","",survey,"","","",0,42,"16.66",641541,Sometimes,12212,"0","3"
260_4,"","",form,"How focused were you over the course of this experiment?  1 = Not at all, 9 = Very","","","","","","","","","","","","","","","","",survey,"","","",slider,1_9_1; 1,"1","1","",survey,"","","",0,42,"16.67",641541,"3",12212,"0","3"