GMT_timestamp,local_timestamp,trial_file_version,link,duration_s
2023-05-10_22:55:23,2023-05-10_15:55:23,2023-04-29_18:05:41,https://www.testable.org/experiment/11000/400394/start?sona_id=109749,924.01

rowNo,random,randomBlock,type,head,stim1,stim2,stim3,stim4,stim5,stim6,stim7,stim8,key,stimFormat,ITI,feedback,feedbackOptions,feedbackTime,responseWindow,keyboard,title,stimSize,stimPos,fixation,responseType,responseOptions,required,separator,trial_num,tasks,cond_target,cond_level,stimPos_actual,ITI_ms,ITI_f,ITI_fDuration,timestamp,response,RT,correct,responseCode
"10","","",form,"Participant ID (Your initials and last four digits of student ID, e.g, XY5750)","","","","","","","","","","","","","","","","","","","","",comment,"","1","1","",demo,"","","",0,0,0,84371,JN7326,58694,"0",NA
10_2,"","",form,Age,"","","","","","","","","","","","","","","","","","","","",comment,"","1","1","",demo,"","","",0,"","",84371,"22",58694,"0",NA
10_3,"","",form,Date of Birth (MM/DD/YYYY),"","","","","","","","","","","","","","","","","","","","",comment,"","1","1","",demo,"","","",0,"","",84371,09/09/2000,58694,"0",NA
10_4,"","",form,Today's Date (MM/DD/YYYY),"","","","","","","","","","","","","","","","","","","","",comment,"","1","1","",demo,"","","",0,"","",84371,05/10/2023,58694,"0",NA
10_5,"","",form,Gender,"","","","","","","","","","","","","","","","","","","","",dropdown,Male; Female; Non Binary,"1","1","",demo,"","","",0,"","",84371,Female,58694,"0","2"
10_6,"","",form,Handedness,"","","","","","","","","","","","","","","","","","","","",dropdown,Right; Left,"1","1","",demo,"","","",0,"","",84371,Right,58694,"0","1"
10_7,"","",form,Ethnicity,"","","","","","","","","","","","","","","","","","","","",dropdown,Hispanic or Latino; Not hispanic or Latino,"1","1","",demo,"","","",0,"","",84371,Not hispanic or Latino,58694,"0","2"
10_8,"","",form,Race,"","","","","","","","","","","","","","","","","","","","",dropdown,American Inidan/ Alaskan tive; Asian; Other pacific Islander; Black or African American; White; More than One race; Not Listed,"1","1","",demo,"","","",0,"","",84371,Asian,58694,"0","2"
"41","1","",test,"",targetB,"","","","","","","",y,.jpg,"700",correct: Correct!; incorrect: Incorrect!,center,"300","5000",y i,"",60%,"",ITI,"","","","","24",training,targetB,target,"",700,"","",121984,y,1034,"1",""
"28","1","",test,"",N5,"","","","","","","",i,.jpg,"700",correct: Correct!; incorrect: Incorrect!,center,"300","5000",y i,"",60%,"",ITI,"","","","","11",training,unique,non target,"",700,0,0,123965,i,977,"1",""
"18","1","",test,"",cylinder6,"","","","","","","",i,.jpg,"700",correct: Correct!; incorrect: Incorrect!,center,"300","5000",y i,"",60%,"",ITI,"","","","","1",training,common,non target,"",700,0,0,125680,i,709,"1",""
"44","1","",test,"",targetG,"","","","","","","",y,.jpg,"700",correct: Correct!; incorrect: Incorrect!,center,"300","5000",y i,"",60%,"",ITI,"","","","","27",training,targetG,target,"",700,0,0,127416,y,746,"1",""
"50","1","",test,"",targetR,"","","","","","","",y,.jpg,"700",correct: Correct!; incorrect: Incorrect!,center,"300","5000",y i,"",60%,"",ITI,"","","","","33",training,targetR,target,"",700,0,0,129139,y,720,"1",""
"42","1","",test,"",targetG,"","","","","","","",y,.jpg,"700",correct: Correct!; incorrect: Incorrect!,center,"300","5000",y i,"",60%,"",ITI,"","","","","25",training,targetG,target,"",700,0,0,130832,y,697,"1",""
"46","1","",test,"",targetG,"","","","","","","",y,.jpg,"700",correct: Correct!; incorrect: Incorrect!,center,"300","5000",y i,"",60%,"",ITI,"","","","","29",training,targetG,target,"",704,0,0,132368,y,527,"1",""
"39","1","",test,"",targetB,"","","","","","","",y,.jpg,"700",correct: Correct!; incorrect: Incorrect!,center,"300","5000",y i,"",60%,"",ITI,"","","","","22",training,targetB,target,"",700,0,0,134184,y,811,"1",""
"32","1","",test,"",g_cd1,"","","","","","","",i,.jpg,"700",correct: Correct!; incorrect: Incorrect!,center,"300","5000",y i,"",60%,"",ITI,"","","","","15",training,neutral,non target,"",700,42,"16.67",136298,i,1125,"1",""
"20","1","",test,"",round9,"","","","","","","",i,.jpg,"700",correct: Correct!; incorrect: Incorrect!,center,"300","5000",y i,"",60%,"",ITI,"","","","","3",training,common,non target,"",700,42,"16.67",138003,i,713,"1",""
"51","1","",test,"",targetR,"","","","","","","",y,.jpg,"700",correct: Correct!; incorrect: Incorrect!,center,"300","5000",y i,"",60%,"",ITI,"","","","","34",training,targetR,target,"",700,42,"16.67",139742,y,735,"1",""
"48","1","",test,"",targetR,"","","","","","","",y,.jpg,"700",correct: Correct!; incorrect: Incorrect!,center,"300","5000",y i,"",60%,"",ITI,"","","","","31",training,targetR,target,"",700,42,"16.67",141827,y,1088,"1",""
"21","1","",test,"",round2,"","","","","","","",i,.jpg,"700",correct: Correct!; incorrect: Incorrect!,center,"300","5000",y i,"",60%,"",ITI,"","","","","4",training,common,non target,"",700,42,"16.67",143468,i,636,"1",""
"40","1","",test,"",targetB,"","","","","","","",y,.jpg,"700",correct: Correct!; incorrect: Incorrect!,center,"300","5000",y i,"",60%,"",ITI,"","","","","23",training,targetB,target,"",700,42,"16.67",145085,y,619,"1",""
"30","1","",test,"",b_cd1,"","","","","","","",i,.jpg,"700",correct: Correct!; incorrect: Incorrect!,center,"300","5000",y i,"",60%,"",ITI,"","","","","13",training,neutral,non target,"",700,42,"16.77",146792,i,711,"1",""
"33","1","",test,"",g_cd4,"","","","","","","",i,.jpg,"700",correct: Correct!; incorrect: Incorrect!,center,"300","5000",y i,"",60%,"",ITI,"","","","","16",training,neutral,non target,"",700,42,"16.67",148764,i,982,"1",""
"52","1","",test,"",targetR,"","","","","","","",y,.jpg,"700",correct: Correct!; incorrect: Incorrect!,center,"300","5000",y i,"",60%,"",ITI,"","","","","35",training,targetR,target,"",700,42,"16.67",150346,y,580,"1",""
"49","1","",test,"",targetR,"","","","","","","",y,.jpg,"700",correct: Correct!; incorrect: Incorrect!,center,"300","5000",y i,"",60%,"",ITI,"","","","","32",training,targetR,target,"",700,42,"16.67",151877,y,528,"1",""
"38","1","",test,"",targetB,"","","","","","","",y,.jpg,"700",correct: Correct!; incorrect: Incorrect!,center,"300","5000",y i,"",60%,"",ITI,"","","","","21",training,targetB,target,"",700,42,"16.67",153537,y,669,"1",""
"43","1","",test,"",targetG,"","","","","","","",y,.jpg,"700",correct: Correct!; incorrect: Incorrect!,center,"300","5000",y i,"",60%,"",ITI,"","","","","26",training,targetG,target,"",700,42,"16.67",155282,y,747,"1",""
"19","1","",test,"",cylinder7,"","","","","","","",i,.jpg,"700",correct: Correct!; incorrect: Incorrect!,center,"300","5000",y i,"",60%,"",ITI,"","","","","2",training,common,non target,"",700,42,"16.67",156967,i,681,"1",""
"36","1","",test,"",targetB,"","","","","","","",y,.jpg,"700",correct: Correct!; incorrect: Incorrect!,center,"300","5000",y i,"",60%,"",ITI,"","","","","19",training,targetB,target,"",700,42,"16.67",158548,y,579,"1",""
"22","1","",test,"",square1,"","","","","","","",i,.jpg,"700",correct: Correct!; incorrect: Incorrect!,center,"300","5000",y i,"",60%,"",ITI,"","","","","5",training,common,non target,"",700,42,"16.67",160600,i,1065,"1",""
"27","1","",test,"",N4,"","","","","","","",i,.jpg,"700",correct: Correct!; incorrect: Incorrect!,center,"300","5000",y i,"",60%,"",ITI,"","","","","10",training,unique,non target,"",700,42,"16.67",162267,i,666,"1",""
"45","1","",test,"",targetG,"","","","","","","",y,.jpg,"700",correct: Correct!; incorrect: Incorrect!,center,"300","5000",y i,"",60%,"",ITI,"","","","","28",training,targetG,target,"",700,42,"16.67",163883,y,626,"1",""
"24","1","",test,"",N1,"","","","","","","",i,.jpg,"700",correct: Correct!; incorrect: Incorrect!,center,"300","5000",y i,"",60%,"",ITI,"","","","","7",training,unique,non target,"",700,42,"16.67",166127,i,1251,"1",""
"26","1","",test,"",N3,"","","","","","","",i,.jpg,"700",correct: Correct!; incorrect: Incorrect!,center,"300","5000",y i,"",60%,"",ITI,"","","","","9",training,unique,non target,"",700,42,"16.67",167774,i,650,"1",""
"35","1","",test,"",r_cd4,"","","","","","","",i,.jpg,"700",correct: Correct!; incorrect: Incorrect!,center,"300","5000",y i,"",60%,"",ITI,"","","","","18",training,neutral,non target,"",700,42,"16.67",169380,i,605,"1",""
"25","1","",test,"",N2,"","","","","","","",i,.jpg,"700",correct: Correct!; incorrect: Incorrect!,center,"300","5000",y i,"",60%,"",ITI,"","","","","8",training,unique,non target,"",700,42,"16.67",171018,i,644,"1",""
"53","1","",test,"",targetR,"","","","","","","",y,.jpg,"700",correct: Correct!; incorrect: Incorrect!,center,"300","5000",y i,"",60%,"",ITI,"","","","","36",training,targetR,target,"",700,42,"16.67",172576,y,568,"1",""
"47","1","",test,"",targetG,"","","","","","","",y,.jpg,"700",correct: Correct!; incorrect: Incorrect!,center,"300","5000",y i,"",60%,"",ITI,"","","","","30",training,targetG,target,"",700,42,"16.67",174080,y,513,"1",""
"34","1","",test,"",r_cd1,"","","","","","","",i,.jpg,"700",correct: Correct!; incorrect: Incorrect!,center,"300","5000",y i,"",60%,"",ITI,"","","","","17",training,neutral,non target,"",700,42,"16.67",175840,i,757,"1",""
"31","1","",test,"",b_cd4,"","","","","","","",i,.jpg,"700",correct: Correct!; incorrect: Incorrect!,center,"300","5000",y i,"",60%,"",ITI,"","","","","14",training,neutral,non target,"",700,42,"16.67",177490,i,656,"1",""
"37","1","",test,"",targetB,"","","","","","","",y,.jpg,"700",correct: Correct!; incorrect: Incorrect!,center,"300","5000",y i,"",60%,"",ITI,"","","","","20",training,targetB,target,"",700,42,"16.67",179080,y,597,"1",""
"29","1","",test,"",N6,"","","","","","","",i,.jpg,"700",correct: Correct!; incorrect: Incorrect!,center,"300","5000",y i,"",60%,"",ITI,"","","","","12",training,unique,non target,"",700,42,"16.67",180797,i,715,"1",""
"23","1","",test,"",square3,"","","","","","","",i,.jpg,"700",correct: Correct!; incorrect: Incorrect!,center,"300","5000",y i,"",60%,"",ITI,"","","","","6",training,common,non target,"",700,42,"16.67",182745,i,945,"1",""
"137","1","1",test,"",N9,targetG,g_cd6,N8,left,left,right,right,left,.jpg,"700",correct: Correct!; incorrect: Incorrect!,center,"300","5000",left right,"",60%;60%;60%;60%;80%;80%;80%;80%,-170 -130; 170 -130; -170 130; 170 130; -170 -130; 170 -130; -170 130; 170 130,ITI;withStim,"","","","","64",search,Green,unique,-170 -130;170 -130;-170 130;170 130;-170 -130;170 -130;-170 130;170 130,703,42,"16.67",504749,right,2687,"0",""
"162","1","1",test,"",N23,N3,N13,targetR,left,left,right,right,right,.jpg,"700",correct: Correct!; incorrect: Incorrect!,center,"300","5000",left right,"",60%;60%;60%;60%;80%;80%;80%;80%,-170 -130; 170 -130; -170 130; 170 130; -170 -130; 170 -130; -170 130; 170 130,ITI;withStim,"","","","","89",search,Red,neutral,-170 -130;170 -130;-170 130;170 130;-170 -130;170 -130;-170 130;170 130,700,42,"16.67",507066,right,1322,"1",""
"92","1","1",test,"",targetB,N12,N2,N22,left,left,right,right,left,.jpg,"700",correct: Correct!; incorrect: Incorrect!,center,"300","5000",left right,"",60%;60%;60%;60%;80%;80%;80%;80%,-170 -130; 170 -130; -170 130; 170 130; -170 -130; 170 -130; -170 130; 170 130,ITI;withStim,"","","","","19",search,Blue,neutral,-170 -130;170 -130;-170 130;170 130;-170 -130;170 -130;-170 130;170 130,700,42,"16.67",510057,right,1995,"0",""
"140","1","1",test,"",targetB,round2,N20,N10,left,left,right,right,left,.jpg,"700",correct: Correct!; incorrect: Incorrect!,center,"300","5000",left right,"",60%;60%;60%;60%;80%;80%;80%;80%,-170 -130; 170 -130; -170 130; 170 130; -170 -130; 170 -130; -170 130; 170 130,ITI;withStim,"","","","","67",search,Blue,common,-170 -130;170 -130;-170 130;170 130;-170 -130;170 -130;-170 130;170 130,700,42,"16.67",511649,left,587,"1",""
"104","1","1",test,"",N1,targetR,N21,N11,left,right,right,left,right,.jpg,"700",correct: Correct!; incorrect: Incorrect!,center,"300","5000",left right,"",60%;60%;60%;60%;80%;80%;80%;80%,-170 -130; 170 -130; -170 130; 170 130; -170 -130; 170 -130; -170 130; 170 130,ITI;withStim,"","","","","31",search,Red,neutral,-170 -130;170 -130;-170 130;170 130;-170 -130;170 -130;-170 130;170 130,700,42,"16.67",513255,right,602,"1",""
"152","1","1",test,"",targetR,cylinder8,N2,N15,right,left,right,left,right,.jpg,"700",correct: Correct!; incorrect: Incorrect!,center,"300","5000",left right,"",60%;60%;60%;60%;80%;80%;80%;80%,-170 -130; 170 -130; -170 130; 170 130; -170 -130; 170 -130; -170 130; 170 130,ITI;withStim,"","","","","79",search,Red,common,-170 -130;170 -130;-170 130;170 130;-170 -130;170 -130;-170 130;170 130,700,42,"16.67",515064,left,810,"0",""
"116","1","1",test,"",N6,N20,g_cd1,targetG,left,right,right,left,left,.jpg,"700",correct: Correct!; incorrect: Incorrect!,center,"300","5000",left right,"",60%;60%;60%;60%;80%;80%;80%;80%,-170 -130; 170 -130; -170 130; 170 130; -170 -130; 170 -130; -170 130; 170 130,ITI;withStim,"","","","","43",search,Green,unique,-170 -130;170 -130;-170 130;170 130;-170 -130;170 -130;-170 130;170 130,700,42,"16.67",517113,right,1060,"0",""
"125","1","1",test,"",r_cd5,N12,N6,targetR,right,left,right,left,left,.jpg,"700",correct: Correct!; incorrect: Incorrect!,center,"300","5000",left right,"",60%;60%;60%;60%;80%;80%;80%;80%,-170 -130; 170 -130; -170 130; 170 130; -170 -130; 170 -130; -170 130; 170 130,ITI;withStim,"","","","","52",search,Red,unique,-170 -130;170 -130;-170 130;170 130;-170 -130;170 -130;-170 130;170 130,700,42,"16.67",518667,right,563,"0",""
"87","1","1",test,"",r_cd3,targetR,N16,N11,right,left,right,left,left,.jpg,"700",correct: Correct!; incorrect: Incorrect!,center,"300","5000",left right,"",60%;60%;60%;60%;80%;80%;80%;80%,-170 -130; 170 -130; -170 130; 170 130; -170 -130; 170 -130; -170 130; 170 130,ITI;withStim,"","","","","14",search,Red,unique,-170 -130;170 -130;-170 130;170 130;-170 -130;170 -130;-170 130;170 130,700,0,0,520197,right,527,"0",""
"82","1","1",test,"",N26,r_cd7,targetR,N15,left,right,left,right,left,.jpg,"700",correct: Correct!; incorrect: Incorrect!,center,"300","5000",left right,"",60%;60%;60%;60%;80%;80%;80%;80%,-170 -130; 170 -130; -170 130; 170 130; -170 -130; 170 -130; -170 130; 170 130,ITI;withStim,"","","","","9",search,Red,unique,-170 -130;170 -130;-170 130;170 130;-170 -130;170 -130;-170 130;170 130,700,0,0,521747,left,560,"1",""
"85","1","1",test,"",r_cd9,N15,N16,targetR,left,left,right,right,right,.jpg,"700",correct: Correct!; incorrect: Incorrect!,center,"300","5000",left right,"",60%;60%;60%;60%;80%;80%;80%;80%,-170 -130; 170 -130; -170 130; 170 130; -170 -130; 170 -130; -170 130; 170 130,ITI;withStim,"","","","","12",search,Red,unique,-170 -130;170 -130;-170 130;170 130;-170 -130;170 -130;-170 130;170 130,700,0,0,523266,right,521,"1",""
"147","1","1",test,"",N3,N23,N13,targetB,left,right,right,left,left,.jpg,"700",correct: Correct!; incorrect: Incorrect!,center,"300","5000",left right,"",60%;60%;60%;60%;80%;80%;80%;80%,-170 -130; 170 -130; -170 130; 170 130; -170 -130; 170 -130; -170 130; 170 130,ITI;withStim,"","","","","74",search,Blue,neutral,-170 -130;170 -130;-170 130;170 130;-170 -130;170 -130;-170 130;170 130,700,0,0,524796,right,535,"0",""
"131","1","1",test,"",N3,N16,r_cd2,targetR,right,right,left,left,left,.jpg,"700",correct: Correct!; incorrect: Incorrect!,center,"300","5000",left right,"",60%;60%;60%;60%;80%;80%;80%;80%,-170 -130; 170 -130; -170 130; 170 130; -170 -130; 170 -130; -170 130; 170 130,ITI;withStim,"","","","","58",search,Red,unique,-170 -130;170 -130;-170 130;170 130;-170 -130;170 -130;-170 130;170 130,700,42,"16.75",526326,right,531,"0",""
"84","1","1",test,"",targetB,N10,N20,N30,right,left,right,left,right,.jpg,"700",correct: Correct!; incorrect: Incorrect!,center,"300","5000",left right,"",60%;60%;60%;60%;80%;80%;80%;80%,-170 -130; 170 -130; -170 130; 170 130; -170 -130; 170 -130; -170 130; 170 130,ITI;withStim,"","","","","11",search,Blue,neutral,-170 -130;170 -130;-170 130;170 130;-170 -130;170 -130;-170 130;170 130,700,42,"16.67",530240,right,2913,"1",""
"154","1","1",test,"",N2,N3,targetB,square2,right,left,right,left,right,.jpg,"700",correct: Correct!; incorrect: Incorrect!,center,"300","5000",left right,"",60%;60%;60%;60%;80%;80%;80%;80%,-170 -130; 170 -130; -170 130; 170 130; -170 -130; 170 -130; -170 130; 170 130,ITI;withStim,"","","","","81",search,Blue,common,-170 -130;170 -130;-170 130;170 130;-170 -130;170 -130;-170 130;170 130,700,42,"16.67",532023,right,779,"1",""
"139","1","1",test,"",N11,targetB,b_cd6,N6,right,left,right,left,left,.jpg,"700",correct: Correct!; incorrect: Incorrect!,center,"300","5000",left right,"",60%;60%;60%;60%;80%;80%;80%;80%,-170 -130; 170 -130; -170 130; 170 130; -170 -130; 170 -130; -170 130; 170 130,ITI;withStim,"","","","","66",search,Blue,unique,-170 -130;170 -130;-170 130;170 130;-170 -130;170 -130;-170 130;170 130,700,42,"16.67",533853,right,830,"0",""
"143","1","1",test,"",N14,targetR,irr3,N6,left,right,left,right,right,.jpg,"700",correct: Correct!; incorrect: Incorrect!,center,"300","5000",left right,"",60%;60%;60%;60%;80%;80%;80%;80%,-170 -130; 170 -130; -170 130; 170 130; -170 -130; 170 -130; -170 130; 170 130,ITI;withStim,"","","","","70",search,Red,common,-170 -130;170 -130;-170 130;170 130;-170 -130;170 -130;-170 130;170 130,700,42,"16.67",536267,right,1410,"1",""
"94","1","1",test,"",targetB,N17,N27,N7,right,right,left,left,right,.jpg,"700",correct: Correct!; incorrect: Incorrect!,center,"300","5000",left right,"",60%;60%;60%;60%;80%;80%;80%;80%,-170 -130; 170 -130; -170 130; 170 130; -170 -130; 170 -130; -170 130; 170 130,ITI;withStim,"","","","","21",search,Blue,neutral,-170 -130;170 -130;-170 130;170 130;-170 -130;170 -130;-170 130;170 130,700,42,"16.67",537760,right,503,"1",""
"107","1","1",test,"",N8,targetG,N18,N28,left,right,left,right,right,.jpg,"700",correct: Correct!; incorrect: Incorrect!,center,"300","5000",left right,"",60%;60%;60%;60%;80%;80%;80%;80%,-170 -130; 170 -130; -170 130; 170 130; -170 -130; 170 -130; -170 130; 170 130,ITI;withStim,"","","","","34",search,Green,neutral,-170 -130;170 -130;-170 130;170 130;-170 -130;170 -130;-170 130;170 130,700,42,"16.67",539617,right,861,"1",""
"115","1","1",test,"",N3,N13,N23,targetG,right,left,left,right,right,.jpg,"700",correct: Correct!; incorrect: Incorrect!,center,"300","5000",left right,"",60%;60%;60%;60%;80%;80%;80%;80%,-170 -130; 170 -130; -170 130; 170 130; -170 -130; 170 -130; -170 130; 170 130,ITI;withStim,"","","","","42",search,Green,neutral,-170 -130;170 -130;-170 130;170 130;-170 -130;170 -130;-170 130;170 130,700,42,"16.67",541241,right,634,"1",""
"136","1","1",test,"",targetB,N14,N6,b_cd7,left,right,right,left,left,.jpg,"700",correct: Correct!; incorrect: Incorrect!,center,"300","5000",left right,"",60%;60%;60%;60%;80%;80%;80%;80%,-170 -130; 170 -130; -170 130; 170 130; -170 -130; 170 -130; -170 130; 170 130,ITI;withStim,"","","","","63",search,Blue,unique,-170 -130;170 -130;-170 130;170 130;-170 -130;170 -130;-170 130;170 130,700,42,"16.67",542724,right,485,"0",""
"76","1","1",test,"",N17,targetG,round6,N7,left,right,left,right,right,.jpg,"700",correct: Correct!; incorrect: Incorrect!,center,"300","5000",left right,"",60%;60%;60%;60%;80%;80%;80%;80%,-170 -130; 170 -130; -170 130; 170 130; -170 -130; 170 -130; -170 130; 170 130,ITI;withStim,"","","","","3",search,Green,common,-170 -130;170 -130;-170 130;170 130;-170 -130;170 -130;-170 130;170 130,700,42,"16.67",544448,right,733,"1",""
"97","1","1",test,"",N5,N6,targetR,square8,right,right,left,left,left,.jpg,"700",correct: Correct!; incorrect: Incorrect!,center,"300","5000",left right,"",60%;60%;60%;60%;80%;80%;80%;80%,-170 -130; 170 -130; -170 130; 170 130; -170 -130; 170 -130; -170 130; 170 130,ITI;withStim,"","","","","24",search,Red,common,-170 -130;170 -130;-170 130;170 130;-170 -130;170 -130;-170 130;170 130,700,42,"16.67",546253,left,805,"1",""
"128","1","1",test,"",N19,N29,N9,targetR,right,left,right,left,left,.jpg,"700",correct: Correct!; incorrect: Incorrect!,center,"300","5000",left right,"",60%;60%;60%;60%;80%;80%;80%;80%,-170 -130; 170 -130; -170 130; 170 130; -170 -130; 170 -130; -170 130; 170 130,ITI;withStim,"","","","","55",search,Red,neutral,-170 -130;170 -130;-170 130;170 130;-170 -130;170 -130;-170 130;170 130,700,42,"16.67",547759,right,511,"0",""
"146","1","1",test,"",targetR,N9,r_cd6,N3,right,left,left,right,right,.jpg,"700",correct: Correct!; incorrect: Incorrect!,center,"300","5000",left right,"",60%;60%;60%;60%;80%;80%;80%;80%,-170 -130; 170 -130; -170 130; 170 130; -170 -130; 170 -130; -170 130; 170 130,ITI;withStim,"","","","","73",search,Red,unique,-170 -130;170 -130;-170 130;170 130;-170 -130;170 -130;-170 130;170 130,700,42,"16.67",549330,left,582,"0",""
"103","1","1",test,"",targetG,N11,N1,N21,right,right,left,left,right,.jpg,"700",correct: Correct!; incorrect: Incorrect!,center,"300","5000",left right,"",60%;60%;60%;60%;80%;80%;80%;80%,-170 -130; 170 -130; -170 130; 170 130; -170 -130; 170 -130; -170 130; 170 130,ITI;withStim,"","","","","30",search,Green,neutral,-170 -130;170 -130;-170 130;170 130;-170 -130;170 -130;-170 130;170 130,700,42,"16.67",550908,left,577,"0",""
"109","1","1",test,"",N28,targetG,g_cd8,N13,right,right,left,left,right,.jpg,"700",correct: Correct!; incorrect: Incorrect!,center,"300","5000",left right,"",60%;60%;60%;60%;80%;80%;80%;80%,-170 -130; 170 -130; -170 130; 170 130; -170 -130; 170 -130; -170 130; 170 130,ITI;withStim,"","","","","36",search,Green,unique,-170 -130;170 -130;-170 130;170 130;-170 -130;170 -130;-170 130;170 130,700,42,"16.67",552382,right,469,"1",""
"135","1","1",test,"",N18,targetR,N28,N8,right,left,left,right,left,.jpg,"700",correct: Correct!; incorrect: Incorrect!,center,"300","5000",left right,"",60%;60%;60%;60%;80%;80%;80%;80%,-170 -130; 170 -130; -170 130; 170 130; -170 -130; 170 -130; -170 130; 170 130,ITI;withStim,"","","","","62",search,Red,neutral,-170 -130;170 -130;-170 130;170 130;-170 -130;170 -130;-170 130;170 130,700,42,"16.67",553940,right,567,"0",""
"118","1","1",test,"",N11,targetB,round3,N9,right,right,left,left,right,.jpg,"700",correct: Correct!; incorrect: Incorrect!,center,"300","5000",left right,"",60%;60%;60%;60%;80%;80%;80%;80%,-170 -130; 170 -130; -170 130; 170 130; -170 -130; 170 -130; -170 130; 170 130,ITI;withStim,"","","","","45",search,Blue,common,-170 -130;170 -130;-170 130;170 130;-170 -130;170 -130;-170 130;170 130,700,42,"16.67",559617,right,4678,"1",""
"111","1","1",test,"",N4,N24,N14,targetB,left,right,left,right,right,.jpg,"700",correct: Correct!; incorrect: Incorrect!,center,"300","5000",left right,"",60%;60%;60%;60%;80%;80%;80%;80%,-170 -130; 170 -130; -170 130; 170 130; -170 -130; 170 -130; -170 130; 170 130,ITI;withStim,"","","","","38",search,Blue,neutral,-170 -130;170 -130;-170 130;170 130;-170 -130;170 -130;-170 130;170 130,700,42,"16.67",563773,right,3150,"1",""
"151","1","1",test,"",N15,targetG,N4,round5,right,left,left,right,left,.jpg,"700",correct: Correct!; incorrect: Incorrect!,center,"300","5000",left right,"",60%;60%;60%;60%;80%;80%;80%;80%,-170 -130; 170 -130; -170 130; 170 130; -170 -130; 170 -130; -170 130; 170 130,ITI;withStim,"","","","","78",search,Green,common,-170 -130;170 -130;-170 130;170 130;-170 -130;170 -130;-170 130;170 130,700,42,"16.67",565405,right,643,"0",""
"88","1","1",test,"",targetR,N4,N24,N14,left,left,right,right,left,.jpg,"700",correct: Correct!; incorrect: Incorrect!,center,"300","5000",left right,"",60%;60%;60%;60%;80%;80%;80%;80%,-170 -130; 170 -130; -170 130; 170 130; -170 -130; 170 -130; -170 130; 170 130,ITI;withStim,"","","","","15",search,Red,neutral,-170 -130;170 -130;-170 130;170 130;-170 -130;170 -130;-170 130;170 130,700,42,"16.67",566938,left,541,"1",""
"98","1","1",test,"",targetG,N17,g_cd9,N12,right,left,right,left,right,.jpg,"700",correct: Correct!; incorrect: Incorrect!,center,"300","5000",left right,"",60%;60%;60%;60%;80%;80%;80%;80%,-170 -130; 170 -130; -170 130; 170 130; -170 -130; 170 -130; -170 130; 170 130,ITI;withStim,"","","","","25",search,Green,unique,-170 -130;170 -130;-170 130;170 130;-170 -130;170 -130;-170 130;170 130,700,42,"16.67",568685,left,755,"0",""
"123","1","1",test,"",N18,b_cd3,N15,targetB,right,right,left,left,left,.jpg,"700",correct: Correct!; incorrect: Incorrect!,center,"300","5000",left right,"",60%;60%;60%;60%;80%;80%;80%;80%,-170 -130; 170 -130; -170 130; 170 130; -170 -130; 170 -130; -170 130; 170 130,ITI;withStim,"","","","","50",search,Blue,unique,-170 -130;170 -130;-170 130;170 130;-170 -130;170 -130;-170 130;170 130,700,42,"16.67",570170,right,490,"0",""
"159","1","1",test,"",targetR,r_cd1,N20,N21,right,right,left,left,right,.jpg,"700",correct: Correct!; incorrect: Incorrect!,center,"300","5000",left right,"",60%;60%;60%;60%;80%;80%;80%;80%,-170 -130; 170 -130; -170 130; 170 130; -170 -130; 170 -130; -170 130; 170 130,ITI;withStim,"","","","","86",search,Red,unique,-170 -130;170 -130;-170 130;170 130;-170 -130;170 -130;-170 130;170 130,700,42,"16.67",571850,left,688,"0",""
"121","1","1",test,"",N21,N1,N11,targetB,left,left,right,right,right,.jpg,"700",correct: Correct!; incorrect: Incorrect!,center,"300","5000",left right,"",60%;60%;60%;60%;80%;80%;80%;80%,-170 -130; 170 -130; -170 130; 170 130; -170 -130; 170 -130; -170 130; 170 130,ITI;withStim,"","","","","48",search,Blue,neutral,-170 -130;170 -130;-170 130;170 130;-170 -130;170 -130;-170 130;170 130,700,42,"16.67",573332,right,486,"1",""
"141","1","1",test,"",g_cd3,N7,targetG,N8,left,right,right,left,right,.jpg,"700",correct: Correct!; incorrect: Incorrect!,center,"300","5000",left right,"",60%;60%;60%;60%;80%;80%;80%;80%,-170 -130; 170 -130; -170 130; 170 130; -170 -130; 170 -130; -170 130; 170 130,ITI;withStim,"","","","","68",search,Green,unique,-170 -130;170 -130;-170 130;170 130;-170 -130;170 -130;-170 130;170 130,700,42,"16.67",575035,left,706,"0",""
"89","1","1",test,"",N11,N2,targetB,cylinder3,left,right,left,right,left,.jpg,"700",correct: Correct!; incorrect: Incorrect!,center,"300","5000",left right,"",60%;60%;60%;60%;80%;80%;80%;80%,-170 -130; 170 -130; -170 130; 170 130; -170 -130; 170 -130; -170 130; 170 130,ITI;withStim,"","","","","16",search,Blue,common,-170 -130;170 -130;-170 130;170 130;-170 -130;170 -130;-170 130;170 130,700,42,"16.67",576662,left,625,"1",""
"77","1","1",test,"",targetB,N10,N12,b_cd5,right,left,left,right,right,.jpg,"700",correct: Correct!; incorrect: Incorrect!,center,"300","5000",left right,"",60%;60%;60%;60%;80%;80%;80%;80%,-170 -130; 170 -130; -170 130; 170 130; -170 -130; 170 -130; -170 130; 170 130,ITI;withStim,"","","","","4",search,Blue,unique,-170 -130;170 -130;-170 130;170 130;-170 -130;170 -130;-170 130;170 130,700,42,"16.67",578188,left,533,"0",""
"160","1","1",test,"",square9,targetR,N10,N15,right,right,left,left,right,.jpg,"700",correct: Correct!; incorrect: Incorrect!,center,"300","5000",left right,"",60%;60%;60%;60%;80%;80%;80%;80%,-170 -130; 170 -130; -170 130; 170 130; -170 -130; 170 -130; -170 130; 170 130,ITI;withStim,"","","","","87",search,Red,common,-170 -130;170 -130;-170 130;170 130;-170 -130;170 -130;-170 130;170 130,700,42,"16.67",579918,right,731,"1",""
"148","1","1",test,"",N4,r_cd10,N12,targetR,left,left,right,right,right,.jpg,"700",correct: Correct!; incorrect: Incorrect!,center,"300","5000",left right,"",60%;60%;60%;60%;80%;80%;80%;80%,-170 -130; 170 -130; -170 130; 170 130; -170 -130; 170 -130; -170 130; 170 130,ITI;withStim,"","","","","75",search,Red,unique,-170 -130;170 -130;-170 130;170 130;-170 -130;170 -130;-170 130;170 130,700,42,"16.67",581382,right,460,"1",""
"119","1","1",test,"",N11,g_cd7,N18,targetG,right,right,left,left,left,.jpg,"700",correct: Correct!; incorrect: Incorrect!,center,"300","5000",left right,"",60%;60%;60%;60%;80%;80%;80%;80%,-170 -130; 170 -130; -170 130; 170 130; -170 -130; 170 -130; -170 130; 170 130,ITI;withStim,"","","","","46",search,Green,unique,-170 -130;170 -130;-170 130;170 130;-170 -130;170 -130;-170 130;170 130,700,42,"16.67",582929,right,558,"0",""
"113","1","1",test,"",N16,N26,targetG,N6,left,right,left,right,left,.jpg,"700",correct: Correct!; incorrect: Incorrect!,center,"300","5000",left right,"",60%;60%;60%;60%;80%;80%;80%;80%,-170 -130; 170 -130; -170 130; 170 130; -170 -130; 170 -130; -170 130; 170 130,ITI;withStim,"","","","","40",search,Green,neutral,-170 -130;170 -130;-170 130;170 130;-170 -130;170 -130;-170 130;170 130,700,42,"16.67",584362,left,441,"1",""
"79","1","1",test,"",N10,N3,targetB,b_cd8,left,right,left,right,left,.jpg,"700",correct: Correct!; incorrect: Incorrect!,center,"300","5000",left right,"",60%;60%;60%;60%;80%;80%;80%;80%,-170 -130; 170 -130; -170 130; 170 130; -170 -130; 170 -130; -170 130; 170 130,ITI;withStim,"","","","","6",search,Blue,unique,-170 -130;170 -130;-170 130;170 130;-170 -130;170 -130;-170 130;170 130,700,42,"16.67",585829,left,471,"1",""
"106","1","1",test,"",N6,targetB,N13,round1,left,left,right,right,left,.jpg,"700",correct: Correct!; incorrect: Incorrect!,center,"300","5000",left right,"",60%;60%;60%;60%;80%;80%;80%;80%,-170 -130; 170 -130; -170 130; 170 130; -170 -130; 170 -130; -170 130; 170 130,ITI;withStim,"","","","","33",search,Blue,common,-170 -130;170 -130;-170 130;170 130;-170 -130;170 -130;-170 130;170 130,700,42,"16.67",587844,right,1018,"0",""
"99","1","1",test,"",N7,targetB,cylinder1,N12,right,left,right,left,left,.jpg,"700",correct: Correct!; incorrect: Incorrect!,center,"300","5000",left right,"",60%;60%;60%;60%;80%;80%;80%;80%,-170 -130; 170 -130; -170 130; 170 130; -170 -130; 170 -130; -170 130; 170 130,ITI;withStim,"","","","","26",search,Blue,common,-170 -130;170 -130;-170 130;170 130;-170 -130;170 -130;-170 130;170 130,700,42,"16.67",589546,right,703,"0",""
"78","1","1",test,"",targetR,N21,cylinder9,N16,left,right,right,left,left,.jpg,"700",correct: Correct!; incorrect: Incorrect!,center,"300","5000",left right,"",60%;60%;60%;60%;80%;80%;80%;80%,-170 -130; 170 -130; -170 130; 170 130; -170 -130; 170 -130; -170 130; 170 130,ITI;withStim,"","","","","5",search,Red,common,-170 -130;170 -130;-170 130;170 130;-170 -130;170 -130;-170 130;170 130,700,42,"16.67",591106,left,564,"1",""
"86","1","1",test,"",targetG,N10,N20,N30,left,left,right,right,left,.jpg,"700",correct: Correct!; incorrect: Incorrect!,center,"300","5000",left right,"",60%;60%;60%;60%;80%;80%;80%;80%,-170 -130; 170 -130; -170 130; 170 130; -170 -130; 170 -130; -170 130; 170 130,ITI;withStim,"","","","","13",search,Green,neutral,-170 -130;170 -130;-170 130;170 130;-170 -130;170 -130;-170 130;170 130,700,42,"16.67",592554,left,445,"1",""
"80","1","1",test,"",cylinder7,N22,N4,targetR,right,left,left,right,right,.jpg,"700",correct: Correct!; incorrect: Incorrect!,center,"300","5000",left right,"",60%;60%;60%;60%;80%;80%;80%;80%,-170 -130; 170 -130; -170 130; 170 130; -170 -130; 170 -130; -170 130; 170 130,ITI;withStim,"","","","","7",search,Red,common,-170 -130;170 -130;-170 130;170 130;-170 -130;170 -130;-170 130;170 130,700,42,"16.67",594053,right,495,"1",""
"161","1","1",test,"",N26,cylinder2,targetB,N9,right,left,left,right,left,.jpg,"700",correct: Correct!; incorrect: Incorrect!,center,"300","5000",left right,"",60%;60%;60%;60%;80%;80%;80%;80%,-170 -130; 170 -130; -170 130; 170 130; -170 -130; 170 -130; -170 130; 170 130,ITI;withStim,"","","","","88",search,Blue,common,-170 -130;170 -130;-170 130;170 130;-170 -130;170 -130;-170 130;170 130,700,42,"16.67",595619,left,576,"1",""
"75","1","1",test,"",N12,b_cd2,targetB,N15,right,left,left,right,left,.jpg,"700",correct: Correct!; incorrect: Incorrect!,center,"300","5000",left right,"",60%;60%;60%;60%;80%;80%;80%;80%,-170 -130; 170 -130; -170 130; 170 130; -170 -130; 170 -130; -170 130; 170 130,ITI;withStim,"","","","","2",search,Blue,unique,-170 -130;170 -130;-170 130;170 130;-170 -130;170 -130;-170 130;170 130,700,42,"16.67",597112,left,494,"1",""
"114","1","1",test,"",cylinder6,targetG,N16,N15,right,left,right,left,left,.jpg,"700",correct: Correct!; incorrect: Incorrect!,center,"300","5000",left right,"",60%;60%;60%;60%;80%;80%;80%;80%,-170 -130; 170 -130; -170 130; 170 130; -170 -130; 170 -130; -170 130; 170 130,ITI;withStim,"","","","","41",search,Green,common,-170 -130;170 -130;-170 130;170 130;-170 -130;170 -130;-170 130;170 130,700,42,"16.67",598584,right,483,"0",""
"74","1","1",test,"",N17,cylinder5,N4,targetG,left,right,left,right,right,.jpg,"700",correct: Correct!; incorrect: Incorrect!,center,"300","5000",left right,"",60%;60%;60%;60%;80%;80%;80%;80%,-170 -130; 170 -130; -170 130; 170 130; -170 -130; 170 -130; -170 130; 170 130,ITI;withStim,"","","","","1",search,Green,common,-170 -130;170 -130;-170 130;170 130;-170 -130;170 -130;-170 130;170 130,700,42,"16.67",600185,right,603,"1",""
"117","1","1",test,"",targetG,N7,N4,square6,left,left,right,right,left,.jpg,"700",correct: Correct!; incorrect: Incorrect!,center,"300","5000",left right,"",60%;60%;60%;60%;80%;80%;80%;80%,-170 -130; 170 -130; -170 130; 170 130; -170 -130; 170 -130; -170 130; 170 130,ITI;withStim,"","","","","44",search,Green,common,-170 -130;170 -130;-170 130;170 130;-170 -130;170 -130;-170 130;170 130,700,42,"16.67",601743,left,559,"1",""
"120","1","1",test,"",targetG,N2,N12,N22,right,right,left,left,right,.jpg,"700",correct: Correct!; incorrect: Incorrect!,center,"300","5000",left right,"",60%;60%;60%;60%;80%;80%;80%;80%,-170 -130; 170 -130; -170 130; 170 130; -170 -130; 170 -130; -170 130; 170 130,ITI;withStim,"","","","","47",search,Green,neutral,-170 -130;170 -130;-170 130;170 130;-170 -130;170 -130;-170 130;170 130,700,42,"16.67",603492,left,758,"0",""
"112","1","1",test,"",N19,g_cd5,N13,targetG,left,left,right,right,right,.jpg,"700",correct: Correct!; incorrect: Incorrect!,center,"300","5000",left right,"",60%;60%;60%;60%;80%;80%;80%;80%,-170 -130; 170 -130; -170 130; 170 130; -170 -130; 170 -130; -170 130; 170 130,ITI;withStim,"","","","","39",search,Green,unique,-170 -130;170 -130;-170 130;170 130;-170 -130;170 -130;-170 130;170 130,700,42,"16.67",604888,right,404,"1",""
"95","1","1",test,"",N12,targetG,g_cd2,N22,left,right,left,right,right,.jpg,"700",correct: Correct!; incorrect: Incorrect!,center,"300","5000",left right,"",60%;60%;60%;60%;80%;80%;80%;80%,-170 -130; 170 -130; -170 130; 170 130; -170 -130; 170 -130; -170 130; 170 130,ITI;withStim,"","","","","22",search,Green,unique,-170 -130;170 -130;-170 130;170 130;-170 -130;170 -130;-170 130;170 130,708,42,"16.67",606512,right,621,"1",""
"126","1","1",test,"",N6,b_cd10,N7,targetB,left,right,left,right,right,.jpg,"700",correct: Correct!; incorrect: Incorrect!,center,"300","5000",left right,"",60%;60%;60%;60%;80%;80%;80%;80%,-170 -130; 170 -130; -170 130; 170 130; -170 -130; 170 -130; -170 130; 170 130,ITI;withStim,"","","","","53",search,Blue,unique,-170 -130;170 -130;-170 130;170 130;-170 -130;170 -130;-170 130;170 130,700,42,"16.67",608142,right,634,"1",""
"93","1","1",test,"",targetG,N14,g_cd4,N4,left,right,left,right,left,.jpg,"700",correct: Correct!; incorrect: Incorrect!,center,"300","5000",left right,"",60%;60%;60%;60%;80%;80%;80%;80%,-170 -130; 170 -130; -170 130; 170 130; -170 -130; 170 -130; -170 130; 170 130,ITI;withStim,"","","","","20",search,Green,unique,-170 -130;170 -130;-170 130;170 130;-170 -130;170 -130;-170 130;170 130,700,42,"16.67",609702,left,560,"1",""
"132","1","1",test,"",round9,N2,N5,targetR,right,left,right,left,left,.jpg,"700",correct: Correct!; incorrect: Incorrect!,center,"300","5000",left right,"",60%;60%;60%;60%;80%;80%;80%;80%,-170 -130; 170 -130; -170 130; 170 130; -170 -130; 170 -130; -170 130; 170 130,ITI;withStim,"","","","","59",search,Red,common,-170 -130;170 -130;-170 130;170 130;-170 -130;170 -130;-170 130;170 130,700,42,"16.67",611263,right,572,"0",""
"145","1","1",test,"",N22,targetR,N2,N12,left,right,left,right,right,.jpg,"700",correct: Correct!; incorrect: Incorrect!,center,"300","5000",left right,"",60%;60%;60%;60%;80%;80%;80%;80%,-170 -130; 170 -130; -170 130; 170 130; -170 -130; 170 -130; -170 130; 170 130,ITI;withStim,"","","","","72",search,Red,neutral,-170 -130;170 -130;-170 130;170 130;-170 -130;170 -130;-170 130;170 130,700,42,"16.67",612650,right,392,"1",""
"108","1","1",test,"",targetG,N5,square4,N15,left,right,right,left,left,.jpg,"700",correct: Correct!; incorrect: Incorrect!,center,"300","5000",left right,"",60%;60%;60%;60%;80%;80%;80%;80%,-170 -130; 170 -130; -170 130; 170 130; -170 -130; 170 -130; -170 130; 170 130,ITI;withStim,"","","","","35",search,Green,common,-170 -130;170 -130;-170 130;170 130;-170 -130;170 -130;-170 130;170 130,700,42,"16.67",614201,left,561,"1",""
"138","1","1",test,"",N15,targetG,N5,N25,left,right,right,left,right,.jpg,"700",correct: Correct!; incorrect: Incorrect!,center,"300","5000",left right,"",60%;60%;60%;60%;80%;80%;80%;80%,-170 -130; 170 -130; -170 130; 170 130; -170 -130; 170 -130; -170 130; 170 130,ITI;withStim,"","","","","65",search,Green,neutral,-170 -130;170 -130;-170 130;170 130;-170 -130;170 -130;-170 130;170 130,700,42,"16.67",615576,right,384,"1",""
"105","1","1",test,"",N26,N6,N16,targetB,right,left,left,right,right,.jpg,"700",correct: Correct!; incorrect: Incorrect!,center,"300","5000",left right,"",60%;60%;60%;60%;80%;80%;80%;80%,-170 -130; 170 -130; -170 130; 170 130; -170 -130; 170 -130; -170 130; 170 130,ITI;withStim,"","","","","32",search,Blue,neutral,-170 -130;170 -130;-170 130;170 130;-170 -130;170 -130;-170 130;170 130,700,42,"16.67",617250,right,668,"1",""
"102","1","1",test,"",targetB,b_cd9,N11,N9,left,right,right,left,left,.jpg,"700",correct: Correct!; incorrect: Incorrect!,center,"300","5000",left right,"",60%;60%;60%;60%;80%;80%;80%;80%,-170 -130; 170 -130; -170 130; 170 130; -170 -130; 170 -130; -170 130; 170 130,ITI;withStim,"","","","","29",search,Blue,unique,-170 -130;170 -130;-170 130;170 130;-170 -130;170 -130;-170 130;170 130,700,42,"16.67",618738,left,490,"1",""
"156","1","1",test,"",N5,r_cd8,targetR,N2,left,right,right,left,right,.jpg,"700",correct: Correct!; incorrect: Incorrect!,center,"300","5000",left right,"",60%;60%;60%;60%;80%;80%;80%;80%,-170 -130; 170 -130; -170 130; 170 130; -170 -130; 170 -130; -170 130; 170 130,ITI;withStim,"","","","","83",search,Red,unique,-170 -130;170 -130;-170 130;170 130;-170 -130;170 -130;-170 130;170 130,700,42,"16.67",620634,left,902,"0",""
"155","1","1",test,"",N16,N26,N6,targetR,right,right,left,left,left,.jpg,"700",correct: Correct!; incorrect: Incorrect!,center,"300","5000",left right,"",60%;60%;60%;60%;80%;80%;80%;80%,-170 -130; 170 -130; -170 130; 170 130; -170 -130; 170 -130; -170 130; 170 130,ITI;withStim,"","","","","82",search,Red,neutral,-170 -130;170 -130;-170 130;170 130;-170 -130;170 -130;-170 130;170 130,700,42,"16.67",622045,right,414,"0",""
"124","1","1",test,"",N18,targetR,square7,N6,right,left,left,right,left,.jpg,"700",correct: Correct!; incorrect: Incorrect!,center,"300","5000",left right,"",60%;60%;60%;60%;80%;80%;80%;80%,-170 -130; 170 -130; -170 130; 170 130; -170 -130; 170 -130; -170 130; 170 130,ITI;withStim,"","","","","51",search,Red,common,-170 -130;170 -130;-170 130;170 130;-170 -130;170 -130;-170 130;170 130,700,42,"16.67",623627,right,578,"0",""
"144","1","1",test,"",N5,N15,targetR,N25,right,right,left,left,left,.jpg,"700",correct: Correct!; incorrect: Incorrect!,center,"300","5000",left right,"",60%;60%;60%;60%;80%;80%;80%;80%,-170 -130; 170 -130; -170 130; 170 130; -170 -130; 170 -130; -170 130; 170 130,ITI;withStim,"","","","","71",search,Red,neutral,-170 -130;170 -130;-170 130;170 130;-170 -130;170 -130;-170 130;170 130,700,42,"16.86",625000,left,368,"1",""
"157","1","1",test,"",N19,N12,cylinder4,targetG,left,right,right,left,left,.jpg,"700",correct: Correct!; incorrect: Incorrect!,center,"300","5000",left right,"",60%;60%;60%;60%;80%;80%;80%;80%,-170 -130; 170 -130; -170 130; 170 130; -170 -130; 170 -130; -170 130; 170 130,ITI;withStim,"","","","","84",search,Green,common,-170 -130;170 -130;-170 130;170 130;-170 -130;170 -130;-170 130;170 130,700,42,"16.67",626461,right,462,"0",""
"163","1","1",test,"",irr1,N9,targetB,N20,left,right,right,left,right,.jpg,"700",correct: Correct!; incorrect: Incorrect!,center,"300","5000",left right,"",60%;60%;60%;60%;80%;80%;80%;80%,-170 -130; 170 -130; -170 130; 170 130; -170 -130; 170 -130; -170 130; 170 130,ITI;withStim,"","","","","90",search,Blue,common,-170 -130;170 -130;-170 130;170 130;-170 -130;170 -130;-170 130;170 130,700,42,"16.67",628070,left,614,"0",""
"90","1","1",test,"",N10,N25,targetR,round7,left,right,right,left,right,.jpg,"700",correct: Correct!; incorrect: Incorrect!,center,"300","5000",left right,"",60%;60%;60%;60%;80%;80%;80%;80%,-170 -130; 170 -130; -170 130; 170 130; -170 -130; 170 -130; -170 130; 170 130,ITI;withStim,"","","","","17",search,Red,common,-170 -130;170 -130;-170 130;170 130;-170 -130;170 -130;-170 130;170 130,700,42,"16.67",629424,right,351,"1",""
"101","1","1",test,"",N10,N30,targetR,N20,right,left,left,right,left,.jpg,"700",correct: Correct!; incorrect: Incorrect!,center,"300","5000",left right,"",60%;60%;60%;60%;80%;80%;80%;80%,-170 -130; 170 -130; -170 130; 170 130; -170 -130; 170 -130; -170 130; 170 130,ITI;withStim,"","","","","28",search,Red,neutral,-170 -130;170 -130;-170 130;170 130;-170 -130;170 -130;-170 130;170 130,700,42,"16.67",630787,right,364,"0",""
"81","1","1",test,"",N4,N14,targetG,N24,right,left,right,left,right,.jpg,"700",correct: Correct!; incorrect: Incorrect!,center,"300","5000",left right,"",60%;60%;60%;60%;80%;80%;80%;80%,-170 -130; 170 -130; -170 130; 170 130; -170 -130; 170 -130; -170 130; 170 130,ITI;withStim,"","","","","8",search,Green,neutral,-170 -130;170 -130;-170 130;170 130;-170 -130;170 -130;-170 130;170 130,700,42,"16.67",632301,left,511,"0",""
"134","1","1",test,"",targetG,N5,g_cd10,N10,right,left,left,right,right,.jpg,"700",correct: Correct!; incorrect: Incorrect!,center,"300","5000",left right,"",60%;60%;60%;60%;80%;80%;80%;80%,-170 -130; 170 -130; -170 130; 170 130; -170 -130; 170 -130; -170 130; 170 130,ITI;withStim,"","","","","61",search,Green,unique,-170 -130;170 -130;-170 130;170 130;-170 -130;170 -130;-170 130;170 130,700,42,"16.67",633776,left,488,"0",""
"110","1","1",test,"",b_cd1,targetB,N7,N15,right,left,right,left,left,.jpg,"700",correct: Correct!; incorrect: Incorrect!,center,"300","5000",left right,"",60%;60%;60%;60%;80%;80%;80%;80%,-170 -130; 170 -130; -170 130; 170 130; -170 -130; 170 -130; -170 130; 170 130,ITI;withStim,"","","","","37",search,Blue,unique,-170 -130;170 -130;-170 130;170 130;-170 -130;170 -130;-170 130;170 130,700,42,"16.67",639776,timeout,5004,"0",""
"158","1","1",test,"",N12,N14,targetG,round4,right,left,right,left,right,.jpg,"700",correct: Correct!; incorrect: Incorrect!,center,"300","5000",left right,"",60%;60%;60%;60%;80%;80%;80%;80%,-170 -130; 170 -130; -170 130; 170 130; -170 -130; 170 -130; -170 130; 170 130,ITI;withStim,"","","","","85",search,Green,common,-170 -130;170 -130;-170 130;170 130;-170 -130;170 -130;-170 130;170 130,694,42,"16.67",642095,right,1628,"1",""
"122","1","1",test,"",targetG,N17,N27,N7,left,right,right,left,left,.jpg,"700",correct: Correct!; incorrect: Incorrect!,center,"300","5000",left right,"",60%;60%;60%;60%;80%;80%;80%;80%,-170 -130; 170 -130; -170 130; 170 130; -170 -130; 170 -130; -170 130; 170 130,ITI;withStim,"","","","","49",search,Green,neutral,-170 -130;170 -130;-170 130;170 130;-170 -130;170 -130;-170 130;170 130,700,42,"16.67",645671,left,2588,"1",""
"127","1","1",test,"",irr2,N15,targetG,N20,right,left,left,right,left,.jpg,"700",correct: Correct!; incorrect: Incorrect!,center,"300","5000",left right,"",60%;60%;60%;60%;80%;80%;80%;80%,-170 -130; 170 -130; -170 130; 170 130; -170 -130; 170 -130; -170 130; 170 130,ITI;withStim,"","","","","54",search,Green,common,-170 -130;170 -130;-170 130;170 130;-170 -130;170 -130;-170 130;170 130,700,42,"16.67",647514,right,847,"0",""
"150","1","1",test,"",square3,N9,targetB,N17,right,left,left,right,left,.jpg,"700",correct: Correct!; incorrect: Incorrect!,center,"300","5000",left right,"",60%;60%;60%;60%;80%;80%;80%;80%,-170 -130; 170 -130; -170 130; 170 130; -170 -130; 170 -130; -170 130; 170 130,ITI;withStim,"","","","","77",search,Blue,common,-170 -130;170 -130;-170 130;170 130;-170 -130;170 -130;-170 130;170 130,700,42,"16.67",650035,right,1520,"0",""
"149","1","1",test,"",N27,targetR,N17,N7,right,left,right,left,left,.jpg,"700",correct: Correct!; incorrect: Incorrect!,center,"300","5000",left right,"",60%;60%;60%;60%;80%;80%;80%;80%,-170 -130; 170 -130; -170 130; 170 130; -170 -130; 170 -130; -170 130; 170 130,ITI;withStim,"","","","","76",search,Red,neutral,-170 -130;170 -130;-170 130;170 130;-170 -130;170 -130;-170 130;170 130,700,42,"16.67",651513,right,489,"0",""
"130","1","1",test,"",targetB,b_cd4,N7,N5,right,right,left,left,right,.jpg,"700",correct: Correct!; incorrect: Incorrect!,center,"300","5000",left right,"",60%;60%;60%;60%;80%;80%;80%;80%,-170 -130; 170 -130; -170 130; 170 130; -170 -130; 170 -130; -170 130; 170 130,ITI;withStim,"","","","","57",search,Blue,unique,-170 -130;170 -130;-170 130;170 130;-170 -130;170 -130;-170 130;170 130,700,42,"16.67",652829,left,320,"0",""
"153","1","1",test,"",N8,N28,targetB,N18,right,right,left,left,left,.jpg,"700",correct: Correct!; incorrect: Incorrect!,center,"300","5000",left right,"",60%;60%;60%;60%;80%;80%;80%;80%,-170 -130; 170 -130; -170 130; 170 130; -170 -130; 170 -130; -170 130; 170 130,ITI;withStim,"","","","","80",search,Blue,neutral,-170 -130;170 -130;-170 130;170 130;-170 -130;170 -130;-170 130;170 130,700,42,"16.67",654164,right,339,"0",""
"133","1","1",test,"",targetG,N3,N9,square5,left,left,right,right,left,.jpg,"700",correct: Correct!; incorrect: Incorrect!,center,"300","5000",left right,"",60%;60%;60%;60%;80%;80%;80%;80%,-170 -130; 170 -130; -170 130; 170 130; -170 -130; 170 -130; -170 130; 170 130,ITI;withStim,"","","","","60",search,Green,common,-170 -130;170 -130;-170 130;170 130;-170 -130;170 -130;-170 130;170 130,700,42,"16.67",655248,left,91,"1",""
"142","1","1",test,"",targetR,N26,N29,round8,left,right,left,right,left,.jpg,"700",correct: Correct!; incorrect: Incorrect!,center,"300","5000",left right,"",60%;60%;60%;60%;80%;80%;80%;80%,-170 -130; 170 -130; -170 130; 170 130; -170 -130; 170 -130; -170 130; 170 130,ITI;withStim,"","","","","69",search,Red,common,-170 -130;170 -130;-170 130;170 130;-170 -130;170 -130;-170 130;170 130,700,42,"16.67",656346,right,105,"0",""
"83","1","1",test,"",targetB,N15,N5,N25,right,left,right,left,right,.jpg,"700",correct: Correct!; incorrect: Incorrect!,center,"300","5000",left right,"",60%;60%;60%;60%;80%;80%;80%;80%,-170 -130; 170 -130; -170 130; 170 130; -170 -130; 170 -130; -170 130; 170 130,ITI;withStim,"","","","","10",search,Blue,neutral,-170 -130;170 -130;-170 130;170 130;-170 -130;170 -130;-170 130;170 130,700,42,"16.67",657350,left,8,"0",""
"129","1","1",test,"",targetR,r_cd4,N4,N22,right,left,left,right,right,.jpg,"700",correct: Correct!; incorrect: Incorrect!,center,"300","5000",left right,"",60%;60%;60%;60%;80%;80%;80%;80%,-170 -130; 170 -130; -170 130; 170 130; -170 -130; 170 -130; -170 130; 170 130,ITI;withStim,"","","","","56",search,Red,unique,-170 -130;170 -130;-170 130;170 130;-170 -130;170 -130;-170 130;170 130,700,42,"16.67",658756,right,415,"1",""
"100","1","1",test,"",targetB,N19,N29,N9,right,left,left,right,right,.jpg,"700",correct: Correct!; incorrect: Incorrect!,center,"300","5000",left right,"",60%;60%;60%;60%;80%;80%;80%;80%,-170 -130; 170 -130; -170 130; 170 130; -170 -130; 170 -130; -170 130; 170 130,ITI;withStim,"","","","","27",search,Blue,neutral,-170 -130;170 -130;-170 130;170 130;-170 -130;170 -130;-170 130;170 130,700,42,"16.67",660062,right,304,"1",""
"91","1","1",test,"",square1,N2,targetB,N6,right,right,left,left,left,.jpg,"700",correct: Correct!; incorrect: Incorrect!,center,"300","5000",left right,"",60%;60%;60%;60%;80%;80%;80%;80%,-170 -130; 170 -130; -170 130; 170 130; -170 -130; 170 -130; -170 130; 170 130,ITI;withStim,"","","","","18",search,Blue,common,-170 -130;170 -130;-170 130;170 130;-170 -130;170 -130;-170 130;170 130,700,42,"16.54",661641,left,574,"1",""
"96","1","1",test,"",targetG,N9,N19,N29,left,left,right,right,left,.jpg,"700",correct: Correct!; incorrect: Incorrect!,center,"300","5000",left right,"",60%;60%;60%;60%;80%;80%;80%;80%,-170 -130; 170 -130; -170 130; 170 130; -170 -130; 170 -130; -170 130; 170 130,ITI;withStim,"","","","","23",search,Green,neutral,-170 -130;170 -130;-170 130;170 130;-170 -130;170 -130;-170 130;170 130,700,42,"16.67",662999,right,366,"0",""
"216","1","2",test,"",r_cd5,N12,N6,targetR,right,left,right,left,left,.jpg,"700",correct: Correct!; incorrect: Incorrect!,center,"300","5000",left right,"",60%;60%;60%;60%;80%;80%;80%;80%,-170 -130; 170 -130; -170 130; 170 130; -170 -130; 170 -130; -170 130; 170 130,ITI;withStim,"","","","","52",search,Red,unique,-170 -130;170 -130;-170 130;170 130;-170 -130;170 -130;-170 130;170 130,694,42,"16.67",715668,right,1693,"0",""
"188","1","2",test,"",N5,N6,targetR,square8,right,right,left,left,left,.jpg,"700",correct: Correct!; incorrect: Incorrect!,center,"300","5000",left right,"",60%;60%;60%;60%;80%;80%;80%;80%,-170 -130; 170 -130; -170 130; 170 130; -170 -130; 170 -130; -170 130; 170 130,ITI;withStim,"","","","","24",search,Red,common,-170 -130;170 -130;-170 130;170 130;-170 -130;170 -130;-170 130;170 130,700,42,"16.67",717268,left,610,"1",""
"234","1","2",test,"",N14,targetR,irr3,N6,left,right,left,right,right,.jpg,"700",correct: Correct!; incorrect: Incorrect!,center,"300","5000",left right,"",60%;60%;60%;60%;80%;80%;80%;80%,-170 -130; 170 -130; -170 130; 170 130; -170 -130; 170 -130; -170 130; 170 130,ITI;withStim,"","","","","70",search,Red,common,-170 -130;170 -130;-170 130;170 130;-170 -130;170 -130;-170 130;170 130,700,42,"16.67",718760,right,503,"1",""
"231","1","2",test,"",targetB,round2,N20,N10,left,left,right,right,left,.jpg,"700",correct: Correct!; incorrect: Incorrect!,center,"300","5000",left right,"",60%;60%;60%;60%;80%;80%;80%;80%,-170 -130; 170 -130; -170 130; 170 130; -170 -130; 170 -130; -170 130; 170 130,ITI;withStim,"","","","","67",search,Blue,common,-170 -130;170 -130;-170 130;170 130;-170 -130;170 -130;-170 130;170 130,700,42,"16.67",720069,right,311,"0",""
"224","1","2",test,"",targetG,N3,N9,square5,left,left,right,right,left,.jpg,"700",correct: Correct!; incorrect: Incorrect!,center,"300","5000",left right,"",60%;60%;60%;60%;80%;80%;80%;80%,-170 -130; 170 -130; -170 130; 170 130; -170 -130; 170 -130; -170 130; 170 130,ITI;withStim,"","","","","60",search,Green,common,-170 -130;170 -130;-170 130;170 130;-170 -130;170 -130;-170 130;170 130,700,42,"16.67",721542,left,485,"1",""
"241","1","2",test,"",square3,N9,targetB,N17,right,left,left,right,left,.jpg,"700",correct: Correct!; incorrect: Incorrect!,center,"300","5000",left right,"",60%;60%;60%;60%;80%;80%;80%;80%,-170 -130; 170 -130; -170 130; 170 130; -170 -130; 170 -130; -170 130; 170 130,ITI;withStim,"","","","","77",search,Blue,common,-170 -130;170 -130;-170 130;170 130;-170 -130;170 -130;-170 130;170 130,700,42,"16.67",723754,left,1213,"1",""
"246","1","2",test,"",N16,N26,N6,targetR,right,right,left,left,left,.jpg,"700",correct: Correct!; incorrect: Incorrect!,center,"300","5000",left right,"",60%;60%;60%;60%;80%;80%;80%;80%,-170 -130; 170 -130; -170 130; 170 130; -170 -130; 170 -130; -170 130; 170 130,ITI;withStim,"","","","","82",search,Red,neutral,-170 -130;170 -130;-170 130;170 130;-170 -130;170 -130;-170 130;170 130,700,42,"16.67",726184,right,1438,"0",""
"177","1","2",test,"",targetG,N10,N20,N30,left,left,right,right,left,.jpg,"700",correct: Correct!; incorrect: Incorrect!,center,"300","5000",left right,"",60%;60%;60%;60%;80%;80%;80%;80%,-170 -130; 170 -130; -170 130; 170 130; -170 -130; 170 -130; -170 130; 170 130,ITI;withStim,"","","","","13",search,Green,neutral,-170 -130;170 -130;-170 130;170 130;-170 -130;170 -130;-170 130;170 130,700,42,"16.67",727541,left,362,"1",""
"237","1","2",test,"",targetR,N9,r_cd6,N3,right,left,left,right,right,.jpg,"700",correct: Correct!; incorrect: Incorrect!,center,"300","5000",left right,"",60%;60%;60%;60%;80%;80%;80%;80%,-170 -130; 170 -130; -170 130; 170 130; -170 -130; 170 -130; -170 130; 170 130,ITI;withStim,"","","","","73",search,Red,unique,-170 -130;170 -130;-170 130;170 130;-170 -130;170 -130;-170 130;170 130,700,42,"16.67",729140,left,595,"0",""
"217","1","2",test,"",N6,b_cd10,N7,targetB,left,right,left,right,right,.jpg,"700",correct: Correct!; incorrect: Incorrect!,center,"300","5000",left right,"",60%;60%;60%;60%;80%;80%;80%;80%,-170 -130; 170 -130; -170 130; 170 130; -170 -130; 170 -130; -170 130; 170 130,ITI;withStim,"","","","","53",search,Blue,unique,-170 -130;170 -130;-170 130;170 130;-170 -130;170 -130;-170 130;170 130,700,42,"16.67",735145,timeout,5000,"0",""
"222","1","2",test,"",N3,N16,r_cd2,targetR,right,right,left,left,left,.jpg,"700",correct: Correct!; incorrect: Incorrect!,center,"300","5000",left right,"",60%;60%;60%;60%;80%;80%;80%;80%,-170 -130; 170 -130; -170 130; 170 130; -170 -130; 170 -130; -170 130; 170 130,ITI;withStim,"","","","","58",search,Red,unique,-170 -130;170 -130;-170 130;170 130;-170 -130;170 -130;-170 130;170 130,704,42,"16.67",736234,right,384,"0",""
"204","1","2",test,"",N16,N26,targetG,N6,left,right,left,right,left,.jpg,"700",correct: Correct!; incorrect: Incorrect!,center,"300","5000",left right,"",60%;60%;60%;60%;80%;80%;80%;80%,-170 -130; 170 -130; -170 130; 170 130; -170 -130; 170 -130; -170 130; 170 130,ITI;withStim,"","","","","40",search,Green,neutral,-170 -130;170 -130;-170 130;170 130;-170 -130;170 -130;-170 130;170 130,700,42,"16.67",737569,left,336,"1",""
"195","1","2",test,"",N1,targetR,N21,N11,left,right,right,left,right,.jpg,"700",correct: Correct!; incorrect: Incorrect!,center,"300","5000",left right,"",60%;60%;60%;60%;80%;80%;80%;80%,-170 -130; 170 -130; -170 130; 170 130; -170 -130; 170 -130; -170 130; 170 130,ITI;withStim,"","","","","31",search,Red,neutral,-170 -130;170 -130;-170 130;170 130;-170 -130;170 -130;-170 130;170 130,700,0,0,739299,left,733,"0",""
"193","1","2",test,"",targetB,b_cd9,N11,N9,left,right,right,left,left,.jpg,"700",correct: Correct!; incorrect: Incorrect!,center,"300","5000",left right,"",60%;60%;60%;60%;80%;80%;80%;80%,-170 -130; 170 -130; -170 130; 170 130; -170 -130; 170 -130; -170 130; 170 130,ITI;withStim,"","","","","29",search,Blue,unique,-170 -130;170 -130;-170 130;170 130;-170 -130;170 -130;-170 130;170 130,700,42,"16.52",740943,left,644,"1",""
"183","1","2",test,"",targetB,N12,N2,N22,left,left,right,right,left,.jpg,"700",correct: Correct!; incorrect: Incorrect!,center,"300","5000",left right,"",60%;60%;60%;60%;80%;80%;80%;80%,-170 -130; 170 -130; -170 130; 170 130; -170 -130; 170 -130; -170 130; 170 130,ITI;withStim,"","","","","19",search,Blue,neutral,-170 -130;170 -130;-170 130;170 130;-170 -130;170 -130;-170 130;170 130,700,42,"16.67",742295,left,345,"1",""
"205","1","2",test,"",cylinder6,targetG,N16,N15,right,left,right,left,left,.jpg,"700",correct: Correct!; incorrect: Incorrect!,center,"300","5000",left right,"",60%;60%;60%;60%;80%;80%;80%;80%,-170 -130; 170 -130; -170 130; 170 130; -170 -130; 170 -130; -170 130; 170 130,ITI;withStim,"","","","","41",search,Green,common,-170 -130;170 -130;-170 130;170 130;-170 -130;170 -130;-170 130;170 130,700,42,"16.67",743920,right,622,"0",""
"190","1","2",test,"",N7,targetB,cylinder1,N12,right,left,right,left,left,.jpg,"700",correct: Correct!; incorrect: Incorrect!,center,"300","5000",left right,"",60%;60%;60%;60%;80%;80%;80%;80%,-170 -130; 170 -130; -170 130; 170 130; -170 -130; 170 -130; -170 130; 170 130,ITI;withStim,"","","","","26",search,Blue,common,-170 -130;170 -130;-170 130;170 130;-170 -130;170 -130;-170 130;170 130,700,42,"16.67",745223,left,307,"1",""
"179","1","2",test,"",targetR,N4,N24,N14,left,left,right,right,left,.jpg,"700",correct: Correct!; incorrect: Incorrect!,center,"300","5000",left right,"",60%;60%;60%;60%;80%;80%;80%;80%,-170 -130; 170 -130; -170 130; 170 130; -170 -130; 170 -130; -170 130; 170 130,ITI;withStim,"","","","","15",search,Red,neutral,-170 -130;170 -130;-170 130;170 130;-170 -130;170 -130;-170 130;170 130,700,42,"16.67",746897,left,677,"1",""
"166","1","2",test,"",N12,b_cd2,targetB,N15,right,left,left,right,left,.jpg,"700",correct: Correct!; incorrect: Incorrect!,center,"300","5000",left right,"",60%;60%;60%;60%;80%;80%;80%;80%,-170 -130; 170 -130; -170 130; 170 130; -170 -130; 170 -130; -170 130; 170 130,ITI;withStim,"","","","","2",search,Blue,unique,-170 -130;170 -130;-170 130;170 130;-170 -130;170 -130;-170 130;170 130,700,42,"16.67",748862,left,976,"1",""
"185","1","2",test,"",targetB,N17,N27,N7,right,right,left,left,right,.jpg,"700",correct: Correct!; incorrect: Incorrect!,center,"300","5000",left right,"",60%;60%;60%;60%;80%;80%;80%;80%,-170 -130; 170 -130; -170 130; 170 130; -170 -130; 170 -130; -170 130; 170 130,ITI;withStim,"","","","","21",search,Blue,neutral,-170 -130;170 -130;-170 130;170 130;-170 -130;170 -130;-170 130;170 130,700,42,"16.67",750389,left,536,"0",""
"235","1","2",test,"",N5,N15,targetR,N25,right,right,left,left,left,.jpg,"700",correct: Correct!; incorrect: Incorrect!,center,"300","5000",left right,"",60%;60%;60%;60%;80%;80%;80%;80%,-170 -130; 170 -130; -170 130; 170 130; -170 -130; 170 -130; -170 130; 170 130,ITI;withStim,"","","","","71",search,Red,neutral,-170 -130;170 -130;-170 130;170 130;-170 -130;170 -130;-170 130;170 130,700,42,"16.67",751757,right,370,"0",""
"194","1","2",test,"",targetG,N11,N1,N21,right,right,left,left,right,.jpg,"700",correct: Correct!; incorrect: Incorrect!,center,"300","5000",left right,"",60%;60%;60%;60%;80%;80%;80%;80%,-170 -130; 170 -130; -170 130; 170 130; -170 -130; 170 -130; -170 130; 170 130,ITI;withStim,"","","","","30",search,Green,neutral,-170 -130;170 -130;-170 130;170 130;-170 -130;170 -130;-170 130;170 130,700,42,"16.67",753496,left,744,"0",""
"223","1","2",test,"",round9,N2,N5,targetR,right,left,right,left,left,.jpg,"700",correct: Correct!; incorrect: Incorrect!,center,"300","5000",left right,"",60%;60%;60%;60%;80%;80%;80%;80%,-170 -130; 170 -130; -170 130; 170 130; -170 -130; 170 -130; -170 130; 170 130,ITI;withStim,"","","","","59",search,Red,common,-170 -130;170 -130;-170 130;170 130;-170 -130;170 -130;-170 130;170 130,700,42,"16.67",755011,left,524,"1",""
"182","1","2",test,"",square1,N2,targetB,N6,right,right,left,left,left,.jpg,"700",correct: Correct!; incorrect: Incorrect!,center,"300","5000",left right,"",60%;60%;60%;60%;80%;80%;80%;80%,-170 -130; 170 -130; -170 130; 170 130; -170 -130; 170 -130; -170 130; 170 130,ITI;withStim,"","","","","18",search,Blue,common,-170 -130;170 -130;-170 130;170 130;-170 -130;170 -130;-170 130;170 130,706,42,"16.76",757245,right,1236,"0",""
"250","1","2",test,"",targetR,r_cd1,N20,N21,right,right,left,left,right,.jpg,"700",correct: Correct!; incorrect: Incorrect!,center,"300","5000",left right,"",60%;60%;60%;60%;80%;80%;80%;80%,-170 -130; 170 -130; -170 130; 170 130; -170 -130; 170 -130; -170 130; 170 130,ITI;withStim,"","","","","86",search,Red,unique,-170 -130;170 -130;-170 130;170 130;-170 -130;170 -130;-170 130;170 130,700,42,"16.67",758752,left,510,"0",""
"230","1","2",test,"",N11,targetB,b_cd6,N6,right,left,right,left,left,.jpg,"700",correct: Correct!; incorrect: Incorrect!,center,"300","5000",left right,"",60%;60%;60%;60%;80%;80%;80%;80%,-170 -130; 170 -130; -170 130; 170 130; -170 -130; 170 -130; -170 130; 170 130,ITI;withStim,"","","","","66",search,Blue,unique,-170 -130;170 -130;-170 130;170 130;-170 -130;170 -130;-170 130;170 130,700,42,"16.67",760223,right,480,"0",""
"207","1","2",test,"",N6,N20,g_cd1,targetG,left,right,right,left,left,.jpg,"700",correct: Correct!; incorrect: Incorrect!,center,"300","5000",left right,"",60%;60%;60%;60%;80%;80%;80%;80%,-170 -130; 170 -130; -170 130; 170 130; -170 -130; 170 -130; -170 130; 170 130,ITI;withStim,"","","","","43",search,Green,unique,-170 -130;170 -130;-170 130;170 130;-170 -130;170 -130;-170 130;170 130,700,42,"16.67",761646,left,420,"1",""
"252","1","2",test,"",N26,cylinder2,targetB,N9,right,left,left,right,left,.jpg,"700",correct: Correct!; incorrect: Incorrect!,center,"300","5000",left right,"",60%;60%;60%;60%;80%;80%;80%;80%,-170 -130; 170 -130; -170 130; 170 130; -170 -130; 170 -130; -170 130; 170 130,ITI;withStim,"","","","","88",search,Blue,common,-170 -130;170 -130;-170 130;170 130;-170 -130;170 -130;-170 130;170 130,700,42,"16.67",763602,left,959,"1",""
"218","1","2",test,"",irr2,N15,targetG,N20,right,left,left,right,left,.jpg,"700",correct: Correct!; incorrect: Incorrect!,center,"300","5000",left right,"",60%;60%;60%;60%;80%;80%;80%;80%,-170 -130; 170 -130; -170 130; 170 130; -170 -130; 170 -130; -170 130; 170 130,ITI;withStim,"","","","","54",search,Green,common,-170 -130;170 -130;-170 130;170 130;-170 -130;170 -130;-170 130;170 130,700,42,"16.67",765757,right,1165,"0",""
"186","1","2",test,"",N12,targetG,g_cd2,N22,left,right,left,right,right,.jpg,"700",correct: Correct!; incorrect: Incorrect!,center,"300","5000",left right,"",60%;60%;60%;60%;80%;80%;80%;80%,-170 -130; 170 -130; -170 130; 170 130; -170 -130; 170 -130; -170 130; 170 130,ITI;withStim,"","","","","22",search,Green,unique,-170 -130;170 -130;-170 130;170 130;-170 -130;170 -130;-170 130;170 130,700,42,"16.67",767118,left,370,"0",""
"211","1","2",test,"",targetG,N2,N12,N22,right,right,left,left,right,.jpg,"700",correct: Correct!; incorrect: Incorrect!,center,"300","5000",left right,"",60%;60%;60%;60%;80%;80%;80%;80%,-170 -130; 170 -130; -170 130; 170 130; -170 -130; 170 -130; -170 130; 170 130,ITI;withStim,"","","","","47",search,Green,neutral,-170 -130;170 -130;-170 130;170 130;-170 -130;170 -130;-170 130;170 130,700,42,"16.67",768219,right,104,"1",""
"242","1","2",test,"",N15,targetG,N4,round5,right,left,left,right,left,.jpg,"700",correct: Correct!; incorrect: Incorrect!,center,"300","5000",left right,"",60%;60%;60%;60%;80%;80%;80%;80%,-170 -130; 170 -130; -170 130; 170 130; -170 -130; 170 -130; -170 130; 170 130,ITI;withStim,"","","","","78",search,Green,common,-170 -130;170 -130;-170 130;170 130;-170 -130;170 -130;-170 130;170 130,700,42,"16.67",769762,right,548,"0",""
"206","1","2",test,"",N3,N13,N23,targetG,right,left,left,right,right,.jpg,"700",correct: Correct!; incorrect: Incorrect!,center,"300","5000",left right,"",60%;60%;60%;60%;80%;80%;80%;80%,-170 -130; 170 -130; -170 130; 170 130; -170 -130; 170 -130; -170 130; 170 130,ITI;withStim,"","","","","42",search,Green,neutral,-170 -130;170 -130;-170 130;170 130;-170 -130;170 -130;-170 130;170 130,700,42,"16.67",771348,left,583,"0",""
"200","1","2",test,"",N28,targetG,g_cd8,N13,right,right,left,left,right,.jpg,"700",correct: Correct!; incorrect: Incorrect!,center,"300","5000",left right,"",60%;60%;60%;60%;80%;80%;80%;80%,-170 -130; 170 -130; -170 130; 170 130; -170 -130; 170 -130; -170 130; 170 130,ITI;withStim,"","","","","36",search,Green,unique,-170 -130;170 -130;-170 130;170 130;-170 -130;170 -130;-170 130;170 130,700,42,"16.67",772816,right,467,"1",""
"212","1","2",test,"",N21,N1,N11,targetB,left,left,right,right,right,.jpg,"700",correct: Correct!; incorrect: Incorrect!,center,"300","5000",left right,"",60%;60%;60%;60%;80%;80%;80%;80%,-170 -130; 170 -130; -170 130; 170 130; -170 -130; 170 -130; -170 130; 170 130,ITI;withStim,"","","","","48",search,Blue,neutral,-170 -130;170 -130;-170 130;170 130;-170 -130;170 -130;-170 130;170 130,700,42,"16.67",774238,right,423,"1",""
"175","1","2",test,"",targetB,N10,N20,N30,right,left,right,left,right,.jpg,"700",correct: Correct!; incorrect: Incorrect!,center,"300","5000",left right,"",60%;60%;60%;60%;80%;80%;80%;80%,-170 -130; 170 -130; -170 130; 170 130; -170 -130; 170 -130; -170 130; 170 130,ITI;withStim,"","","","","11",search,Blue,neutral,-170 -130;170 -130;-170 130;170 130;-170 -130;170 -130;-170 130;170 130,700,42,"16.67",776294,right,1064,"1",""
"239","1","2",test,"",N4,r_cd10,N12,targetR,left,left,right,right,right,.jpg,"700",correct: Correct!; incorrect: Incorrect!,center,"300","5000",left right,"",60%;60%;60%;60%;80%;80%;80%;80%,-170 -130; 170 -130; -170 130; 170 130; -170 -130; 170 -130; -170 130; 170 130,ITI;withStim,"","","","","75",search,Red,unique,-170 -130;170 -130;-170 130;170 130;-170 -130;170 -130;-170 130;170 130,700,42,"16.82",777785,right,499,"1",""
"210","1","2",test,"",N11,g_cd7,N18,targetG,right,right,left,left,left,.jpg,"700",correct: Correct!; incorrect: Incorrect!,center,"300","5000",left right,"",60%;60%;60%;60%;80%;80%;80%;80%,-170 -130; 170 -130; -170 130; 170 130; -170 -130; 170 -130; -170 130; 170 130,ITI;withStim,"","","","","46",search,Green,unique,-170 -130;170 -130;-170 130;170 130;-170 -130;170 -130;-170 130;170 130,700,42,"16.67",779378,right,592,"0",""
"208","1","2",test,"",targetG,N7,N4,square6,left,left,right,right,left,.jpg,"700",correct: Correct!; incorrect: Incorrect!,center,"300","5000",left right,"",60%;60%;60%;60%;80%;80%;80%;80%,-170 -130; 170 -130; -170 130; 170 130; -170 -130; 170 -130; -170 130; 170 130,ITI;withStim,"","","","","44",search,Green,common,-170 -130;170 -130;-170 130;170 130;-170 -130;170 -130;-170 130;170 130,700,42,"16.67",780924,left,555,"1",""
"251","1","2",test,"",square9,targetR,N10,N15,right,right,left,left,right,.jpg,"700",correct: Correct!; incorrect: Incorrect!,center,"300","5000",left right,"",60%;60%;60%;60%;80%;80%;80%;80%,-170 -130; 170 -130; -170 130; 170 130; -170 -130; 170 -130; -170 130; 170 130,ITI;withStim,"","","","","87",search,Red,common,-170 -130;170 -130;-170 130;170 130;-170 -130;170 -130;-170 130;170 130,700,42,"16.67",782690,right,772,"1",""
"229","1","2",test,"",N15,targetG,N5,N25,left,right,right,left,right,.jpg,"700",correct: Correct!; incorrect: Incorrect!,center,"300","5000",left right,"",60%;60%;60%;60%;80%;80%;80%;80%,-170 -130; 170 -130; -170 130; 170 130; -170 -130; 170 -130; -170 130; 170 130,ITI;withStim,"","","","","65",search,Green,neutral,-170 -130;170 -130;-170 130;170 130;-170 -130;170 -130;-170 130;170 130,700,42,"16.67",784338,right,653,"1",""
"213","1","2",test,"",targetG,N17,N27,N7,left,right,right,left,left,.jpg,"700",correct: Correct!; incorrect: Incorrect!,center,"300","5000",left right,"",60%;60%;60%;60%;80%;80%;80%;80%,-170 -130; 170 -130; -170 130; 170 130; -170 -130; 170 -130; -170 130; 170 130,ITI;withStim,"","","","","49",search,Green,neutral,-170 -130;170 -130;-170 130;170 130;-170 -130;170 -130;-170 130;170 130,700,42,"16.67",786672,right,1337,"0",""
"170","1","2",test,"",N10,N3,targetB,b_cd8,left,right,left,right,left,.jpg,"700",correct: Correct!; incorrect: Incorrect!,center,"300","5000",left right,"",60%;60%;60%;60%;80%;80%;80%;80%,-170 -130; 170 -130; -170 130; 170 130; -170 -130; 170 -130; -170 130; 170 130,ITI;withStim,"","","","","6",search,Blue,unique,-170 -130;170 -130;-170 130;170 130;-170 -130;170 -130;-170 130;170 130,700,42,"16.67",787943,left,273,"1",""
"187","1","2",test,"",targetG,N9,N19,N29,left,left,right,right,left,.jpg,"700",correct: Correct!; incorrect: Incorrect!,center,"300","5000",left right,"",60%;60%;60%;60%;80%;80%;80%;80%,-170 -130; 170 -130; -170 130; 170 130; -170 -130; 170 -130; -170 130; 170 130,ITI;withStim,"","","","","23",search,Green,neutral,-170 -130;170 -130;-170 130;170 130;-170 -130;170 -130;-170 130;170 130,700,42,"16.67",793578,left,4641,"1",""
"174","1","2",test,"",targetB,N15,N5,N25,right,left,right,left,right,.jpg,"700",correct: Correct!; incorrect: Incorrect!,center,"300","5000",left right,"",60%;60%;60%;60%;80%;80%;80%;80%,-170 -130; 170 -130; -170 130; 170 130; -170 -130; 170 -130; -170 130; 170 130,ITI;withStim,"","","","","10",search,Blue,neutral,-170 -130;170 -130;-170 130;170 130;-170 -130;170 -130;-170 130;170 130,700,42,"16.67",799570,timeout,5000,"0",""
"171","1","2",test,"",cylinder7,N22,N4,targetR,right,left,left,right,right,.jpg,"700",correct: Correct!; incorrect: Incorrect!,center,"300","5000",left right,"",60%;60%;60%;60%;80%;80%;80%;80%,-170 -130; 170 -130; -170 130; 170 130; -170 -130; 170 -130; -170 130; 170 130,ITI;withStim,"","","","","7",search,Red,common,-170 -130;170 -130;-170 130;170 130;-170 -130;170 -130;-170 130;170 130,706,42,"16.67",802283,right,2006,"1",""
"165","1","2",test,"",N17,cylinder5,N4,targetG,left,right,left,right,right,.jpg,"700",correct: Correct!; incorrect: Incorrect!,center,"300","5000",left right,"",60%;60%;60%;60%;80%;80%;80%;80%,-170 -130; 170 -130; -170 130; 170 130; -170 -130; 170 -130; -170 130; 170 130,ITI;withStim,"","","","","1",search,Green,common,-170 -130;170 -130;-170 130;170 130;-170 -130;170 -130;-170 130;170 130,700,42,"16.67",803779,right,502,"1",""
"203","1","2",test,"",N19,g_cd5,N13,targetG,left,left,right,right,right,.jpg,"700",correct: Correct!; incorrect: Incorrect!,center,"300","5000",left right,"",60%;60%;60%;60%;80%;80%;80%;80%,-170 -130; 170 -130; -170 130; 170 130; -170 -130; 170 -130; -170 130; 170 130,ITI;withStim,"","","","","39",search,Green,unique,-170 -130;170 -130;-170 130;170 130;-170 -130;170 -130;-170 130;170 130,700,42,"16.67",805198,right,422,"1",""
"191","1","2",test,"",targetB,N19,N29,N9,right,left,left,right,right,.jpg,"700",correct: Correct!; incorrect: Incorrect!,center,"300","5000",left right,"",60%;60%;60%;60%;80%;80%;80%;80%,-170 -130; 170 -130; -170 130; 170 130; -170 -130; 170 -130; -170 130; 170 130,ITI;withStim,"","","","","27",search,Blue,neutral,-170 -130;170 -130;-170 130;170 130;-170 -130;170 -130;-170 130;170 130,700,42,"16.67",806748,left,554,"0",""
"173","1","2",test,"",N26,r_cd7,targetR,N15,left,right,left,right,left,.jpg,"700",correct: Correct!; incorrect: Incorrect!,center,"300","5000",left right,"",60%;60%;60%;60%;80%;80%;80%;80%,-170 -130; 170 -130; -170 130; 170 130; -170 -130; 170 -130; -170 130; 170 130,ITI;withStim,"","","","","9",search,Red,unique,-170 -130;170 -130;-170 130;170 130;-170 -130;170 -130;-170 130;170 130,700,42,"16.67",808103,right,359,"0",""
"219","1","2",test,"",N19,N29,N9,targetR,right,left,right,left,left,.jpg,"700",correct: Correct!; incorrect: Incorrect!,center,"300","5000",left right,"",60%;60%;60%;60%;80%;80%;80%;80%,-170 -130; 170 -130; -170 130; 170 130; -170 -130; 170 -130; -170 130; 170 130,ITI;withStim,"","","","","55",search,Red,neutral,-170 -130;170 -130;-170 130;170 130;-170 -130;170 -130;-170 130;170 130,700,42,"16.67",809432,left,339,"1",""
"228","1","2",test,"",N9,targetG,g_cd6,N8,left,left,right,right,left,.jpg,"700",correct: Correct!; incorrect: Incorrect!,center,"300","5000",left right,"",60%;60%;60%;60%;80%;80%;80%;80%,-170 -130; 170 -130; -170 130; 170 130; -170 -130; 170 -130; -170 130; 170 130,ITI;withStim,"","","","","64",search,Green,unique,-170 -130;170 -130;-170 130;170 130;-170 -130;170 -130;-170 130;170 130,707,42,"16.67",813023,left,2589,"1",""
"243","1","2",test,"",targetR,cylinder8,N2,N15,right,left,right,left,right,.jpg,"700",correct: Correct!; incorrect: Incorrect!,center,"300","5000",left right,"",60%;60%;60%;60%;80%;80%;80%;80%,-170 -130; 170 -130; -170 130; 170 130; -170 -130; 170 -130; -170 130; 170 130,ITI;withStim,"","","","","79",search,Red,common,-170 -130;170 -130;-170 130;170 130;-170 -130;170 -130;-170 130;170 130,700,42,"16.67",814463,left,446,"0",""
"249","1","2",test,"",N12,N14,targetG,round4,right,left,right,left,right,.jpg,"700",correct: Correct!; incorrect: Incorrect!,center,"300","5000",left right,"",60%;60%;60%;60%;80%;80%;80%;80%,-170 -130; 170 -130; -170 130; 170 130; -170 -130; 170 -130; -170 130; 170 130,ITI;withStim,"","","","","85",search,Green,common,-170 -130;170 -130;-170 130;170 130;-170 -130;170 -130;-170 130;170 130,700,42,"16.67",815798,right,331,"1",""
"227","1","2",test,"",targetB,N14,N6,b_cd7,left,right,right,left,left,.jpg,"700",correct: Correct!; incorrect: Incorrect!,center,"300","5000",left right,"",60%;60%;60%;60%;80%;80%;80%;80%,-170 -130; 170 -130; -170 130; 170 130; -170 -130; 170 -130; -170 130; 170 130,ITI;withStim,"","","","","63",search,Blue,unique,-170 -130;170 -130;-170 130;170 130;-170 -130;170 -130;-170 130;170 130,700,42,"16.67",817168,right,368,"0",""
"168","1","2",test,"",targetB,N10,N12,b_cd5,right,left,left,right,right,.jpg,"700",correct: Correct!; incorrect: Incorrect!,center,"300","5000",left right,"",60%;60%;60%;60%;80%;80%;80%;80%,-170 -130; 170 -130; -170 130; 170 130; -170 -130; 170 -130; -170 130; 170 130,ITI;withStim,"","","","","4",search,Blue,unique,-170 -130;170 -130;-170 130;170 130;-170 -130;170 -130;-170 130;170 130,700,42,"16.67",818763,left,596,"0",""
"196","1","2",test,"",N26,N6,N16,targetB,right,left,left,right,right,.jpg,"700",correct: Correct!; incorrect: Incorrect!,center,"300","5000",left right,"",60%;60%;60%;60%;80%;80%;80%;80%,-170 -130; 170 -130; -170 130; 170 130; -170 -130; 170 -130; -170 130; 170 130,ITI;withStim,"","","","","32",search,Blue,neutral,-170 -130;170 -130;-170 130;170 130;-170 -130;170 -130;-170 130;170 130,700,42,"16.67",820078,right,311,"1",""
"238","1","2",test,"",N3,N23,N13,targetB,left,right,right,left,left,.jpg,"700",correct: Correct!; incorrect: Incorrect!,center,"300","5000",left right,"",60%;60%;60%;60%;80%;80%;80%;80%,-170 -130; 170 -130; -170 130; 170 130; -170 -130; 170 -130; -170 130; 170 130,ITI;withStim,"","","","","74",search,Blue,neutral,-170 -130;170 -130;-170 130;170 130;-170 -130;170 -130;-170 130;170 130,700,42,"16.67",821977,right,910,"0",""
"233","1","2",test,"",targetR,N26,N29,round8,left,right,left,right,left,.jpg,"700",correct: Correct!; incorrect: Incorrect!,center,"300","5000",left right,"",60%;60%;60%;60%;80%;80%;80%;80%,-170 -130; 170 -130; -170 130; 170 130; -170 -130; 170 -130; -170 130; 170 130,ITI;withStim,"","","","","69",search,Red,common,-170 -130;170 -130;-170 130;170 130;-170 -130;170 -130;-170 130;170 130,700,42,"16.81",827966,timeout,4999,"0",""
"226","1","2",test,"",N18,targetR,N28,N8,right,left,left,right,left,.jpg,"700",correct: Correct!; incorrect: Incorrect!,center,"300","5000",left right,"",60%;60%;60%;60%;80%;80%;80%;80%,-170 -130; 170 -130; -170 130; 170 130; -170 -130; 170 -130; -170 130; 170 130,ITI;withStim,"","","","","62",search,Red,neutral,-170 -130;170 -130;-170 130;170 130;-170 -130;170 -130;-170 130;170 130,700,42,"16.67",830323,right,1657,"0",""
"167","1","2",test,"",N17,targetG,round6,N7,left,right,left,right,right,.jpg,"700",correct: Correct!; incorrect: Incorrect!,center,"300","5000",left right,"",60%;60%;60%;60%;80%;80%;80%;80%,-170 -130; 170 -130; -170 130; 170 130; -170 -130; 170 -130; -170 130; 170 130,ITI;withStim,"","","","","3",search,Green,common,-170 -130;170 -130;-170 130;170 130;-170 -130;170 -130;-170 130;170 130,700,42,"16.67",832966,left,1640,"0",""
"192","1","2",test,"",N10,N30,targetR,N20,right,left,left,right,left,.jpg,"700",correct: Correct!; incorrect: Incorrect!,center,"300","5000",left right,"",60%;60%;60%;60%;80%;80%;80%;80%,-170 -130; 170 -130; -170 130; 170 130; -170 -130; 170 -130; -170 130; 170 130,ITI;withStim,"","","","","28",search,Red,neutral,-170 -130;170 -130;-170 130;170 130;-170 -130;170 -130;-170 130;170 130,700,42,"16.67",834272,right,312,"0",""
"180","1","2",test,"",N11,N2,targetB,cylinder3,left,right,left,right,left,.jpg,"700",correct: Correct!; incorrect: Incorrect!,center,"300","5000",left right,"",60%;60%;60%;60%;80%;80%;80%;80%,-170 -130; 170 -130; -170 130; 170 130; -170 -130; 170 -130; -170 130; 170 130,ITI;withStim,"","","","","16",search,Blue,common,-170 -130;170 -130;-170 130;170 130;-170 -130;170 -130;-170 130;170 130,700,42,"16.67",835938,left,662,"1",""
"220","1","2",test,"",targetR,r_cd4,N4,N22,right,left,left,right,right,.jpg,"700",correct: Correct!; incorrect: Incorrect!,center,"300","5000",left right,"",60%;60%;60%;60%;80%;80%;80%;80%,-170 -130; 170 -130; -170 130; 170 130; -170 -130; 170 -130; -170 130; 170 130,ITI;withStim,"","","","","56",search,Red,unique,-170 -130;170 -130;-170 130;170 130;-170 -130;170 -130;-170 130;170 130,700,42,"16.67",837368,left,426,"0",""
"176","1","2",test,"",r_cd9,N15,N16,targetR,left,left,right,right,right,.jpg,"700",correct: Correct!; incorrect: Incorrect!,center,"300","5000",left right,"",60%;60%;60%;60%;80%;80%;80%;80%,-170 -130; 170 -130; -170 130; 170 130; -170 -130; 170 -130; -170 130; 170 130,ITI;withStim,"","","","","12",search,Red,unique,-170 -130;170 -130;-170 130;170 130;-170 -130;170 -130;-170 130;170 130,700,42,"16.85",838687,right,328,"1",""
"247","1","2",test,"",N5,r_cd8,targetR,N2,left,right,right,left,right,.jpg,"700",correct: Correct!; incorrect: Incorrect!,center,"300","5000",left right,"",60%;60%;60%;60%;80%;80%;80%;80%,-170 -130; 170 -130; -170 130; 170 130; -170 -130; 170 -130; -170 130; 170 130,ITI;withStim,"","","","","83",search,Red,unique,-170 -130;170 -130;-170 130;170 130;-170 -130;170 -130;-170 130;170 130,700,42,"16.67",840153,right,476,"1",""
"198","1","2",test,"",N8,targetG,N18,N28,left,right,left,right,right,.jpg,"700",correct: Correct!; incorrect: Incorrect!,center,"300","5000",left right,"",60%;60%;60%;60%;80%;80%;80%;80%,-170 -130; 170 -130; -170 130; 170 130; -170 -130; 170 -130; -170 130; 170 130,ITI;withStim,"","","","","34",search,Green,neutral,-170 -130;170 -130;-170 130;170 130;-170 -130;170 -130;-170 130;170 130,705,42,"16.67",841463,right,315,"1",""
"199","1","2",test,"",targetG,N5,square4,N15,left,right,right,left,left,.jpg,"700",correct: Correct!; incorrect: Incorrect!,center,"300","5000",left right,"",60%;60%;60%;60%;80%;80%;80%;80%,-170 -130; 170 -130; -170 130; 170 130; -170 -130; 170 -130; -170 130; 170 130,ITI;withStim,"","","","","35",search,Green,common,-170 -130;170 -130;-170 130;170 130;-170 -130;170 -130;-170 130;170 130,700,42,"16.67",842890,right,426,"0",""
"232","1","2",test,"",g_cd3,N7,targetG,N8,left,right,right,left,right,.jpg,"700",correct: Correct!; incorrect: Incorrect!,center,"300","5000",left right,"",60%;60%;60%;60%;80%;80%;80%;80%,-170 -130; 170 -130; -170 130; 170 130; -170 -130; 170 -130; -170 130; 170 130,ITI;withStim,"","","","","68",search,Green,unique,-170 -130;170 -130;-170 130;170 130;-170 -130;170 -130;-170 130;170 130,700,42,"16.67",844190,left,309,"0",""
"214","1","2",test,"",N18,b_cd3,N15,targetB,right,right,left,left,left,.jpg,"700",correct: Correct!; incorrect: Incorrect!,center,"300","5000",left right,"",60%;60%;60%;60%;80%;80%;80%;80%,-170 -130; 170 -130; -170 130; 170 130; -170 -130; 170 -130; -170 130; 170 130,ITI;withStim,"","","","","50",search,Blue,unique,-170 -130;170 -130;-170 130;170 130;-170 -130;170 -130;-170 130;170 130,700,42,"16.67",845481,right,300,"0",""
"215","1","2",test,"",N18,targetR,square7,N6,right,left,left,right,left,.jpg,"700",correct: Correct!; incorrect: Incorrect!,center,"300","5000",left right,"",60%;60%;60%;60%;80%;80%;80%;80%,-170 -130; 170 -130; -170 130; 170 130; -170 -130; 170 -130; -170 130; 170 130,ITI;withStim,"","","","","51",search,Red,common,-170 -130;170 -130;-170 130;170 130;-170 -130;170 -130;-170 130;170 130,700,42,"16.67",846798,left,317,"1",""
"236","1","2",test,"",N22,targetR,N2,N12,left,right,left,right,right,.jpg,"700",correct: Correct!; incorrect: Incorrect!,center,"300","5000",left right,"",60%;60%;60%;60%;80%;80%;80%;80%,-170 -130; 170 -130; -170 130; 170 130; -170 -130; 170 -130; -170 130; 170 130,ITI;withStim,"","","","","72",search,Red,neutral,-170 -130;170 -130;-170 130;170 130;-170 -130;170 -130;-170 130;170 130,700,42,"16.67",848276,left,478,"0",""
"253","1","2",test,"",N23,N3,N13,targetR,left,left,right,right,right,.jpg,"700",correct: Correct!; incorrect: Incorrect!,center,"300","5000",left right,"",60%;60%;60%;60%;80%;80%;80%;80%,-170 -130; 170 -130; -170 130; 170 130; -170 -130; 170 -130; -170 130; 170 130,ITI;withStim,"","","","","89",search,Red,neutral,-170 -130;170 -130;-170 130;170 130;-170 -130;170 -130;-170 130;170 130,700,42,"16.67",849601,right,320,"1",""
"178","1","2",test,"",r_cd3,targetR,N16,N11,right,left,right,left,left,.jpg,"700",correct: Correct!; incorrect: Incorrect!,center,"300","5000",left right,"",60%;60%;60%;60%;80%;80%;80%;80%,-170 -130; 170 -130; -170 130; 170 130; -170 -130; 170 -130; -170 130; 170 130,ITI;withStim,"","","","","14",search,Red,unique,-170 -130;170 -130;-170 130;170 130;-170 -130;170 -130;-170 130;170 130,700,42,"16.67",851095,right,498,"0",""
"181","1","2",test,"",N10,N25,targetR,round7,left,right,right,left,right,.jpg,"700",correct: Correct!; incorrect: Incorrect!,center,"300","5000",left right,"",60%;60%;60%;60%;80%;80%;80%;80%,-170 -130; 170 -130; -170 130; 170 130; -170 -130; 170 -130; -170 130; 170 130,ITI;withStim,"","","","","17",search,Red,common,-170 -130;170 -130;-170 130;170 130;-170 -130;170 -130;-170 130;170 130,700,42,"16.67",852405,left,320,"0",""
"197","1","2",test,"",N6,targetB,N13,round1,left,left,right,right,left,.jpg,"700",correct: Correct!; incorrect: Incorrect!,center,"300","5000",left right,"",60%;60%;60%;60%;80%;80%;80%;80%,-170 -130; 170 -130; -170 130; 170 130; -170 -130; 170 -130; -170 130; 170 130,ITI;withStim,"","","","","33",search,Blue,common,-170 -130;170 -130;-170 130;170 130;-170 -130;170 -130;-170 130;170 130,700,42,"16.67",854041,left,637,"1",""
"221","1","2",test,"",targetB,b_cd4,N7,N5,right,right,left,left,right,.jpg,"700",correct: Correct!; incorrect: Incorrect!,center,"300","5000",left right,"",60%;60%;60%;60%;80%;80%;80%;80%,-170 -130; 170 -130; -170 130; 170 130; -170 -130; 170 -130; -170 130; 170 130,ITI;withStim,"","","","","57",search,Blue,unique,-170 -130;170 -130;-170 130;170 130;-170 -130;170 -130;-170 130;170 130,700,42,"16.67",856254,right,1217,"1",""
"254","1","2",test,"",irr1,N9,targetB,N20,left,right,right,left,right,.jpg,"700",correct: Correct!; incorrect: Incorrect!,center,"300","5000",left right,"",60%;60%;60%;60%;80%;80%;80%;80%,-170 -130; 170 -130; -170 130; 170 130; -170 -130; 170 -130; -170 130; 170 130,ITI;withStim,"","","","","90",search,Blue,common,-170 -130;170 -130;-170 130;170 130;-170 -130;170 -130;-170 130;170 130,700,42,"16.67",857632,left,378,"0",""
"244","1","2",test,"",N8,N28,targetB,N18,right,right,left,left,left,.jpg,"700",correct: Correct!; incorrect: Incorrect!,center,"300","5000",left right,"",60%;60%;60%;60%;80%;80%;80%;80%,-170 -130; 170 -130; -170 130; 170 130; -170 -130; 170 -130; -170 130; 170 130,ITI;withStim,"","","","","80",search,Blue,neutral,-170 -130;170 -130;-170 130;170 130;-170 -130;170 -130;-170 130;170 130,700,42,"16.67",858929,right,293,"0",""
"209","1","2",test,"",N11,targetB,round3,N9,right,right,left,left,right,.jpg,"700",correct: Correct!; incorrect: Incorrect!,center,"300","5000",left right,"",60%;60%;60%;60%;80%;80%;80%;80%,-170 -130; 170 -130; -170 130; 170 130; -170 -130; 170 -130; -170 130; 170 130,ITI;withStim,"","","","","45",search,Blue,common,-170 -130;170 -130;-170 130;170 130;-170 -130;170 -130;-170 130;170 130,700,42,"16.78",859927,left,8,"0",""
"184","1","2",test,"",targetG,N14,g_cd4,N4,left,right,left,right,left,.jpg,"700",correct: Correct!; incorrect: Incorrect!,center,"300","5000",left right,"",60%;60%;60%;60%;80%;80%;80%;80%,-170 -130; 170 -130; -170 130; 170 130; -170 -130; 170 -130; -170 130; 170 130,ITI;withStim,"","","","","20",search,Green,unique,-170 -130;170 -130;-170 130;170 130;-170 -130;170 -130;-170 130;170 130,700,42,"16.67",861293,right,374,"0",""
"189","1","2",test,"",targetG,N17,g_cd9,N12,right,left,right,left,right,.jpg,"700",correct: Correct!; incorrect: Incorrect!,center,"300","5000",left right,"",60%;60%;60%;60%;80%;80%;80%;80%,-170 -130; 170 -130; -170 130; 170 130; -170 -130; 170 -130; -170 130; 170 130,ITI;withStim,"","","","","25",search,Green,unique,-170 -130;170 -130;-170 130;170 130;-170 -130;170 -130;-170 130;170 130,700,42,"16.67",863186,left,892,"0",""
"245","1","2",test,"",N2,N3,targetB,square2,right,left,right,left,right,.jpg,"700",correct: Correct!; incorrect: Incorrect!,center,"300","5000",left right,"",60%;60%;60%;60%;80%;80%;80%;80%,-170 -130; 170 -130; -170 130; 170 130; -170 -130; 170 -130; -170 130; 170 130,ITI;withStim,"","","","","81",search,Blue,common,-170 -130;170 -130;-170 130;170 130;-170 -130;170 -130;-170 130;170 130,700,42,"16.67",864644,right,469,"1",""
"202","1","2",test,"",N4,N24,N14,targetB,left,right,left,right,right,.jpg,"700",correct: Correct!; incorrect: Incorrect!,center,"300","5000",left right,"",60%;60%;60%;60%;80%;80%;80%;80%,-170 -130; 170 -130; -170 130; 170 130; -170 -130; 170 -130; -170 130; 170 130,ITI;withStim,"","","","","38",search,Blue,neutral,-170 -130;170 -130;-170 130;170 130;-170 -130;170 -130;-170 130;170 130,700,42,"16.67",866216,right,573,"1",""
"225","1","2",test,"",targetG,N5,g_cd10,N10,right,left,left,right,right,.jpg,"700",correct: Correct!; incorrect: Incorrect!,center,"300","5000",left right,"",60%;60%;60%;60%;80%;80%;80%;80%,-170 -130; 170 -130; -170 130; 170 130; -170 -130; 170 -130; -170 130; 170 130,ITI;withStim,"","","","","61",search,Green,unique,-170 -130;170 -130;-170 130;170 130;-170 -130;170 -130;-170 130;170 130,700,42,"16.67",867769,left,560,"0",""
"172","1","2",test,"",N4,N14,targetG,N24,right,left,right,left,right,.jpg,"700",correct: Correct!; incorrect: Incorrect!,center,"300","5000",left right,"",60%;60%;60%;60%;80%;80%;80%;80%,-170 -130; 170 -130; -170 130; 170 130; -170 -130; 170 -130; -170 130; 170 130,ITI;withStim,"","","","","8",search,Green,neutral,-170 -130;170 -130;-170 130;170 130;-170 -130;170 -130;-170 130;170 130,700,42,"16.67",869046,right,285,"1",""
"240","1","2",test,"",N27,targetR,N17,N7,right,left,right,left,left,.jpg,"700",correct: Correct!; incorrect: Incorrect!,center,"300","5000",left right,"",60%;60%;60%;60%;80%;80%;80%;80%,-170 -130; 170 -130; -170 130; 170 130; -170 -130; 170 -130; -170 130; 170 130,ITI;withStim,"","","","","76",search,Red,neutral,-170 -130;170 -130;-170 130;170 130;-170 -130;170 -130;-170 130;170 130,700,42,"16.67",870489,right,446,"0",""
"201","1","2",test,"",b_cd1,targetB,N7,N15,right,left,right,left,left,.jpg,"700",correct: Correct!; incorrect: Incorrect!,center,"300","5000",left right,"",60%;60%;60%;60%;80%;80%;80%;80%,-170 -130; 170 -130; -170 130; 170 130; -170 -130; 170 -130; -170 130; 170 130,ITI;withStim,"","","","","37",search,Blue,unique,-170 -130;170 -130;-170 130;170 130;-170 -130;170 -130;-170 130;170 130,700,42,"16.67",871832,left,338,"1",""
"248","1","2",test,"",N19,N12,cylinder4,targetG,left,right,right,left,left,.jpg,"700",correct: Correct!; incorrect: Incorrect!,center,"300","5000",left right,"",60%;60%;60%;60%;80%;80%;80%;80%,-170 -130; 170 -130; -170 130; 170 130; -170 -130; 170 -130; -170 130; 170 130,ITI;withStim,"","","","","84",search,Green,common,-170 -130;170 -130;-170 130;170 130;-170 -130;170 -130;-170 130;170 130,700,42,"16.67",873525,left,693,"1",""
"169","1","2",test,"",targetR,N21,cylinder9,N16,left,right,right,left,left,.jpg,"700",correct: Correct!; incorrect: Incorrect!,center,"300","5000",left right,"",60%;60%;60%;60%;80%;80%;80%;80%,-170 -130; 170 -130; -170 130; 170 130; -170 -130; 170 -130; -170 130; 170 130,ITI;withStim,"","","","","5",search,Red,common,-170 -130;170 -130;-170 130;170 130;-170 -130;170 -130;-170 130;170 130,700,42,"16.67",875096,left,580,"1",""
"259","","",form,In what order did you use the color and shape to find the target during the search task?,"","","","","","","","","","","","","","","","",survey,"","","",radio,I only used the color; I only used the shape; I used the color first and then looked at the shape to decide if it is the target; I used the shape first and then looked at the color to decide if it is the target; I used both color and shape at the same time,"1","1","",survey,"","","",0,42,"16.67",900867,I used the color first and then looked at the shape to decide if it is the target,23143,"0","3"
259_2,"","",form,How frequently did you use the color to find the target?,"","","","","","","","","","","","","","","","",survey,"","","",radio,Never; Rarely; Sometimes; Often; Always,"1","1","",survey,"","","",0,42,"16.67",900867,Often,23143,"0","4"
259_3,"","",form,How frequently did you use the shape to find the target?,"","","","","","","","","","","","","","","","",survey,"","","",radio,Never; Rarely; Sometimes; Often; Always,"1","1","",survey,"","","",0,42,"16.67",900867,Sometimes,23143,"0","3"
259_4,"","",form,"How focused were you over the course of this experiment?  1 = Not at all, 9 = Very","","","","","","","","","","","","","","","","",survey,"","","",slider,1_9_1; 1,"1","1","",survey,"","","",0,42,"16.67",900867,"6",23143,"0","6"