GMT_timestamp,local_timestamp,trial_file_version,link,duration_s
2024-09-12_07:17:35,2024-09-12_00:17:35,2024-08-26_14:42:27,https://www.testable.org/experiment/11000/568133/start?sona_id=111813,799.514

rowNo,random,randomBlock,type,head,stim1,stim2,stim3,stim4,stim5,stim6,stim7,stim8,key,stimFormat,ITI,feedback,feedbackOptions,feedbackTime,responseWindow,keyboard,title,stimSize,stimPos,fixation,responseType,responseOptions,required,separator,trial_num,tasks,cond_target,cond_level,stimPos_actual,ITI_ms,ITI_f,ITI_fDuration,timestamp,response,RT,correct,responseCode
"3","","",form,"Participant ID (Your initials and last four digits of student ID, e.g, XY5750)","","","","","","","","","","","","","","","","","","","","",comment,"","1","1","",demo,"","","",0,0,0,84965,YT8138,74727,"0",NA
"4","","",form,Age,"","","","","","","","","","","","","","","","","","","","",comment,"","1","1","",demo,"","","",0,"","",84965,"22",74727,"0",NA
"5","","",form,Date of Birth (MM/DD/YYYY),"","","","","","","","","","","","","","","","","","","","",comment,"","1","1","",demo,"","","",0,"","",84965,06/06/2001,74727,"0",NA
"6","","",form,Today's Date (MM/DD/YYYY),"","","","","","","","","","","","","","","","","","","","",comment,"","1","1","",demo,"","","",0,"","",84965,09/12/2024,74727,"0",NA
"7","","",form,Gender,"","","","","","","","","","","","","","","","","","","","",dropdown,Male; Female; Non Binary,"1","1","",demo,"","","",0,"","",84965,Male,74727,"0","1"
"8","","",form,Handedness,"","","","","","","","","","","","","","","","","","","","",dropdown,Right; Left,"1","1","",demo,"","","",0,"","",84965,Right,74727,"0","1"
"9","","",form,Ethnicity,"","","","","","","","","","","","","","","","","","","","",dropdown,Hispanic or Latino; Not hispanic or Latino,"1","1","",demo,"","","",0,"","",84965,Not hispanic or Latino,74727,"0","2"
"10","","",form,Race,"","","","","","","","","","","","","","","","","","","","",dropdown,American Inidan/ Alaskan tive; Asian; Other pacific Islander; Black or African American; White; More than One race; Not Listed,"1","1","",demo,"","","",0,"","",84965,Asian,74727,"0","2"
"50","1","",test,"",target3,"","","","","","","",y,.jpg,"700",correct: Correct!; incorrect: Incorrect!,center,"300","5000",y i,"",60%,"",ITI,"","","","","33",training,target3,target,"",700,"","",95522,timeout,5002,"0",""
"25","1","",test,"",N2,"","","","","","","",i,.jpg,"700",correct: Correct!; incorrect: Incorrect!,center,"300","5000",y i,"",60%,"",ITI,"","","","","8",training,neutral,non target,"",700,0,0,101219,timeout,4999,"0",""
"24","1","",test,"",N1,"","","","","","","",i,.jpg,"700",correct: Correct!; incorrect: Incorrect!,center,"300","5000",y i,"",60%,"",ITI,"","","","","7",training,neutral,non target,"",699,0,0,106919,timeout,5000,"0",""
"21","1","",test,"",r_irr1,"","","","","","","",i,.jpg,"700",correct: Correct!; incorrect: Incorrect!,center,"300","5000",y i,"",60%,"",ITI,"","","","","4",training,red,non target,"",699,0,0,112620,timeout,5000,"0",""
"42","1","",test,"",target2,"","","","","","","",y,.jpg,"700",correct: Correct!; incorrect: Incorrect!,center,"300","5000",y i,"",60%,"",ITI,"","","","","25",training,target2,target,"",700,0,0,118319,timeout,4999,"0",""
"32","1","",test,"",b_square1,"","","","","","","",i,.jpg,"700",correct: Correct!; incorrect: Incorrect!,center,"300","5000",y i,"",60%,"",ITI,"","","","","15",training,blue,non target,"",700,0,0,124019,timeout,4999,"0",""
"38","1","",test,"",target1,"","","","","","","",y,.jpg,"700",correct: Correct!; incorrect: Incorrect!,center,"300","5000",y i,"",60%,"",ITI,"","","","","21",training,target1,target,"",700,0,0,129719,timeout,4999,"0",""
"31","1","",test,"",b_round1,"","","","","","","",i,.jpg,"700",correct: Correct!; incorrect: Incorrect!,center,"300","5000",y i,"",60%,"",ITI,"","","","","14",training,blue,non target,"",700,0,0,135419,timeout,4999,"0",""
"51","1","",test,"",target3,"","","","","","","",y,.jpg,"700",correct: Correct!; incorrect: Incorrect!,center,"300","5000",y i,"",60%,"",ITI,"","","","","34",training,target3,target,"",700,42,"16.67",141119,timeout,4999,"0",""
"44","1","",test,"",target2,"","","","","","","",y,.jpg,"700",correct: Correct!; incorrect: Incorrect!,center,"300","5000",y i,"",60%,"",ITI,"","","","","27",training,target2,target,"",700,42,"16.67",146818,timeout,4999,"0",""
"49","1","",test,"",target3,"","","","","","","",y,.jpg,"700",correct: Correct!; incorrect: Incorrect!,center,"300","5000",y i,"",60%,"",ITI,"","","","","32",training,target3,target,"",700,42,"16.64",152518,timeout,4999,"0",""
"28","1","",test,"",N5,"","","","","","","",i,.jpg,"700",correct: Correct!; incorrect: Incorrect!,center,"300","5000",y i,"",60%,"",ITI,"","","","","11",training,neutral,non target,"",700,42,"16.65",158218,timeout,4999,"0",""
"45","1","",test,"",target2,"","","","","","","",y,.jpg,"700",correct: Correct!; incorrect: Incorrect!,center,"300","5000",y i,"",60%,"",ITI,"","","","","28",training,target2,target,"",700,42,"16.67",163918,timeout,4999,"0",""
"40","1","",test,"",target1,"","","","","","","",y,.jpg,"700",correct: Correct!; incorrect: Incorrect!,center,"300","5000",y i,"",60%,"",ITI,"","","","","23",training,target1,target,"",700,42,"16.67",169618,timeout,4998,"0",""
"48","1","",test,"",target3,"","","","","","","",y,.jpg,"700",correct: Correct!; incorrect: Incorrect!,center,"300","5000",y i,"",60%,"",ITI,"","","","","31",training,target3,target,"",700,42,"16.67",175318,timeout,4999,"0",""
"37","1","",test,"",target1,"","","","","","","",y,.jpg,"700",correct: Correct!; incorrect: Incorrect!,center,"300","5000",y i,"",60%,"",ITI,"","","","","20",training,target1,target,"",700,42,"16.67",181018,timeout,4999,"0",""
"27","1","",test,"",N4,"","","","","","","",i,.jpg,"700",correct: Correct!; incorrect: Incorrect!,center,"300","5000",y i,"",60%,"",ITI,"","","","","10",training,neutral,non target,"",700,42,"16.67",186718,timeout,5000,"0",""
"26","1","",test,"",N3,"","","","","","","",i,.jpg,"700",correct: Correct!; incorrect: Incorrect!,center,"300","5000",y i,"",60%,"",ITI,"","","","","9",training,neutral,non target,"",700,42,"16.66",192417,timeout,4999,"0",""
"29","1","",test,"",N6,"","","","","","","",i,.jpg,"700",correct: Correct!; incorrect: Incorrect!,center,"300","5000",y i,"",60%,"",ITI,"","","","","12",training,neutral,non target,"",700,42,"16.67",198118,timeout,4999,"0",""
"20","1","",test,"",r_square1,"","","","","","","",i,.jpg,"700",correct: Correct!; incorrect: Incorrect!,center,"300","5000",y i,"",60%,"",ITI,"","","","","3",training,red,non target,"",700,42,"16.67",203818,timeout,5000,"0",""
"43","1","",test,"",target2,"","","","","","","",y,.jpg,"700",correct: Correct!; incorrect: Incorrect!,center,"300","5000",y i,"",60%,"",ITI,"","","","","26",training,target2,target,"",700,42,"16.66",209517,timeout,4999,"0",""
"36","1","",test,"",target1,"","","","","","","",y,.jpg,"700",correct: Correct!; incorrect: Incorrect!,center,"300","5000",y i,"",60%,"",ITI,"","","","","19",training,target1,target,"",699,42,"16.65",215217,timeout,4998,"0",""
"47","1","",test,"",target2,"","","","","","","",y,.jpg,"700",correct: Correct!; incorrect: Incorrect!,center,"300","5000",y i,"",60%,"",ITI,"","","","","30",training,target2,target,"",700,42,"16.67",220917,timeout,4999,"0",""
"53","1","",test,"",target3,"","","","","","","",y,.jpg,"700",correct: Correct!; incorrect: Incorrect!,center,"300","5000",y i,"",60%,"",ITI,"","","","","36",training,target3,target,"",700,42,"16.66",226617,timeout,4999,"0",""
"46","1","",test,"",target2,"","","","","","","",y,.jpg,"700",correct: Correct!; incorrect: Incorrect!,center,"300","5000",y i,"",60%,"",ITI,"","","","","29",training,target2,target,"",700,42,"16.67",232317,timeout,4999,"0",""
"34","1","",test,"",y_square1,"","","","","","","",i,.jpg,"700",correct: Correct!; incorrect: Incorrect!,center,"300","5000",y i,"",60%,"",ITI,"","","","","17",training,yellow,non target,"",700,42,"16.67",238017,timeout,4999,"0",""
"23","1","",test,"",y_round1,"","","","","","","",i,.jpg,"700",correct: Correct!; incorrect: Incorrect!,center,"300","5000",y i,"",60%,"",ITI,"","","","","6",training,yellow,non target,"",700,42,"16.67",243717,timeout,4999,"0",""
"19","1","",test,"",r_round1,"","","","","","","",i,.jpg,"700",correct: Correct!; incorrect: Incorrect!,center,"300","5000",y i,"",60%,"",ITI,"","","","","2",training,red,non target,"",699,42,"16.67",249417,timeout,4999,"0",""
"41","1","",test,"",target1,"","","","","","","",y,.jpg,"700",correct: Correct!; incorrect: Incorrect!,center,"300","5000",y i,"",60%,"",ITI,"","","","","24",training,target1,target,"",699,42,"16.67",255117,timeout,4999,"0",""
"52","1","",test,"",target3,"","","","","","","",y,.jpg,"700",correct: Correct!; incorrect: Incorrect!,center,"300","5000",y i,"",60%,"",ITI,"","","","","35",training,target3,target,"",700,42,"16.64",260817,timeout,4999,"0",""
"33","1","",test,"",b_irr1,"","","","","","","",i,.jpg,"700",correct: Correct!; incorrect: Incorrect!,center,"300","5000",y i,"",60%,"",ITI,"","","","","16",training,blue,non target,"",700,42,"16.67",266517,timeout,4999,"0",""
"22","1","",test,"",y_cylinder1,"","","","","","","",i,.jpg,"700",correct: Correct!; incorrect: Incorrect!,center,"300","5000",y i,"",60%,"",ITI,"","","","","5",training,yellow,non target,"",700,42,"16.67",272217,timeout,4999,"0",""
"39","1","",test,"",target1,"","","","","","","",y,.jpg,"700",correct: Correct!; incorrect: Incorrect!,center,"300","5000",y i,"",60%,"",ITI,"","","","","22",training,target1,target,"",700,42,"16.67",277916,timeout,4999,"0",""
"30","1","",test,"",b_cylinder1,"","","","","","","",i,.jpg,"700",correct: Correct!; incorrect: Incorrect!,center,"300","5000",y i,"",60%,"",ITI,"","","","","13",training,blue,non target,"",700,42,"16.67",283616,timeout,4999,"0",""
"18","1","",test,"",r_cylinder1,"","","","","","","",i,.jpg,"700",correct: Correct!; incorrect: Incorrect!,center,"300","5000",y i,"",60%,"",ITI,"","","","","1",training,red,non target,"",699,42,"16.67",289316,timeout,4999,"0",""
"35","1","",test,"",y_irr1,"","","","","","","",i,.jpg,"700",correct: Correct!; incorrect: Incorrect!,center,"300","5000",y i,"",60%,"",ITI,"","","","","18",training,yellow,non target,"",700,42,"16.65",295016,timeout,4999,"0",""
"113","1","1",test,"",N16,N26,target2,N6,left,right,left,right,left,.jpg,"700",correct: Correct!; incorrect: Incorrect!,center,"300","5000",left right,"",60%;60%;60%;60%;80%;80%;80%;80%,-170 -130; 170 -130; -170 130; 170 130; -170 -130; 170 -130; -170 130; 170 130,ITI;withStim,"","","","","40",search,Target2,neutral,-170 -130;170 -130;-170 130;170 130;-170 -130;170 -130;-170 130;170 130,699,42,"16.65",553079,timeout,4998,"0",""
"124","1","1",test,"",N18,target3,b_square4,N6,right,left,left,right,left,.jpg,"700",correct: Correct!; incorrect: Incorrect!,center,"300","5000",left right,"",60%;60%;60%;60%;80%;80%;80%;80%,-170 -130; 170 -130; -170 130; 170 130; -170 -130; 170 -130; -170 130; 170 130,ITI;withStim,"","","","","51",search,Target3,blue,-170 -130;170 -130;-170 130;170 130;-170 -130;170 -130;-170 130;170 130,700,42,"16.67",554713,left,933,"1",""
"130","1","1",test,"",target1,r_square1,N7,N5,right,right,left,left,right,.jpg,"700",correct: Correct!; incorrect: Incorrect!,center,"300","5000",left right,"",60%;60%;60%;60%;80%;80%;80%;80%,-170 -130; 170 -130; -170 130; 170 130; -170 -130; 170 -130; -170 130; 170 130,ITI;withStim,"","","","","57",search,Target1,red,-170 -130;170 -130;-170 130;170 130;-170 -130;170 -130;-170 130;170 130,700,42,"16.67",556354,left,640,"0",""
"80","1","1",test,"",b_cylinder4,N22,N4,target3,right,left,left,right,right,.jpg,"700",correct: Correct!; incorrect: Incorrect!,center,"300","5000",left right,"",60%;60%;60%;60%;80%;80%;80%;80%,-170 -130; 170 -130; -170 130; 170 130; -170 -130; 170 -130; -170 130; 170 130,ITI;withStim,"","","","","7",search,Target3,blue,-170 -130;170 -130;-170 130;170 130;-170 -130;170 -130;-170 130;170 130,700,42,"16.67",557629,right,281,"1",""
"131","1","1",test,"",N3,N16,y_round5,target3,right,right,left,left,left,.jpg,"700",correct: Correct!; incorrect: Incorrect!,center,"300","5000",left right,"",60%;60%;60%;60%;80%;80%;80%;80%,-170 -130; 170 -130; -170 130; 170 130; -170 -130; 170 -130; -170 130; 170 130,ITI;withStim,"","","","","58",search,Target3,yellow,-170 -130;170 -130;-170 130;170 130;-170 -130;170 -130;-170 130;170 130,701,42,"16.67",558939,right,309,"0",""
"151","1","1",test,"",N15,target2,N4,r_round5,right,left,left,right,left,.jpg,"700",correct: Correct!; incorrect: Incorrect!,center,"300","5000",left right,"",60%;60%;60%;60%;80%;80%;80%;80%,-170 -130; 170 -130; -170 130; 170 130; -170 -130; 170 -130; -170 130; 170 130,ITI;withStim,"","","","","78",search,Target2,red,-170 -130;170 -130;-170 130;170 130;-170 -130;170 -130;-170 130;170 130,700,42,"16.68",560667,left,736,"1",""
"99","1","1",test,"",N7,target1,b_cylinder1,N12,right,left,right,left,left,.jpg,"700",correct: Correct!; incorrect: Incorrect!,center,"300","5000",left right,"",60%;60%;60%;60%;80%;80%;80%;80%,-170 -130; 170 -130; -170 130; 170 130; -170 -130; 170 -130; -170 130; 170 130,ITI;withStim,"","","","","26",search,Target1,blue,-170 -130;170 -130;-170 130;170 130;-170 -130;170 -130;-170 130;170 130,700,42,"16.64",562064,left,400,"1",""
"143","1","1",test,"",N14,target3,b_irr2,N6,left,right,left,right,right,.jpg,"700",correct: Correct!; incorrect: Incorrect!,center,"300","5000",left right,"",60%;60%;60%;60%;80%;80%;80%;80%,-170 -130; 170 -130; -170 130; 170 130; -170 -130; 170 -130; -170 130; 170 130,ITI;withStim,"","","","","70",search,Target3,blue,-170 -130;170 -130;-170 130;170 130;-170 -130;170 -130;-170 130;170 130,699,42,"16.67",563394,left,330,"0",""
"122","1","1",test,"",target2,N17,N27,N7,left,right,right,left,left,.jpg,"700",correct: Correct!; incorrect: Incorrect!,center,"300","5000",left right,"",60%;60%;60%;60%;80%;80%;80%;80%,-170 -130; 170 -130; -170 130; 170 130; -170 -130; 170 -130; -170 130; 170 130,ITI;withStim,"","","","","49",search,Target2,neutral,-170 -130;170 -130;-170 130;170 130;-170 -130;170 -130;-170 130;170 130,700,0,0,564581,left,184,"1",""
"129","1","1",test,"",target3,y_irr2,N4,N22,right,left,left,right,right,.jpg,"700",correct: Correct!; incorrect: Incorrect!,center,"300","5000",left right,"",60%;60%;60%;60%;80%;80%;80%;80%,-170 -130; 170 -130; -170 130; 170 130; -170 -130; 170 -130; -170 130; 170 130,ITI;withStim,"","","","","56",search,Target3,yellow,-170 -130;170 -130;-170 130;170 130;-170 -130;170 -130;-170 130;170 130,700,0,0,565805,right,225,"1",""
"83","1","1",test,"",target1,N15,N5,N25,right,left,right,left,right,.jpg,"700",correct: Correct!; incorrect: Incorrect!,center,"300","5000",left right,"",60%;60%;60%;60%;80%;80%;80%;80%,-170 -130; 170 -130; -170 130; 170 130; -170 -130; 170 -130; -170 130; 170 130,ITI;withStim,"","","","","10",search,Target1,neutral,-170 -130;170 -130;-170 130;170 130;-170 -130;170 -130;-170 130;170 130,700,0,0,567128,right,331,"1",""
"128","1","1",test,"",N19,N29,N9,target3,right,left,right,left,left,.jpg,"700",correct: Correct!; incorrect: Incorrect!,center,"300","5000",left right,"",60%;60%;60%;60%;80%;80%;80%;80%,-170 -130; 170 -130; -170 130; 170 130; -170 -130; 170 -130; -170 130; 170 130,ITI;withStim,"","","","","55",search,Target3,neutral,-170 -130;170 -130;-170 130;170 130;-170 -130;170 -130;-170 130;170 130,700,0,0,568369,left,239,"1",""
"136","1","1",test,"",target1,N14,N6,r_irr1,left,right,right,left,left,.jpg,"700",correct: Correct!; incorrect: Incorrect!,center,"300","5000",left right,"",60%;60%;60%;60%;80%;80%;80%;80%,-170 -130; 170 -130; -170 130; 170 130; -170 -130; 170 -130; -170 130; 170 130,ITI;withStim,"","","","","63",search,Target1,red,-170 -130;170 -130;-170 130;170 130;-170 -130;170 -130;-170 130;170 130,700,42,"16.65",569639,left,276,"1",""
"88","1","1",test,"",target3,N4,N24,N14,left,left,right,right,left,.jpg,"700",correct: Correct!; incorrect: Incorrect!,center,"300","5000",left right,"",60%;60%;60%;60%;80%;80%;80%;80%,-170 -130; 170 -130; -170 130; 170 130; -170 -130; 170 -130; -170 130; 170 130,ITI;withStim,"","","","","15",search,Target3,neutral,-170 -130;170 -130;-170 130;170 130;-170 -130;170 -130;-170 130;170 130,700,42,"16.67",570912,right,281,"0",""
"134","1","1",test,"",target2,N5,y_irr1,N10,right,left,left,right,right,.jpg,"700",correct: Correct!; incorrect: Incorrect!,center,"300","5000",left right,"",60%;60%;60%;60%;80%;80%;80%;80%,-170 -130; 170 -130; -170 130; 170 130; -170 -130; 170 -130; -170 130; 170 130,ITI;withStim,"","","","","61",search,Target2,yellow,-170 -130;170 -130;-170 130;170 130;-170 -130;170 -130;-170 130;170 130,701,42,"16.67",572163,right,249,"1",""
"150","1","1",test,"",b_square3,N9,target1,N17,right,left,left,right,left,.jpg,"700",correct: Correct!; incorrect: Incorrect!,center,"300","5000",left right,"",60%;60%;60%;60%;80%;80%;80%;80%,-170 -130; 170 -130; -170 130; 170 130; -170 -130; 170 -130; -170 130; 170 130,ITI;withStim,"","","","","77",search,Target1,blue,-170 -130;170 -130;-170 130;170 130;-170 -130;170 -130;-170 130;170 130,701,42,"16.67",573592,right,428,"0",""
"155","1","1",test,"",N16,N26,N6,target3,right,right,left,left,left,.jpg,"700",correct: Correct!; incorrect: Incorrect!,center,"300","5000",left right,"",60%;60%;60%;60%;80%;80%;80%;80%,-170 -130; 170 -130; -170 130; 170 130; -170 -130; 170 -130; -170 130; 170 130,ITI;withStim,"","","","","82",search,Target3,neutral,-170 -130;170 -130;-170 130;170 130;-170 -130;170 -130;-170 130;170 130,701,42,"16.69",574910,left,313,"1",""
"141","1","1",test,"",y_round1,N7,target2,N8,left,right,right,left,right,.jpg,"700",correct: Correct!; incorrect: Incorrect!,center,"300","5000",left right,"",60%;60%;60%;60%;80%;80%;80%;80%,-170 -130; 170 -130; -170 130; 170 130; -170 -130; 170 -130; -170 130; 170 130,ITI;withStim,"","","","","68",search,Target2,yellow,-170 -130;170 -130;-170 130;170 130;-170 -130;170 -130;-170 130;170 130,700,42,"16.67",576301,left,388,"0",""
"85","1","1",test,"",y_square4,N15,N16,target3,left,left,right,right,right,.jpg,"700",correct: Correct!; incorrect: Incorrect!,center,"300","5000",left right,"",60%;60%;60%;60%;80%;80%;80%;80%,-170 -130; 170 -130; -170 130; 170 130; -170 -130; 170 -130; -170 130; 170 130,ITI;withStim,"","","","","12",search,Target3,yellow,-170 -130;170 -130;-170 130;170 130;-170 -130;170 -130;-170 130;170 130,700,42,"16.68",577391,right,94,"1",""
"93","1","1",test,"",target2,N14,y_square2,N4,left,right,left,right,left,.jpg,"700",correct: Correct!; incorrect: Incorrect!,center,"300","5000",left right,"",60%;60%;60%;60%;80%;80%;80%;80%,-170 -130; 170 -130; -170 130; 170 130; -170 -130; 170 -130; -170 130; 170 130,ITI;withStim,"","","","","20",search,Target2,yellow,-170 -130;170 -130;-170 130;170 130;-170 -130;170 -130;-170 130;170 130,700,42,"16.65",578600,right,220,"0",""
"115","1","1",test,"",N3,N13,N23,target2,right,left,left,right,right,.jpg,"700",correct: Correct!; incorrect: Incorrect!,center,"300","5000",left right,"",60%;60%;60%;60%;80%;80%;80%;80%,-170 -130; 170 -130; -170 130; 170 130; -170 -130; 170 -130; -170 130; 170 130,ITI;withStim,"","","","","42",search,Target2,neutral,-170 -130;170 -130;-170 130;170 130;-170 -130;170 -130;-170 130;170 130,700,42,"16.67",579693,right,96,"1",""
"102","1","1",test,"",target1,r_square2,N11,N9,left,right,right,left,left,.jpg,"700",correct: Correct!; incorrect: Incorrect!,center,"300","5000",left right,"",60%;60%;60%;60%;80%;80%;80%;80%,-170 -130; 170 -130; -170 130; 170 130; -170 -130; 170 -130; -170 130; 170 130,ITI;withStim,"","","","","29",search,Target1,red,-170 -130;170 -130;-170 130;170 130;-170 -130;170 -130;-170 130;170 130,700,42,"16.67",580759,right,62,"0",""
"106","1","1",test,"",N6,target1,N13,b_round1,left,left,right,right,left,.jpg,"700",correct: Correct!; incorrect: Incorrect!,center,"300","5000",left right,"",60%;60%;60%;60%;80%;80%;80%;80%,-170 -130; 170 -130; -170 130; 170 130; -170 -130; 170 -130; -170 130; 170 130,ITI;withStim,"","","","","33",search,Target1,blue,-170 -130;170 -130;-170 130;170 130;-170 -130;170 -130;-170 130;170 130,700,42,"16.66",582063,right,299,"0",""
"105","1","1",test,"",N26,N6,N16,target1,right,left,left,right,right,.jpg,"700",correct: Correct!; incorrect: Incorrect!,center,"300","5000",left right,"",60%;60%;60%;60%;80%;80%;80%;80%,-170 -130; 170 -130; -170 130; 170 130; -170 -130; 170 -130; -170 130; 170 130,ITI;withStim,"","","","","32",search,Target1,neutral,-170 -130;170 -130;-170 130;170 130;-170 -130;170 -130;-170 130;170 130,701,42,"16.68",583613,right,549,"1",""
"79","1","1",test,"",N10,N3,target1,r_round2,left,right,left,right,left,.jpg,"700",correct: Correct!; incorrect: Incorrect!,center,"300","5000",left right,"",60%;60%;60%;60%;80%;80%;80%;80%,-170 -130; 170 -130; -170 130; 170 130; -170 -130; 170 -130; -170 130; 170 130,ITI;withStim,"","","","","6",search,Target1,red,-170 -130;170 -130;-170 130;170 130;-170 -130;170 -130;-170 130;170 130,700,42,"16.67",584839,right,225,"0",""
"95","1","1",test,"",N12,target2,y_round3,N22,left,right,left,right,right,.jpg,"700",correct: Correct!; incorrect: Incorrect!,center,"300","5000",left right,"",60%;60%;60%;60%;80%;80%;80%;80%,-170 -130; 170 -130; -170 130; 170 130; -170 -130; 170 -130; -170 130; 170 130,ITI;withStim,"","","","","22",search,Target2,yellow,-170 -130;170 -130;-170 130;170 130;-170 -130;170 -130;-170 130;170 130,700,42,"16.66",586052,right,222,"1",""
"120","1","1",test,"",target2,N2,N12,N22,right,right,left,left,right,.jpg,"700",correct: Correct!; incorrect: Incorrect!,center,"300","5000",left right,"",60%;60%;60%;60%;80%;80%;80%;80%,-170 -130; 170 -130; -170 130; 170 130; -170 -130; 170 -130; -170 130; 170 130,ITI;withStim,"","","","","47",search,Target2,neutral,-170 -130;170 -130;-170 130;170 130;-170 -130;170 -130;-170 130;170 130,699,42,"16.68",587289,right,241,"1",""
"118","1","1",test,"",N11,target1,b_round3,N9,right,right,left,left,right,.jpg,"700",correct: Correct!; incorrect: Incorrect!,center,"300","5000",left right,"",60%;60%;60%;60%;80%;80%;80%;80%,-170 -130; 170 -130; -170 130; 170 130; -170 -130; 170 -130; -170 130; 170 130,ITI;withStim,"","","","","45",search,Target1,blue,-170 -130;170 -130;-170 130;170 130;-170 -130;170 -130;-170 130;170 130,700,42,"16.68",588642,right,362,"1",""
"163","1","1",test,"",b_irr1,N9,target1,N20,left,right,right,left,right,.jpg,"700",correct: Correct!; incorrect: Incorrect!,center,"300","5000",left right,"",60%;60%;60%;60%;80%;80%;80%;80%,-170 -130; 170 -130; -170 130; 170 130; -170 -130; 170 -130; -170 130; 170 130,ITI;withStim,"","","","","90",search,Target1,blue,-170 -130;170 -130;-170 130;170 130;-170 -130;170 -130;-170 130;170 130,700,42,"16.69",589790,right,144,"1",""
"125","1","1",test,"",y_cylinder6,N12,N6,target3,right,left,right,left,left,.jpg,"700",correct: Correct!; incorrect: Incorrect!,center,"300","5000",left right,"",60%;60%;60%;60%;80%;80%;80%;80%,-170 -130; 170 -130; -170 130; 170 130; -170 -130; 170 -130; -170 130; 170 130,ITI;withStim,"","","","","52",search,Target3,yellow,-170 -130;170 -130;-170 130;170 130;-170 -130;170 -130;-170 130;170 130,700,42,"16.67",591040,right,243,"0",""
"139","1","1",test,"",N11,target1,r_round3,N6,right,left,right,left,left,.jpg,"700",correct: Correct!; incorrect: Incorrect!,center,"300","5000",left right,"",60%;60%;60%;60%;80%;80%;80%;80%,-170 -130; 170 -130; -170 130; 170 130; -170 -130; 170 -130; -170 130; 170 130,ITI;withStim,"","","","","66",search,Target1,red,-170 -130;170 -130;-170 130;170 130;-170 -130;170 -130;-170 130;170 130,700,42,"16.67",592184,right,154,"0",""
"159","1","1",test,"",target3,y_square6,N20,N21,right,right,left,left,right,.jpg,"700",correct: Correct!; incorrect: Incorrect!,center,"300","5000",left right,"",60%;60%;60%;60%;80%;80%;80%;80%,-170 -130; 170 -130; -170 130; 170 130; -170 -130; 170 -130; -170 130; 170 130,ITI;withStim,"","","","","86",search,Target3,yellow,-170 -130;170 -130;-170 130;170 130;-170 -130;170 -130;-170 130;170 130,700,42,"16.67",593370,right,190,"1",""
"112","1","1",test,"",N19,y_cylinder1,N13,target2,left,left,right,right,right,.jpg,"700",correct: Correct!; incorrect: Incorrect!,center,"300","5000",left right,"",60%;60%;60%;60%;80%;80%;80%;80%,-170 -130; 170 -130; -170 130; 170 130; -170 -130; 170 -130; -170 130; 170 130,ITI;withStim,"","","","","39",search,Target2,yellow,-170 -130;170 -130;-170 130;170 130;-170 -130;170 -130;-170 130;170 130,700,42,"16.66",594496,right,132,"1",""
"126","1","1",test,"",N6,r_cylinder3,N7,target1,left,right,left,right,right,.jpg,"700",correct: Correct!; incorrect: Incorrect!,center,"300","5000",left right,"",60%;60%;60%;60%;80%;80%;80%;80%,-170 -130; 170 -130; -170 130; 170 130; -170 -130; 170 -130; -170 130; 170 130,ITI;withStim,"","","","","53",search,Target1,red,-170 -130;170 -130;-170 130;170 130;-170 -130;170 -130;-170 130;170 130,700,42,"16.67",595713,right,216,"1",""
"110","1","1",test,"",r_round1,target1,N7,N15,right,left,right,left,left,.jpg,"700",correct: Correct!; incorrect: Incorrect!,center,"300","5000",left right,"",60%;60%;60%;60%;80%;80%;80%;80%,-170 -130; 170 -130; -170 130; 170 130; -170 -130; 170 -130; -170 130; 170 130,ITI;withStim,"","","","","37",search,Target1,red,-170 -130;170 -130;-170 130;170 130;-170 -130;170 -130;-170 130;170 130,700,42,"16.67",596873,right,160,"0",""
"149","1","1",test,"",N27,target3,N17,N7,right,left,right,left,left,.jpg,"700",correct: Correct!; incorrect: Incorrect!,center,"300","5000",left right,"",60%;60%;60%;60%;80%;80%;80%;80%,-170 -130; 170 -130; -170 130; 170 130; -170 -130; 170 -130; -170 130; 170 130,ITI;withStim,"","","","","76",search,Target3,neutral,-170 -130;170 -130;-170 130;170 130;-170 -130;170 -130;-170 130;170 130,700,42,"16.69",597930,right,67,"0",""
"127","1","1",test,"",r_irr2,N15,target2,N20,right,left,left,right,left,.jpg,"700",correct: Correct!; incorrect: Incorrect!,center,"300","5000",left right,"",60%;60%;60%;60%;80%;80%;80%;80%,-170 -130; 170 -130; -170 130; 170 130; -170 -130; 170 -130; -170 130; 170 130,ITI;withStim,"","","","","54",search,Target2,red,-170 -130;170 -130;-170 130;170 130;-170 -130;170 -130;-170 130;170 130,701,42,"16.66",599342,right,412,"0",""
"145","1","1",test,"",N22,target3,N2,N12,left,right,left,right,right,.jpg,"700",correct: Correct!; incorrect: Incorrect!,center,"300","5000",left right,"",60%;60%;60%;60%;80%;80%;80%;80%,-170 -130; 170 -130; -170 130; 170 130; -170 -130; 170 -130; -170 130; 170 130,ITI;withStim,"","","","","72",search,Target3,neutral,-170 -130;170 -130;-170 130;170 130;-170 -130;170 -130;-170 130;170 130,700,42,"16.67",600841,right,494,"1",""
"84","1","1",test,"",target1,N10,N20,N30,right,left,right,left,right,.jpg,"700",correct: Correct!; incorrect: Incorrect!,center,"300","5000",left right,"",60%;60%;60%;60%;80%;80%;80%;80%,-170 -130; 170 -130; -170 130; 170 130; -170 -130; 170 -130; -170 130; 170 130,ITI;withStim,"","","","","11",search,Target1,neutral,-170 -130;170 -130;-170 130;170 130;-170 -130;170 -130;-170 130;170 130,700,42,"16.65",602154,right,324,"1",""
"82","1","1",test,"",N26,y_round4,target3,N15,left,right,left,right,left,.jpg,"700",correct: Correct!; incorrect: Incorrect!,center,"300","5000",left right,"",60%;60%;60%;60%;80%;80%;80%;80%,-170 -130; 170 -130; -170 130; 170 130; -170 -130; 170 -130; -170 130; 170 130,ITI;withStim,"","","","","9",search,Target3,yellow,-170 -130;170 -130;-170 130;170 130;-170 -130;170 -130;-170 130;170 130,700,42,"16.67",603433,left,287,"1",""
"144","1","1",test,"",N5,N15,target3,N25,right,right,left,left,left,.jpg,"700",correct: Correct!; incorrect: Incorrect!,center,"300","5000",left right,"",60%;60%;60%;60%;80%;80%;80%;80%,-170 -130; 170 -130; -170 130; 170 130; -170 -130; 170 -130; -170 130; 170 130,ITI;withStim,"","","","","71",search,Target3,neutral,-170 -130;170 -130;-170 130;170 130;-170 -130;170 -130;-170 130;170 130,700,42,"16.67",604572,left,142,"1",""
"160","1","1",test,"",b_square6,target3,N10,N15,right,right,left,left,right,.jpg,"700",correct: Correct!; incorrect: Incorrect!,center,"300","5000",left right,"",60%;60%;60%;60%;80%;80%;80%;80%,-170 -130; 170 -130; -170 130; 170 130; -170 -130; 170 -130; -170 130; 170 130,ITI;withStim,"","","","","87",search,Target3,blue,-170 -130;170 -130;-170 130;170 130;-170 -130;170 -130;-170 130;170 130,699,42,"16.67",605603,right,39,"1",""
"162","1","1",test,"",N23,N3,N13,target3,left,left,right,right,right,.jpg,"700",correct: Correct!; incorrect: Incorrect!,center,"300","5000",left right,"",60%;60%;60%;60%;80%;80%;80%;80%,-170 -130; 170 -130; -170 130; 170 130; -170 -130; 170 -130; -170 130; 170 130,ITI;withStim,"","","","","89",search,Target3,neutral,-170 -130;170 -130;-170 130;170 130;-170 -130;170 -130;-170 130;170 130,700,42,"16.67",606643,right,47,"1",""
"87","1","1",test,"",y_cylinder5,target3,N16,N11,right,left,right,left,left,.jpg,"700",correct: Correct!; incorrect: Incorrect!,center,"300","5000",left right,"",60%;60%;60%;60%;80%;80%;80%;80%,-170 -130; 170 -130; -170 130; 170 130; -170 -130; 170 -130; -170 130; 170 130,ITI;withStim,"","","","","14",search,Target3,yellow,-170 -130;170 -130;-170 130;170 130;-170 -130;170 -130;-170 130;170 130,700,42,"16.67",608185,left,538,"1",""
"75","1","1",test,"",N12,r_cylinder1,target1,N15,right,left,left,right,left,.jpg,"700",correct: Correct!; incorrect: Incorrect!,center,"300","5000",left right,"",60%;60%;60%;60%;80%;80%;80%;80%,-170 -130; 170 -130; -170 130; 170 130; -170 -130; 170 -130; -170 130; 170 130,ITI;withStim,"","","","","2",search,Target1,red,-170 -130;170 -130;-170 130;170 130;-170 -130;170 -130;-170 130;170 130,700,42,"16.67",609653,left,473,"1",""
"78","1","1",test,"",target3,N21,b_cylinder6,N16,left,right,right,left,left,.jpg,"700",correct: Correct!; incorrect: Incorrect!,center,"300","5000",left right,"",60%;60%;60%;60%;80%;80%;80%;80%,-170 -130; 170 -130; -170 130; 170 130; -170 -130; 170 -130; -170 130; 170 130,ITI;withStim,"","","","","5",search,Target3,blue,-170 -130;170 -130;-170 130;170 130;-170 -130;170 -130;-170 130;170 130,700,42,"16.66",610986,right,340,"0",""
"153","1","1",test,"",N8,N28,target1,N18,right,right,left,left,left,.jpg,"700",correct: Correct!; incorrect: Incorrect!,center,"300","5000",left right,"",60%;60%;60%;60%;80%;80%;80%;80%,-170 -130; 170 -130; -170 130; 170 130; -170 -130; 170 -130; -170 130; 170 130,ITI;withStim,"","","","","80",search,Target1,neutral,-170 -130;170 -130;-170 130;170 130;-170 -130;170 -130;-170 130;170 130,700,42,"16.67",612452,right,472,"0",""
"91","1","1",test,"",b_square1,N2,target1,N6,right,right,left,left,left,.jpg,"700",correct: Correct!; incorrect: Incorrect!,center,"300","5000",left right,"",60%;60%;60%;60%;80%;80%;80%;80%,-170 -130; 170 -130; -170 130; 170 130; -170 -130; 170 -130; -170 130; 170 130,ITI;withStim,"","","","","18",search,Target1,blue,-170 -130;170 -130;-170 130;170 130;-170 -130;170 -130;-170 130;170 130,700,42,"16.66",613828,right,381,"0",""
"109","1","1",test,"",N28,target2,y_cylinder2,N13,right,right,left,left,right,.jpg,"700",correct: Correct!; incorrect: Incorrect!,center,"300","5000",left right,"",60%;60%;60%;60%;80%;80%;80%;80%,-170 -130; 170 -130; -170 130; 170 130; -170 -130; 170 -130; -170 130; 170 130,ITI;withStim,"","","","","36",search,Target2,yellow,-170 -130;170 -130;-170 130;170 130;-170 -130;170 -130;-170 130;170 130,700,42,"16.69",615198,right,368,"1",""
"148","1","1",test,"",N4,y_round6,N12,target3,left,left,right,right,right,.jpg,"700",correct: Correct!; incorrect: Incorrect!,center,"300","5000",left right,"",60%;60%;60%;60%;80%;80%;80%;80%,-170 -130; 170 -130; -170 130; 170 130; -170 -130; 170 -130; -170 130; 170 130,ITI;withStim,"","","","","75",search,Target3,yellow,-170 -130;170 -130;-170 130;170 130;-170 -130;170 -130;-170 130;170 130,700,42,"16.67",616347,left,151,"0",""
"94","1","1",test,"",target1,N17,N27,N7,right,right,left,left,right,.jpg,"700",correct: Correct!; incorrect: Incorrect!,center,"300","5000",left right,"",60%;60%;60%;60%;80%;80%;80%;80%,-170 -130; 170 -130; -170 130; 170 130; -170 -130; 170 -130; -170 130; 170 130,ITI;withStim,"","","","","21",search,Target1,neutral,-170 -130;170 -130;-170 130;170 130;-170 -130;170 -130;-170 130;170 130,700,42,"16.67",617567,right,221,"1",""
"154","1","1",test,"",N2,N3,target1,b_square2,right,left,right,left,right,.jpg,"700",correct: Correct!; incorrect: Incorrect!,center,"300","5000",left right,"",60%;60%;60%;60%;80%;80%;80%;80%,-170 -130; 170 -130; -170 130; 170 130; -170 -130; 170 -130; -170 130; 170 130,ITI;withStim,"","","","","81",search,Target1,blue,-170 -130;170 -130;-170 130;170 130;-170 -130;170 -130;-170 130;170 130,701,42,"16.67",618716,right,153,"1",""
"104","1","1",test,"",N1,target3,N21,N11,left,right,right,left,right,.jpg,"700",correct: Correct!; incorrect: Incorrect!,center,"300","5000",left right,"",60%;60%;60%;60%;80%;80%;80%;80%,-170 -130; 170 -130; -170 130; 170 130; -170 -130; 170 -130; -170 130; 170 130,ITI;withStim,"","","","","31",search,Target3,neutral,-170 -130;170 -130;-170 130;170 130;-170 -130;170 -130;-170 130;170 130,701,42,"16.67",619931,right,218,"1",""
"74","1","1",test,"",N17,r_cylinder5,N4,target2,left,right,left,right,right,.jpg,"700",correct: Correct!; incorrect: Incorrect!,center,"300","5000",left right,"",60%;60%;60%;60%;80%;80%;80%;80%,-170 -130; 170 -130; -170 130; 170 130; -170 -130; 170 -130; -170 130; 170 130,ITI;withStim,"","","","","1",search,Target2,red,-170 -130;170 -130;-170 130;170 130;-170 -130;170 -130;-170 130;170 130,700,42,"16.65",621297,right,368,"1",""
"77","1","1",test,"",target1,N10,N12,r_square3,right,left,left,right,right,.jpg,"700",correct: Correct!; incorrect: Incorrect!,center,"300","5000",left right,"",60%;60%;60%;60%;80%;80%;80%;80%,-170 -130; 170 -130; -170 130; 170 130; -170 -130; 170 -130; -170 130; 170 130,ITI;withStim,"","","","","4",search,Target1,red,-170 -130;170 -130;-170 130;170 130;-170 -130;170 -130;-170 130;170 130,700,42,"16.67",622565,right,269,"1",""
"90","1","1",test,"",N10,N25,target3,b_round4,left,right,right,left,right,.jpg,"700",correct: Correct!; incorrect: Incorrect!,center,"300","5000",left right,"",60%;60%;60%;60%;80%;80%;80%;80%,-170 -130; 170 -130; -170 130; 170 130; -170 -130; 170 -130; -170 130; 170 130,ITI;withStim,"","","","","17",search,Target3,blue,-170 -130;170 -130;-170 130;170 130;-170 -130;170 -130;-170 130;170 130,700,42,"16.67",623947,right,385,"1",""
"92","1","1",test,"",target1,N12,N2,N22,left,left,right,right,left,.jpg,"700",correct: Correct!; incorrect: Incorrect!,center,"300","5000",left right,"",60%;60%;60%;60%;80%;80%;80%;80%,-170 -130; 170 -130; -170 130; 170 130; -170 -130; 170 -130; -170 130; 170 130,ITI;withStim,"","","","","19",search,Target1,neutral,-170 -130;170 -130;-170 130;170 130;-170 -130;170 -130;-170 130;170 130,700,42,"16.67",625025,right,79,"0",""
"89","1","1",test,"",N11,N2,target1,b_cylinder3,left,right,left,right,left,.jpg,"700",correct: Correct!; incorrect: Incorrect!,center,"300","5000",left right,"",60%;60%;60%;60%;80%;80%;80%;80%,-170 -130; 170 -130; -170 130; 170 130; -170 -130; 170 -130; -170 130; 170 130,ITI;withStim,"","","","","16",search,Target1,blue,-170 -130;170 -130;-170 130;170 130;-170 -130;170 -130;-170 130;170 130,700,42,"16.67",626202,right,173,"0",""
"132","1","1",test,"",b_round6,N2,N5,target3,right,left,right,left,left,.jpg,"700",correct: Correct!; incorrect: Incorrect!,center,"300","5000",left right,"",60%;60%;60%;60%;80%;80%;80%;80%,-170 -130; 170 -130; -170 130; 170 130; -170 -130; 170 -130; -170 130; 170 130,ITI;withStim,"","","","","59",search,Target3,blue,-170 -130;170 -130;-170 130;170 130;-170 -130;170 -130;-170 130;170 130,699,42,"16.67",627455,left,259,"1",""
"117","1","1",test,"",target2,N7,N4,r_square6,left,left,right,right,left,.jpg,"700",correct: Correct!; incorrect: Incorrect!,center,"300","5000",left right,"",60%;60%;60%;60%;80%;80%;80%;80%,-170 -130; 170 -130; -170 130; 170 130; -170 -130; 170 -130; -170 130; 170 130,ITI;withStim,"","","","","44",search,Target2,red,-170 -130;170 -130;-170 130;170 130;-170 -130;170 -130;-170 130;170 130,700,42,"16.67",628511,left,65,"1",""
"119","1","1",test,"",N11,y_round2,N18,target2,right,right,left,left,left,.jpg,"700",correct: Correct!; incorrect: Incorrect!,center,"300","5000",left right,"",60%;60%;60%;60%;80%;80%;80%;80%,-170 -130; 170 -130; -170 130; 170 130; -170 -130; 170 -130; -170 130; 170 130,ITI;withStim,"","","","","46",search,Target2,yellow,-170 -130;170 -130;-170 130;170 130;-170 -130;170 -130;-170 130;170 130,700,42,"16.66",629687,left,175,"1",""
"97","1","1",test,"",N5,N6,target3,b_square5,right,right,left,left,left,.jpg,"700",correct: Correct!; incorrect: Incorrect!,center,"300","5000",left right,"",60%;60%;60%;60%;80%;80%;80%;80%,-170 -130; 170 -130; -170 130; 170 130; -170 -130; 170 -130; -170 130; 170 130,ITI;withStim,"","","","","24",search,Target3,blue,-170 -130;170 -130;-170 130;170 130;-170 -130;170 -130;-170 130;170 130,701,42,"16.66",631004,left,325,"1",""
"103","1","1",test,"",target2,N11,N1,N21,right,right,left,left,right,.jpg,"700",correct: Correct!; incorrect: Incorrect!,center,"300","5000",left right,"",60%;60%;60%;60%;80%;80%;80%;80%,-170 -130; 170 -130; -170 130; 170 130; -170 -130; 170 -130; -170 130; 170 130,ITI;withStim,"","","","","30",search,Target2,neutral,-170 -130;170 -130;-170 130;170 130;-170 -130;170 -130;-170 130;170 130,700,42,"16.66",632042,right,46,"1",""
"100","1","1",test,"",target1,N19,N29,N9,right,left,left,right,right,.jpg,"700",correct: Correct!; incorrect: Incorrect!,center,"300","5000",left right,"",60%;60%;60%;60%;80%;80%;80%;80%,-170 -130; 170 -130; -170 130; 170 130; -170 -130; 170 -130; -170 130; 170 130,ITI;withStim,"","","","","27",search,Target1,neutral,-170 -130;170 -130;-170 130;170 130;-170 -130;170 -130;-170 130;170 130,700,42,"16.69",633080,right,35,"1",""
"101","1","1",test,"",N10,N30,target3,N20,right,left,left,right,left,.jpg,"700",correct: Correct!; incorrect: Incorrect!,center,"300","5000",left right,"",60%;60%;60%;60%;80%;80%;80%;80%,-170 -130; 170 -130; -170 130; 170 130; -170 -130; 170 -130; -170 130; 170 130,ITI;withStim,"","","","","28",search,Target3,neutral,-170 -130;170 -130;-170 130;170 130;-170 -130;170 -130;-170 130;170 130,700,42,"16.69",634190,left,111,"1",""
"116","1","1",test,"",N6,N20,y_cylinder3,target2,left,right,right,left,left,.jpg,"700",correct: Correct!; incorrect: Incorrect!,center,"300","5000",left right,"",60%;60%;60%;60%;80%;80%;80%;80%,-170 -130; 170 -130; -170 130; 170 130; -170 -130; 170 -130; -170 130; 170 130,ITI;withStim,"","","","","43",search,Target2,yellow,-170 -130;170 -130;-170 130;170 130;-170 -130;170 -130;-170 130;170 130,700,42,"16.67",635745,left,565,"1",""
"107","1","1",test,"",N8,target2,N18,N28,left,right,left,right,right,.jpg,"700",correct: Correct!; incorrect: Incorrect!,center,"300","5000",left right,"",60%;60%;60%;60%;80%;80%;80%;80%,-170 -130; 170 -130; -170 130; 170 130; -170 -130; 170 -130; -170 130; 170 130,ITI;withStim,"","","","","34",search,Target2,neutral,-170 -130;170 -130;-170 130;170 130;-170 -130;170 -130;-170 130;170 130,701,42,"16.67",637011,right,265,"1",""
"98","1","1",test,"",target2,N17,y_square3,N12,right,left,right,left,right,.jpg,"700",correct: Correct!; incorrect: Incorrect!,center,"300","5000",left right,"",60%;60%;60%;60%;80%;80%;80%;80%,-170 -130; 170 -130; -170 130; 170 130; -170 -130; 170 -130; -170 130; 170 130,ITI;withStim,"","","","","25",search,Target2,yellow,-170 -130;170 -130;-170 130;170 130;-170 -130;170 -130;-170 130;170 130,700,42,"16.66",638177,right,164,"1",""
"86","1","1",test,"",target2,N10,N20,N30,left,left,right,right,left,.jpg,"700",correct: Correct!; incorrect: Incorrect!,center,"300","5000",left right,"",60%;60%;60%;60%;80%;80%;80%;80%,-170 -130; 170 -130; -170 130; 170 130; -170 -130; 170 -130; -170 130; 170 130,ITI;withStim,"","","","","13",search,Target2,neutral,-170 -130;170 -130;-170 130;170 130;-170 -130;170 -130;-170 130;170 130,700,42,"16.67",639246,left,66,"1",""
"157","1","1",test,"",N19,N12,r_cylinder4,target2,left,right,right,left,left,.jpg,"700",correct: Correct!; incorrect: Incorrect!,center,"300","5000",left right,"",60%;60%;60%;60%;80%;80%;80%;80%,-170 -130; 170 -130; -170 130; 170 130; -170 -130; 170 -130; -170 130; 170 130,ITI;withStim,"","","","","84",search,Target2,red,-170 -130;170 -130;-170 130;170 130;-170 -130;170 -130;-170 130;170 130,700,42,"16.67",640590,left,344,"1",""
"135","1","1",test,"",N18,target3,N28,N8,right,left,left,right,left,.jpg,"700",correct: Correct!; incorrect: Incorrect!,center,"300","5000",left right,"",60%;60%;60%;60%;80%;80%;80%;80%,-170 -130; 170 -130; -170 130; 170 130; -170 -130; 170 -130; -170 130; 170 130,ITI;withStim,"","","","","62",search,Target3,neutral,-170 -130;170 -130;-170 130;170 130;-170 -130;170 -130;-170 130;170 130,700,42,"16.65",641953,right,374,"0",""
"96","1","1",test,"",target2,N9,N19,N29,left,left,right,right,left,.jpg,"700",correct: Correct!; incorrect: Incorrect!,center,"300","5000",left right,"",60%;60%;60%;60%;80%;80%;80%;80%,-170 -130; 170 -130; -170 130; 170 130; -170 -130; 170 -130; -170 130; 170 130,ITI;withStim,"","","","","23",search,Target2,neutral,-170 -130;170 -130;-170 130;170 130;-170 -130;170 -130;-170 130;170 130,700,42,"16.67",643093,right,147,"0",""
"76","1","1",test,"",N17,target2,r_round6,N7,left,right,left,right,right,.jpg,"700",correct: Correct!; incorrect: Incorrect!,center,"300","5000",left right,"",60%;60%;60%;60%;80%;80%;80%;80%,-170 -130; 170 -130; -170 130; 170 130; -170 -130; 170 -130; -170 130; 170 130,ITI;withStim,"","","","","3",search,Target2,red,-170 -130;170 -130;-170 130;170 130;-170 -130;170 -130;-170 130;170 130,700,42,"16.66",644172,right,76,"1",""
"147","1","1",test,"",N3,N23,N13,target1,left,right,right,left,left,.jpg,"700",correct: Correct!; incorrect: Incorrect!,center,"300","5000",left right,"",60%;60%;60%;60%;80%;80%;80%;80%,-170 -130; 170 -130; -170 130; 170 130; -170 -130; 170 -130; -170 130; 170 130,ITI;withStim,"","","","","74",search,Target1,neutral,-170 -130;170 -130;-170 130;170 130;-170 -130;170 -130;-170 130;170 130,700,42,"16.69",645458,right,297,"0",""
"156","1","1",test,"",N5,y_cylinder4,target3,N2,left,right,right,left,right,.jpg,"700",correct: Correct!; incorrect: Incorrect!,center,"300","5000",left right,"",60%;60%;60%;60%;80%;80%;80%;80%,-170 -130; 170 -130; -170 130; 170 130; -170 -130; 170 -130; -170 130; 170 130,ITI;withStim,"","","","","83",search,Target3,yellow,-170 -130;170 -130;-170 130;170 130;-170 -130;170 -130;-170 130;170 130,700,42,"16.66",646564,right,102,"1",""
"140","1","1",test,"",target1,b_round2,N20,N10,left,left,right,right,left,.jpg,"700",correct: Correct!; incorrect: Incorrect!,center,"300","5000",left right,"",60%;60%;60%;60%;80%;80%;80%;80%,-170 -130; 170 -130; -170 130; 170 130; -170 -130; 170 -130; -170 130; 170 130,ITI;withStim,"","","","","67",search,Target1,blue,-170 -130;170 -130;-170 130;170 130;-170 -130;170 -130;-170 130;170 130,701,42,"16.67",647647,left,84,"1",""
"142","1","1",test,"",target3,N26,N29,b_round5,left,right,left,right,left,.jpg,"700",correct: Correct!; incorrect: Incorrect!,center,"300","5000",left right,"",60%;60%;60%;60%;80%;80%;80%;80%,-170 -130; 170 -130; -170 130; 170 130; -170 -130; 170 -130; -170 130; 170 130,ITI;withStim,"","","","","69",search,Target3,blue,-170 -130;170 -130;-170 130;170 130;-170 -130;170 -130;-170 130;170 130,700,42,"16.67",648846,right,200,"0",""
"137","1","1",test,"",N9,target2,y_square1,N8,left,left,right,right,left,.jpg,"700",correct: Correct!; incorrect: Incorrect!,center,"300","5000",left right,"",60%;60%;60%;60%;80%;80%;80%;80%,-170 -130; 170 -130; -170 130; 170 130; -170 -130; 170 -130; -170 130; 170 130,ITI;withStim,"","","","","64",search,Target2,yellow,-170 -130;170 -130;-170 130;170 130;-170 -130;170 -130;-170 130;170 130,701,42,"16.67",650402,left,556,"1",""
"114","1","1",test,"",r_cylinder6,target2,N16,N15,right,left,right,left,left,.jpg,"700",correct: Correct!; incorrect: Incorrect!,center,"300","5000",left right,"",60%;60%;60%;60%;80%;80%;80%;80%,-170 -130; 170 -130; -170 130; 170 130; -170 -130; 170 -130; -170 130; 170 130,ITI;withStim,"","","","","41",search,Target2,red,-170 -130;170 -130;-170 130;170 130;-170 -130;170 -130;-170 130;170 130,699,42,"16.68",651655,right,260,"0",""
"161","1","1",test,"",N26,b_cylinder2,target1,N9,right,left,left,right,left,.jpg,"700",correct: Correct!; incorrect: Incorrect!,center,"300","5000",left right,"",60%;60%;60%;60%;80%;80%;80%;80%,-170 -130; 170 -130; -170 130; 170 130; -170 -130; 170 -130; -170 130; 170 130,ITI;withStim,"","","","","88",search,Target1,blue,-170 -130;170 -130;-170 130;170 130;-170 -130;170 -130;-170 130;170 130,699,42,"16.67",652932,left,287,"1",""
"111","1","1",test,"",N4,N24,N14,target1,left,right,left,right,right,.jpg,"700",correct: Correct!; incorrect: Incorrect!,center,"300","5000",left right,"",60%;60%;60%;60%;80%;80%;80%;80%,-170 -130; 170 -130; -170 130; 170 130; -170 -130; 170 -130; -170 130; 170 130,ITI;withStim,"","","","","38",search,Target1,neutral,-170 -130;170 -130;-170 130;170 130;-170 -130;170 -130;-170 130;170 130,700,42,"16.67",654160,left,231,"0",""
"108","1","1",test,"",target2,N5,r_square4,N15,left,right,right,left,left,.jpg,"700",correct: Correct!; incorrect: Incorrect!,center,"300","5000",left right,"",60%;60%;60%;60%;80%;80%;80%;80%,-170 -130; 170 -130; -170 130; 170 130; -170 -130; 170 -130; -170 130; 170 130,ITI;withStim,"","","","","35",search,Target2,red,-170 -130;170 -130;-170 130;170 130;-170 -130;170 -130;-170 130;170 130,700,42,"16.67",655337,left,175,"1",""
"81","1","1",test,"",N4,N14,target2,N24,right,left,right,left,right,.jpg,"700",correct: Correct!; incorrect: Incorrect!,center,"300","5000",left right,"",60%;60%;60%;60%;80%;80%;80%;80%,-170 -130; 170 -130; -170 130; 170 130; -170 -130; 170 -130; -170 130; 170 130,ITI;withStim,"","","","","8",search,Target2,neutral,-170 -130;170 -130;-170 130;170 130;-170 -130;170 -130;-170 130;170 130,700,42,"16.67",656437,left,107,"0",""
"146","1","1",test,"",target3,N9,y_square5,N3,right,left,left,right,right,.jpg,"700",correct: Correct!; incorrect: Incorrect!,center,"300","5000",left right,"",60%;60%;60%;60%;80%;80%;80%;80%,-170 -130; 170 -130; -170 130; 170 130; -170 -130; 170 -130; -170 130; 170 130,ITI;withStim,"","","","","73",search,Target3,yellow,-170 -130;170 -130;-170 130;170 130;-170 -130;170 -130;-170 130;170 130,700,42,"16.67",657756,right,327,"1",""
"123","1","1",test,"",N18,r_cylinder2,N15,target1,right,right,left,left,left,.jpg,"700",correct: Correct!; incorrect: Incorrect!,center,"300","5000",left right,"",60%;60%;60%;60%;80%;80%;80%;80%,-170 -130; 170 -130; -170 130; 170 130; -170 -130; 170 -130; -170 130; 170 130,ITI;withStim,"","","","","50",search,Target1,red,-170 -130;170 -130;-170 130;170 130;-170 -130;170 -130;-170 130;170 130,700,42,"16.67",658760,right,14,"0",""
"133","1","1",test,"",target2,N3,N9,r_square5,left,left,right,right,left,.jpg,"700",correct: Correct!; incorrect: Incorrect!,center,"300","5000",left right,"",60%;60%;60%;60%;80%;80%;80%;80%,-170 -130; 170 -130; -170 130; 170 130; -170 -130; 170 -130; -170 130; 170 130,ITI;withStim,"","","","","60",search,Target2,red,-170 -130;170 -130;-170 130;170 130;-170 -130;170 -130;-170 130;170 130,700,42,"16.66",659820,right,57,"0",""
"158","1","1",test,"",N12,N14,target2,r_round4,right,left,right,left,right,.jpg,"700",correct: Correct!; incorrect: Incorrect!,center,"300","5000",left right,"",60%;60%;60%;60%;80%;80%;80%;80%,-170 -130; 170 -130; -170 130; 170 130; -170 -130; 170 -130; -170 130; 170 130,ITI;withStim,"","","","","85",search,Target2,red,-170 -130;170 -130;-170 130;170 130;-170 -130;170 -130;-170 130;170 130,700,42,"16.67",661037,right,225,"1",""
"121","1","1",test,"",N21,N1,N11,target1,left,left,right,right,right,.jpg,"700",correct: Correct!; incorrect: Incorrect!,center,"300","5000",left right,"",60%;60%;60%;60%;80%;80%;80%;80%,-170 -130; 170 -130; -170 130; 170 130; -170 -130; 170 -130; -170 130; 170 130,ITI;withStim,"","","","","48",search,Target1,neutral,-170 -130;170 -130;-170 130;170 130;-170 -130;170 -130;-170 130;170 130,700,42,"16.69",662204,right,175,"1",""
"138","1","1",test,"",N15,target2,N5,N25,left,right,right,left,right,.jpg,"700",correct: Correct!; incorrect: Incorrect!,center,"300","5000",left right,"",60%;60%;60%;60%;80%;80%;80%;80%,-170 -130; 170 -130; -170 130; 170 130; -170 -130; 170 -130; -170 130; 170 130,ITI;withStim,"","","","","65",search,Target2,neutral,-170 -130;170 -130;-170 130;170 130;-170 -130;170 -130;-170 130;170 130,700,42,"16.67",663342,right,147,"1",""
"152","1","1",test,"",target3,b_cylinder5,N2,N15,right,left,right,left,right,.jpg,"700",correct: Correct!; incorrect: Incorrect!,center,"300","5000",left right,"",60%;60%;60%;60%;80%;80%;80%;80%,-170 -130; 170 -130; -170 130; 170 130; -170 -130; 170 -130; -170 130; 170 130,ITI;withStim,"","","","","79",search,Target3,blue,-170 -130;170 -130;-170 130;170 130;-170 -130;170 -130;-170 130;170 130,700,42,"16.69",664683,right,337,"1",""
"173","1","1",test,"",N26,y_round4,target3,N15,left,right,left,right,left,.jpg,"700",correct: Correct!; incorrect: Incorrect!,center,"300","5000",left right,"",60%;60%;60%;60%;80%;80%;80%;80%,-170 -130; 170 -130; -170 130; 170 130; -170 -130; 170 -130; -170 130; 170 130,ITI;withStim,"","","","","9",search,Target3,yellow,-170 -130;170 -130;-170 130;170 130;-170 -130;170 -130;-170 130;170 130,701,42,"16.65",670847,right,1018,"0",""
"215","1","1",test,"",N18,target3,b_square4,N6,right,left,left,right,left,.jpg,"700",correct: Correct!; incorrect: Incorrect!,center,"300","5000",left right,"",60%;60%;60%;60%;80%;80%;80%;80%,-170 -130; 170 -130; -170 130; 170 130; -170 -130; 170 -130; -170 130; 170 130,ITI;withStim,"","","","","51",search,Target3,blue,-170 -130;170 -130;-170 130;170 130;-170 -130;170 -130;-170 130;170 130,699,42,"16.65",671964,right,118,"0",""
"245","1","1",test,"",N2,N3,target1,b_square2,right,left,right,left,right,.jpg,"700",correct: Correct!; incorrect: Incorrect!,center,"300","5000",left right,"",60%;60%;60%;60%;80%;80%;80%;80%,-170 -130; 170 -130; -170 130; 170 130; -170 -130; 170 -130; -170 130; 170 130,ITI;withStim,"","","","","81",search,Target1,blue,-170 -130;170 -130;-170 130;170 130;-170 -130;170 -130;-170 130;170 130,700,42,"16.67",673100,left,138,"0",""
"218","1","1",test,"",r_irr2,N15,target2,N20,right,left,left,right,left,.jpg,"700",correct: Correct!; incorrect: Incorrect!,center,"300","5000",left right,"",60%;60%;60%;60%;80%;80%;80%;80%,-170 -130; 170 -130; -170 130; 170 130; -170 -130; 170 -130; -170 130; 170 130,ITI;withStim,"","","","","54",search,Target2,red,-170 -130;170 -130;-170 130;170 130;-170 -130;170 -130;-170 130;170 130,701,42,"16.66",674245,left,150,"1",""
"241","1","1",test,"",b_square3,N9,target1,N17,right,left,left,right,left,.jpg,"700",correct: Correct!; incorrect: Incorrect!,center,"300","5000",left right,"",60%;60%;60%;60%;80%;80%;80%;80%,-170 -130; 170 -130; -170 130; 170 130; -170 -130; 170 -130; -170 130; 170 130,ITI;withStim,"","","","","77",search,Target1,blue,-170 -130;170 -130;-170 130;170 130;-170 -130;170 -130;-170 130;170 130,701,42,"16.66",675303,left,57,"1",""
"207","1","1",test,"",N6,N20,y_cylinder3,target2,left,right,right,left,left,.jpg,"700",correct: Correct!; incorrect: Incorrect!,center,"300","5000",left right,"",60%;60%;60%;60%;80%;80%;80%;80%,-170 -130; 170 -130; -170 130; 170 130; -170 -130; 170 -130; -170 130; 170 130,ITI;withStim,"","","","","43",search,Target2,yellow,-170 -130;170 -130;-170 130;170 130;-170 -130;170 -130;-170 130;170 130,700,42,"16.66",676382,left,87,"1",""
"199","1","1",test,"",target2,N5,r_square4,N15,left,right,right,left,left,.jpg,"700",correct: Correct!; incorrect: Incorrect!,center,"300","5000",left right,"",60%;60%;60%;60%;80%;80%;80%;80%,-170 -130; 170 -130; -170 130; 170 130; -170 -130; 170 -130; -170 130; 170 130,ITI;withStim,"","","","","35",search,Target2,red,-170 -130;170 -130;-170 130;170 130;-170 -130;170 -130;-170 130;170 130,700,42,"16.67",677463,left,85,"1",""
"167","1","1",test,"",N17,target2,r_round6,N7,left,right,left,right,right,.jpg,"700",correct: Correct!; incorrect: Incorrect!,center,"300","5000",left right,"",60%;60%;60%;60%;80%;80%;80%;80%,-170 -130; 170 -130; -170 130; 170 130; -170 -130; 170 -130; -170 130; 170 130,ITI;withStim,"","","","","3",search,Target2,red,-170 -130;170 -130;-170 130;170 130;-170 -130;170 -130;-170 130;170 130,700,42,"16.66",678550,right,88,"1",""
"243","1","1",test,"",target3,b_cylinder5,N2,N15,right,left,right,left,right,.jpg,"700",correct: Correct!; incorrect: Incorrect!,center,"300","5000",left right,"",60%;60%;60%;60%;80%;80%;80%;80%,-170 -130; 170 -130; -170 130; 170 130; -170 -130; 170 -130; -170 130; 170 130,ITI;withStim,"","","","","79",search,Target3,blue,-170 -130;170 -130;-170 130;170 130;-170 -130;170 -130;-170 130;170 130,700,42,"16.67",679604,right,59,"1",""
"211","1","1",test,"",target2,N2,N12,N22,right,right,left,left,right,.jpg,"700",correct: Correct!; incorrect: Incorrect!,center,"300","5000",left right,"",60%;60%;60%;60%;80%;80%;80%;80%,-170 -130; 170 -130; -170 130; 170 130; -170 -130; 170 -130; -170 130; 170 130,ITI;withStim,"","","","","47",search,Target2,neutral,-170 -130;170 -130;-170 130;170 130;-170 -130;170 -130;-170 130;170 130,699,42,"16.67",680709,right,114,"1",""
"171","1","1",test,"",b_cylinder4,N22,N4,target3,right,left,left,right,right,.jpg,"700",correct: Correct!; incorrect: Incorrect!,center,"300","5000",left right,"",60%;60%;60%;60%;80%;80%;80%;80%,-170 -130; 170 -130; -170 130; 170 130; -170 -130; 170 -130; -170 130; 170 130,ITI;withStim,"","","","","7",search,Target3,blue,-170 -130;170 -130;-170 130;170 130;-170 -130;170 -130;-170 130;170 130,700,42,"16.66",681779,left,66,"0",""
"170","1","1",test,"",N10,N3,target1,r_round2,left,right,left,right,left,.jpg,"700",correct: Correct!; incorrect: Incorrect!,center,"300","5000",left right,"",60%;60%;60%;60%;80%;80%;80%;80%,-170 -130; 170 -130; -170 130; 170 130; -170 -130; 170 -130; -170 130; 170 130,ITI;withStim,"","","","","6",search,Target1,red,-170 -130;170 -130;-170 130;170 130;-170 -130;170 -130;-170 130;170 130,700,42,"16.66",682873,left,94,"1",""
"219","1","1",test,"",N19,N29,N9,target3,right,left,right,left,left,.jpg,"700",correct: Correct!; incorrect: Incorrect!,center,"300","5000",left right,"",60%;60%;60%;60%;80%;80%;80%;80%,-170 -130; 170 -130; -170 130; 170 130; -170 -130; 170 -130; -170 130; 170 130,ITI;withStim,"","","","","55",search,Target3,neutral,-170 -130;170 -130;-170 130;170 130;-170 -130;170 -130;-170 130;170 130,700,0,0,684138,right,259,"0",""
"212","1","1",test,"",N21,N1,N11,target1,left,left,right,right,right,.jpg,"700",correct: Correct!; incorrect: Incorrect!,center,"300","5000",left right,"",60%;60%;60%;60%;80%;80%;80%;80%,-170 -130; 170 -130; -170 130; 170 130; -170 -130; 170 -130; -170 130; 170 130,ITI;withStim,"","","","","48",search,Target1,neutral,-170 -130;170 -130;-170 130;170 130;-170 -130;170 -130;-170 130;170 130,700,42,"16.68",685281,right,136,"1",""
"185","1","1",test,"",target1,N17,N27,N7,right,right,left,left,right,.jpg,"700",correct: Correct!; incorrect: Incorrect!,center,"300","5000",left right,"",60%;60%;60%;60%;80%;80%;80%;80%,-170 -130; 170 -130; -170 130; 170 130; -170 -130; 170 -130; -170 130; 170 130,ITI;withStim,"","","","","21",search,Target1,neutral,-170 -130;170 -130;-170 130;170 130;-170 -130;170 -130;-170 130;170 130,700,42,"16.65",686312,right,33,"1",""
"186","1","1",test,"",N12,target2,y_round3,N22,left,right,left,right,right,.jpg,"700",correct: Correct!; incorrect: Incorrect!,center,"300","5000",left right,"",60%;60%;60%;60%;80%;80%;80%;80%,-170 -130; 170 -130; -170 130; 170 130; -170 -130; 170 -130; -170 130; 170 130,ITI;withStim,"","","","","22",search,Target2,yellow,-170 -130;170 -130;-170 130;170 130;-170 -130;170 -130;-170 130;170 130,699,42,"16.66",687369,right,56,"1",""
"206","1","1",test,"",N3,N13,N23,target2,right,left,left,right,right,.jpg,"700",correct: Correct!; incorrect: Incorrect!,center,"300","5000",left right,"",60%;60%;60%;60%;80%;80%;80%;80%,-170 -130; 170 -130; -170 130; 170 130; -170 -130; 170 -130; -170 130; 170 130,ITI;withStim,"","","","","42",search,Target2,neutral,-170 -130;170 -130;-170 130;170 130;-170 -130;170 -130;-170 130;170 130,700,42,"16.68",688440,right,78,"1",""
"234","1","1",test,"",N14,target3,b_irr2,N6,left,right,left,right,right,.jpg,"700",correct: Correct!; incorrect: Incorrect!,center,"300","5000",left right,"",60%;60%;60%;60%;80%;80%;80%;80%,-170 -130; 170 -130; -170 130; 170 130; -170 -130; 170 -130; -170 130; 170 130,ITI;withStim,"","","","","70",search,Target3,blue,-170 -130;170 -130;-170 130;170 130;-170 -130;170 -130;-170 130;170 130,700,42,"16.69",689561,right,115,"1",""
"244","1","1",test,"",N8,N28,target1,N18,right,right,left,left,left,.jpg,"700",correct: Correct!; incorrect: Incorrect!,center,"300","5000",left right,"",60%;60%;60%;60%;80%;80%;80%;80%,-170 -130; 170 -130; -170 130; 170 130; -170 -130; 170 -130; -170 130; 170 130,ITI;withStim,"","","","","80",search,Target1,neutral,-170 -130;170 -130;-170 130;170 130;-170 -130;170 -130;-170 130;170 130,700,42,"16.66",690654,right,92,"0",""
"252","1","1",test,"",N26,b_cylinder2,target1,N9,right,left,left,right,left,.jpg,"700",correct: Correct!; incorrect: Incorrect!,center,"300","5000",left right,"",60%;60%;60%;60%;80%;80%;80%;80%,-170 -130; 170 -130; -170 130; 170 130; -170 -130; 170 -130; -170 130; 170 130,ITI;withStim,"","","","","88",search,Target1,blue,-170 -130;170 -130;-170 130;170 130;-170 -130;170 -130;-170 130;170 130,700,42,"16.67",691657,right,12,"0",""
"236","1","1",test,"",N22,target3,N2,N12,left,right,left,right,right,.jpg,"700",correct: Correct!; incorrect: Incorrect!,center,"300","5000",left right,"",60%;60%;60%;60%;80%;80%;80%;80%,-170 -130; 170 -130; -170 130; 170 130; -170 -130; 170 -130; -170 130; 170 130,ITI;withStim,"","","","","72",search,Target3,neutral,-170 -130;170 -130;-170 130;170 130;-170 -130;170 -130;-170 130;170 130,700,42,"16.68",692778,right,116,"1",""
"247","1","1",test,"",N5,y_cylinder4,target3,N2,left,right,right,left,right,.jpg,"700",correct: Correct!; incorrect: Incorrect!,center,"300","5000",left right,"",60%;60%;60%;60%;80%;80%;80%;80%,-170 -130; 170 -130; -170 130; 170 130; -170 -130; 170 -130; -170 130; 170 130,ITI;withStim,"","","","","83",search,Target3,yellow,-170 -130;170 -130;-170 130;170 130;-170 -130;170 -130;-170 130;170 130,700,42,"16.67",693885,left,106,"0",""
"177","1","1",test,"",target2,N10,N20,N30,left,left,right,right,left,.jpg,"700",correct: Correct!; incorrect: Incorrect!,center,"300","5000",left right,"",60%;60%;60%;60%;80%;80%;80%;80%,-170 -130; 170 -130; -170 130; 170 130; -170 -130; 170 -130; -170 130; 170 130,ITI;withStim,"","","","","13",search,Target2,neutral,-170 -130;170 -130;-170 130;170 130;-170 -130;170 -130;-170 130;170 130,700,42,"16.64",695057,right,179,"0",""
"193","1","1",test,"",target1,r_square2,N11,N9,left,right,right,left,left,.jpg,"700",correct: Correct!; incorrect: Incorrect!,center,"300","5000",left right,"",60%;60%;60%;60%;80%;80%;80%;80%,-170 -130; 170 -130; -170 130; 170 130; -170 -130; 170 -130; -170 130; 170 130,ITI;withStim,"","","","","29",search,Target1,red,-170 -130;170 -130;-170 130;170 130;-170 -130;170 -130;-170 130;170 130,700,42,"16.67",696254,right,192,"0",""
"165","1","1",test,"",N17,r_cylinder5,N4,target2,left,right,left,right,right,.jpg,"700",correct: Correct!; incorrect: Incorrect!,center,"300","5000",left right,"",60%;60%;60%;60%;80%;80%;80%;80%,-170 -130; 170 -130; -170 130; 170 130; -170 -130; 170 -130; -170 130; 170 130,ITI;withStim,"","","","","1",search,Target2,red,-170 -130;170 -130;-170 130;170 130;-170 -130;170 -130;-170 130;170 130,700,42,"16.67",697346,right,100,"1",""
"230","1","1",test,"",N11,target1,r_round3,N6,right,left,right,left,left,.jpg,"700",correct: Correct!; incorrect: Incorrect!,center,"300","5000",left right,"",60%;60%;60%;60%;80%;80%;80%;80%,-170 -130; 170 -130; -170 130; 170 130; -170 -130; 170 -130; -170 130; 170 130,ITI;withStim,"","","","","66",search,Target1,red,-170 -130;170 -130;-170 130;170 130;-170 -130;170 -130;-170 130;170 130,700,42,"16.67",698492,right,147,"0",""
"190","1","1",test,"",N7,target1,b_cylinder1,N12,right,left,right,left,left,.jpg,"700",correct: Correct!; incorrect: Incorrect!,center,"300","5000",left right,"",60%;60%;60%;60%;80%;80%;80%;80%,-170 -130; 170 -130; -170 130; 170 130; -170 -130; 170 -130; -170 130; 170 130,ITI;withStim,"","","","","26",search,Target1,blue,-170 -130;170 -130;-170 130;170 130;-170 -130;170 -130;-170 130;170 130,700,42,"16.67",699641,right,146,"0",""
"222","1","1",test,"",N3,N16,y_round5,target3,right,right,left,left,left,.jpg,"700",correct: Correct!; incorrect: Incorrect!,center,"300","5000",left right,"",60%;60%;60%;60%;80%;80%;80%;80%,-170 -130; 170 -130; -170 130; 170 130; -170 -130; 170 -130; -170 130; 170 130,ITI;withStim,"","","","","58",search,Target3,yellow,-170 -130;170 -130;-170 130;170 130;-170 -130;170 -130;-170 130;170 130,700,42,"16.67",700661,right,15,"0",""
"210","1","1",test,"",N11,y_round2,N18,target2,right,right,left,left,left,.jpg,"700",correct: Correct!; incorrect: Incorrect!,center,"300","5000",left right,"",60%;60%;60%;60%;80%;80%;80%;80%,-170 -130; 170 -130; -170 130; 170 130; -170 -130; 170 -130; -170 130; 170 130,ITI;withStim,"","","","","46",search,Target2,yellow,-170 -130;170 -130;-170 130;170 130;-170 -130;170 -130;-170 130;170 130,700,42,"16.65",701749,right,88,"0",""
"201","1","1",test,"",r_round1,target1,N7,N15,right,left,right,left,left,.jpg,"700",correct: Correct!; incorrect: Incorrect!,center,"300","5000",left right,"",60%;60%;60%;60%;80%;80%;80%;80%,-170 -130; 170 -130; -170 130; 170 130; -170 -130; 170 -130; -170 130; 170 130,ITI;withStim,"","","","","37",search,Target1,red,-170 -130;170 -130;-170 130;170 130;-170 -130;170 -130;-170 130;170 130,699,42,"16.68",702875,right,130,"0",""
"205","1","1",test,"",r_cylinder6,target2,N16,N15,right,left,right,left,left,.jpg,"700",correct: Correct!; incorrect: Incorrect!,center,"300","5000",left right,"",60%;60%;60%;60%;80%;80%;80%;80%,-170 -130; 170 -130; -170 130; 170 130; -170 -130; 170 -130; -170 130; 170 130,ITI;withStim,"","","","","41",search,Target2,red,-170 -130;170 -130;-170 130;170 130;-170 -130;170 -130;-170 130;170 130,700,42,"16.67",703981,right,103,"0",""
"182","1","1",test,"",b_square1,N2,target1,N6,right,right,left,left,left,.jpg,"700",correct: Correct!; incorrect: Incorrect!,center,"300","5000",left right,"",60%;60%;60%;60%;80%;80%;80%;80%,-170 -130; 170 -130; -170 130; 170 130; -170 -130; 170 -130; -170 130; 170 130,ITI;withStim,"","","","","18",search,Target1,blue,-170 -130;170 -130;-170 130;170 130;-170 -130;170 -130;-170 130;170 130,700,42,"16.67",705101,right,123,"0",""
"187","1","1",test,"",target2,N9,N19,N29,left,left,right,right,left,.jpg,"700",correct: Correct!; incorrect: Incorrect!,center,"300","5000",left right,"",60%;60%;60%;60%;80%;80%;80%;80%,-170 -130; 170 -130; -170 130; 170 130; -170 -130; 170 -130; -170 130; 170 130,ITI;withStim,"","","","","23",search,Target2,neutral,-170 -130;170 -130;-170 130;170 130;-170 -130;170 -130;-170 130;170 130,700,42,"16.67",706269,right,174,"0",""
"189","1","1",test,"",target2,N17,y_square3,N12,right,left,right,left,right,.jpg,"700",correct: Correct!; incorrect: Incorrect!,center,"300","5000",left right,"",60%;60%;60%;60%;80%;80%;80%;80%,-170 -130; 170 -130; -170 130; 170 130; -170 -130; 170 -130; -170 130; 170 130,ITI;withStim,"","","","","25",search,Target2,yellow,-170 -130;170 -130;-170 130;170 130;-170 -130;170 -130;-170 130;170 130,700,42,"16.67",707427,left,165,"0",""
"217","1","1",test,"",N6,r_cylinder3,N7,target1,left,right,left,right,right,.jpg,"700",correct: Correct!; incorrect: Incorrect!,center,"300","5000",left right,"",60%;60%;60%;60%;80%;80%;80%;80%,-170 -130; 170 -130; -170 130; 170 130; -170 -130; 170 -130; -170 130; 170 130,ITI;withStim,"","","","","53",search,Target1,red,-170 -130;170 -130;-170 130;170 130;-170 -130;170 -130;-170 130;170 130,700,42,"16.67",708541,left,113,"0",""
"181","1","1",test,"",N10,N25,target3,b_round4,left,right,right,left,right,.jpg,"700",correct: Correct!; incorrect: Incorrect!,center,"300","5000",left right,"",60%;60%;60%;60%;80%;80%;80%;80%,-170 -130; 170 -130; -170 130; 170 130; -170 -130; 170 -130; -170 130; 170 130,ITI;withStim,"","","","","17",search,Target3,blue,-170 -130;170 -130;-170 130;170 130;-170 -130;170 -130;-170 130;170 130,699,42,"16.66",709592,right,46,"1",""
"224","1","1",test,"",target2,N3,N9,r_square5,left,left,right,right,left,.jpg,"700",correct: Correct!; incorrect: Incorrect!,center,"300","5000",left right,"",60%;60%;60%;60%;80%;80%;80%;80%,-170 -130; 170 -130; -170 130; 170 130; -170 -130; 170 -130; -170 130; 170 130,ITI;withStim,"","","","","60",search,Target2,red,-170 -130;170 -130;-170 130;170 130;-170 -130;170 -130;-170 130;170 130,699,42,"16.67",710781,right,188,"0",""
"229","1","1",test,"",N15,target2,N5,N25,left,right,right,left,right,.jpg,"700",correct: Correct!; incorrect: Incorrect!,center,"300","5000",left right,"",60%;60%;60%;60%;80%;80%;80%;80%,-170 -130; 170 -130; -170 130; 170 130; -170 -130; 170 -130; -170 130; 170 130,ITI;withStim,"","","","","65",search,Target2,neutral,-170 -130;170 -130;-170 130;170 130;-170 -130;170 -130;-170 130;170 130,700,42,"16.67",711939,right,160,"1",""
"172","1","1",test,"",N4,N14,target2,N24,right,left,right,left,right,.jpg,"700",correct: Correct!; incorrect: Incorrect!,center,"300","5000",left right,"",60%;60%;60%;60%;80%;80%;80%;80%,-170 -130; 170 -130; -170 130; 170 130; -170 -130; 170 -130; -170 130; 170 130,ITI;withStim,"","","","","8",search,Target2,neutral,-170 -130;170 -130;-170 130;170 130;-170 -130;170 -130;-170 130;170 130,700,42,"16.67",713116,right,171,"1",""
"240","1","1",test,"",N27,target3,N17,N7,right,left,right,left,left,.jpg,"700",correct: Correct!; incorrect: Incorrect!,center,"300","5000",left right,"",60%;60%;60%;60%;80%;80%;80%;80%,-170 -130; 170 -130; -170 130; 170 130; -170 -130; 170 -130; -170 130; 170 130,ITI;withStim,"","","","","76",search,Target3,neutral,-170 -130;170 -130;-170 130;170 130;-170 -130;170 -130;-170 130;170 130,700,42,"16.67",715356,left,1244,"1",""
"184","1","1",test,"",target2,N14,y_square2,N4,left,right,left,right,left,.jpg,"700",correct: Correct!; incorrect: Incorrect!,center,"300","5000",left right,"",60%;60%;60%;60%;80%;80%;80%;80%,-170 -130; 170 -130; -170 130; 170 130; -170 -130; 170 -130; -170 130; 170 130,ITI;withStim,"","","","","20",search,Target2,yellow,-170 -130;170 -130;-170 130;170 130;-170 -130;170 -130;-170 130;170 130,700,42,"16.67",717140,left,795,"1",""
"166","1","1",test,"",N12,r_cylinder1,target1,N15,right,left,left,right,left,.jpg,"700",correct: Correct!; incorrect: Incorrect!,center,"300","5000",left right,"",60%;60%;60%;60%;80%;80%;80%;80%,-170 -130; 170 -130; -170 130; 170 130; -170 -130; 170 -130; -170 130; 170 130,ITI;withStim,"","","","","2",search,Target1,red,-170 -130;170 -130;-170 130;170 130;-170 -130;170 -130;-170 130;170 130,699,42,"16.66",718978,left,833,"1",""
"194","1","1",test,"",target2,N11,N1,N21,right,right,left,left,right,.jpg,"700",correct: Correct!; incorrect: Incorrect!,center,"300","5000",left right,"",60%;60%;60%;60%;80%;80%;80%;80%,-170 -130; 170 -130; -170 130; 170 130; -170 -130; 170 -130; -170 130; 170 130,ITI;withStim,"","","","","30",search,Target2,neutral,-170 -130;170 -130;-170 130;170 130;-170 -130;170 -130;-170 130;170 130,700,42,"16.65",720249,left,270,"0",""
"216","1","1",test,"",y_cylinder6,N12,N6,target3,right,left,right,left,left,.jpg,"700",correct: Correct!; incorrect: Incorrect!,center,"300","5000",left right,"",60%;60%;60%;60%;80%;80%;80%;80%,-170 -130; 170 -130; -170 130; 170 130; -170 -130; 170 -130; -170 130; 170 130,ITI;withStim,"","","","","52",search,Target3,yellow,-170 -130;170 -130;-170 130;170 130;-170 -130;170 -130;-170 130;170 130,699,42,"16.67",721254,right,9,"0",""
"197","1","1",test,"",N6,target1,N13,b_round1,left,left,right,right,left,.jpg,"700",correct: Correct!; incorrect: Incorrect!,center,"300","5000",left right,"",60%;60%;60%;60%;80%;80%;80%;80%,-170 -130; 170 -130; -170 130; 170 130; -170 -130; 170 -130; -170 130; 170 130,ITI;withStim,"","","","","33",search,Target1,blue,-170 -130;170 -130;-170 130;170 130;-170 -130;170 -130;-170 130;170 130,700,42,"16.67",722341,right,96,"0",""
"209","1","1",test,"",N11,target1,b_round3,N9,right,right,left,left,right,.jpg,"700",correct: Correct!; incorrect: Incorrect!,center,"300","5000",left right,"",60%;60%;60%;60%;80%;80%;80%;80%,-170 -130; 170 -130; -170 130; 170 130; -170 -130; 170 -130; -170 130; 170 130,ITI;withStim,"","","","","45",search,Target1,blue,-170 -130;170 -130;-170 130;170 130;-170 -130;170 -130;-170 130;170 130,700,42,"16.67",723451,right,106,"1",""
"232","1","1",test,"",y_round1,N7,target2,N8,left,right,right,left,right,.jpg,"700",correct: Correct!; incorrect: Incorrect!,center,"300","5000",left right,"",60%;60%;60%;60%;80%;80%;80%;80%,-170 -130; 170 -130; -170 130; 170 130; -170 -130; 170 -130; -170 130; 170 130,ITI;withStim,"","","","","68",search,Target2,yellow,-170 -130;170 -130;-170 130;170 130;-170 -130;170 -130;-170 130;170 130,700,42,"16.67",724626,right,182,"1",""
"202","1","1",test,"",N4,N24,N14,target1,left,right,left,right,right,.jpg,"700",correct: Correct!; incorrect: Incorrect!,center,"300","5000",left right,"",60%;60%;60%;60%;80%;80%;80%;80%,-170 -130; 170 -130; -170 130; 170 130; -170 -130; 170 -130; -170 130; 170 130,ITI;withStim,"","","","","38",search,Target1,neutral,-170 -130;170 -130;-170 130;170 130;-170 -130;170 -130;-170 130;170 130,701,42,"16.67",725688,left,59,"0",""
"188","1","1",test,"",N5,N6,target3,b_square5,right,right,left,left,left,.jpg,"700",correct: Correct!; incorrect: Incorrect!,center,"300","5000",left right,"",60%;60%;60%;60%;80%;80%;80%;80%,-170 -130; 170 -130; -170 130; 170 130; -170 -130; 170 -130; -170 130; 170 130,ITI;withStim,"","","","","24",search,Target3,blue,-170 -130;170 -130;-170 130;170 130;-170 -130;170 -130;-170 130;170 130,699,42,"16.65",726915,right,237,"0",""
"174","1","1",test,"",target1,N15,N5,N25,right,left,right,left,right,.jpg,"700",correct: Correct!; incorrect: Incorrect!,center,"300","5000",left right,"",60%;60%;60%;60%;80%;80%;80%;80%,-170 -130; 170 -130; -170 130; 170 130; -170 -130; 170 -130; -170 130; 170 130,ITI;withStim,"","","","","10",search,Target1,neutral,-170 -130;170 -130;-170 130;170 130;-170 -130;170 -130;-170 130;170 130,700,42,"16.64",728204,right,292,"1",""
"175","1","1",test,"",target1,N10,N20,N30,right,left,right,left,right,.jpg,"700",correct: Correct!; incorrect: Incorrect!,center,"300","5000",left right,"",60%;60%;60%;60%;80%;80%;80%;80%,-170 -130; 170 -130; -170 130; 170 130; -170 -130; 170 -130; -170 130; 170 130,ITI;withStim,"","","","","11",search,Target1,neutral,-170 -130;170 -130;-170 130;170 130;-170 -130;170 -130;-170 130;170 130,699,42,"16.67",729212,right,19,"1",""
"214","1","1",test,"",N18,r_cylinder2,N15,target1,right,right,left,left,left,.jpg,"700",correct: Correct!; incorrect: Incorrect!,center,"300","5000",left right,"",60%;60%;60%;60%;80%;80%;80%;80%,-170 -130; 170 -130; -170 130; 170 130; -170 -130; 170 -130; -170 130; 170 130,ITI;withStim,"","","","","50",search,Target1,red,-170 -130;170 -130;-170 130;170 130;-170 -130;170 -130;-170 130;170 130,700,42,"16.67",730239,right,28,"0",""
"235","1","1",test,"",N5,N15,target3,N25,right,right,left,left,left,.jpg,"700",correct: Correct!; incorrect: Incorrect!,center,"300","5000",left right,"",60%;60%;60%;60%;80%;80%;80%;80%,-170 -130; 170 -130; -170 130; 170 130; -170 -130; 170 -130; -170 130; 170 130,ITI;withStim,"","","","","71",search,Target3,neutral,-170 -130;170 -130;-170 130;170 130;-170 -130;170 -130;-170 130;170 130,700,42,"16.67",731280,right,52,"0",""
"191","1","1",test,"",target1,N19,N29,N9,right,left,left,right,right,.jpg,"700",correct: Correct!; incorrect: Incorrect!,center,"300","5000",left right,"",60%;60%;60%;60%;80%;80%;80%;80%,-170 -130; 170 -130; -170 130; 170 130; -170 -130; 170 -130; -170 130; 170 130,ITI;withStim,"","","","","27",search,Target1,neutral,-170 -130;170 -130;-170 130;170 130;-170 -130;170 -130;-170 130;170 130,700,42,"16.66",732314,right,35,"1",""
"231","1","1",test,"",target1,b_round2,N20,N10,left,left,right,right,left,.jpg,"700",correct: Correct!; incorrect: Incorrect!,center,"300","5000",left right,"",60%;60%;60%;60%;80%;80%;80%;80%,-170 -130; 170 -130; -170 130; 170 130; -170 -130; 170 -130; -170 130; 170 130,ITI;withStim,"","","","","67",search,Target1,blue,-170 -130;170 -130;-170 130;170 130;-170 -130;170 -130;-170 130;170 130,700,42,"16.65",733357,right,46,"0",""
"233","1","1",test,"",target3,N26,N29,b_round5,left,right,left,right,left,.jpg,"700",correct: Correct!; incorrect: Incorrect!,center,"300","5000",left right,"",60%;60%;60%;60%;80%;80%;80%;80%,-170 -130; 170 -130; -170 130; 170 130; -170 -130; 170 -130; -170 130; 170 130,ITI;withStim,"","","","","69",search,Target3,blue,-170 -130;170 -130;-170 130;170 130;-170 -130;170 -130;-170 130;170 130,700,42,"16.67",734463,right,102,"0",""
"248","1","1",test,"",N19,N12,r_cylinder4,target2,left,right,right,left,left,.jpg,"700",correct: Correct!; incorrect: Incorrect!,center,"300","5000",left right,"",60%;60%;60%;60%;80%;80%;80%;80%,-170 -130; 170 -130; -170 130; 170 130; -170 -130; 170 -130; -170 130; 170 130,ITI;withStim,"","","","","84",search,Target2,red,-170 -130;170 -130;-170 130;170 130;-170 -130;170 -130;-170 130;170 130,700,42,"16.65",735497,right,35,"0",""
"254","1","1",test,"",b_irr1,N9,target1,N20,left,right,right,left,right,.jpg,"700",correct: Correct!; incorrect: Incorrect!,center,"300","5000",left right,"",60%;60%;60%;60%;80%;80%;80%;80%,-170 -130; 170 -130; -170 130; 170 130; -170 -130; 170 -130; -170 130; 170 130,ITI;withStim,"","","","","90",search,Target1,blue,-170 -130;170 -130;-170 130;170 130;-170 -130;170 -130;-170 130;170 130,700,42,"16.66",736549,right,54,"1",""
"227","1","1",test,"",target1,N14,N6,r_irr1,left,right,right,left,left,.jpg,"700",correct: Correct!; incorrect: Incorrect!,center,"300","5000",left right,"",60%;60%;60%;60%;80%;80%;80%;80%,-170 -130; 170 -130; -170 130; 170 130; -170 -130; 170 -130; -170 130; 170 130,ITI;withStim,"","","","","63",search,Target1,red,-170 -130;170 -130;-170 130;170 130;-170 -130;170 -130;-170 130;170 130,701,42,"16.66",737647,right,103,"0",""
"253","1","1",test,"",N23,N3,N13,target3,left,left,right,right,right,.jpg,"700",correct: Correct!; incorrect: Incorrect!,center,"300","5000",left right,"",60%;60%;60%;60%;80%;80%;80%;80%,-170 -130; 170 -130; -170 130; 170 130; -170 -130; 170 -130; -170 130; 170 130,ITI;withStim,"","","","","89",search,Target3,neutral,-170 -130;170 -130;-170 130;170 130;-170 -130;170 -130;-170 130;170 130,699,42,"16.67",738739,right,94,"1",""
"183","1","1",test,"",target1,N12,N2,N22,left,left,right,right,left,.jpg,"700",correct: Correct!; incorrect: Incorrect!,center,"300","5000",left right,"",60%;60%;60%;60%;80%;80%;80%;80%,-170 -130; 170 -130; -170 130; 170 130; -170 -130; 170 -130; -170 130; 170 130,ITI;withStim,"","","","","19",search,Target1,neutral,-170 -130;170 -130;-170 130;170 130;-170 -130;170 -130;-170 130;170 130,700,42,"16.69",739874,right,130,"0",""
"238","1","1",test,"",N3,N23,N13,target1,left,right,right,left,left,.jpg,"700",correct: Correct!; incorrect: Incorrect!,center,"300","5000",left right,"",60%;60%;60%;60%;80%;80%;80%;80%,-170 -130; 170 -130; -170 130; 170 130; -170 -130; 170 -130; -170 130; 170 130,ITI;withStim,"","","","","74",search,Target1,neutral,-170 -130;170 -130;-170 130;170 130;-170 -130;170 -130;-170 130;170 130,700,42,"16.64",741034,right,156,"0",""
"228","1","1",test,"",N9,target2,y_square1,N8,left,left,right,right,left,.jpg,"700",correct: Correct!; incorrect: Incorrect!,center,"300","5000",left right,"",60%;60%;60%;60%;80%;80%;80%;80%,-170 -130; 170 -130; -170 130; 170 130; -170 -130; 170 -130; -170 130; 170 130,ITI;withStim,"","","","","64",search,Target2,yellow,-170 -130;170 -130;-170 130;170 130;-170 -130;170 -130;-170 130;170 130,700,42,"16.68",742237,right,209,"0",""
"200","1","1",test,"",N28,target2,y_cylinder2,N13,right,right,left,left,right,.jpg,"700",correct: Correct!; incorrect: Incorrect!,center,"300","5000",left right,"",60%;60%;60%;60%;80%;80%;80%;80%,-170 -130; 170 -130; -170 130; 170 130; -170 -130; 170 -130; -170 130; 170 130,ITI;withStim,"","","","","36",search,Target2,yellow,-170 -130;170 -130;-170 130;170 130;-170 -130;170 -130;-170 130;170 130,700,42,"16.65",743423,right,195,"1",""
"239","1","1",test,"",N4,y_round6,N12,target3,left,left,right,right,right,.jpg,"700",correct: Correct!; incorrect: Incorrect!,center,"300","5000",left right,"",60%;60%;60%;60%;80%;80%;80%;80%,-170 -130; 170 -130; -170 130; 170 130; -170 -130; 170 -130; -170 130; 170 130,ITI;withStim,"","","","","75",search,Target3,yellow,-170 -130;170 -130;-170 130;170 130;-170 -130;170 -130;-170 130;170 130,699,42,"16.67",744581,right,152,"1",""
"226","1","1",test,"",N18,target3,N28,N8,right,left,left,right,left,.jpg,"700",correct: Correct!; incorrect: Incorrect!,center,"300","5000",left right,"",60%;60%;60%;60%;80%;80%;80%;80%,-170 -130; 170 -130; -170 130; 170 130; -170 -130; 170 -130; -170 130; 170 130,ITI;withStim,"","","","","62",search,Target3,neutral,-170 -130;170 -130;-170 130;170 130;-170 -130;170 -130;-170 130;170 130,701,42,"16.67",745695,right,118,"0",""
"237","1","1",test,"",target3,N9,y_square5,N3,right,left,left,right,right,.jpg,"700",correct: Correct!; incorrect: Incorrect!,center,"300","5000",left right,"",60%;60%;60%;60%;80%;80%;80%;80%,-170 -130; 170 -130; -170 130; 170 130; -170 -130; 170 -130; -170 130; 170 130,ITI;withStim,"","","","","73",search,Target3,yellow,-170 -130;170 -130;-170 130;170 130;-170 -130;170 -130;-170 130;170 130,700,42,"16.67",746808,right,114,"1",""
"203","1","1",test,"",N19,y_cylinder1,N13,target2,left,left,right,right,right,.jpg,"700",correct: Correct!; incorrect: Incorrect!,center,"300","5000",left right,"",60%;60%;60%;60%;80%;80%;80%;80%,-170 -130; 170 -130; -170 130; 170 130; -170 -130; 170 -130; -170 130; 170 130,ITI;withStim,"","","","","39",search,Target2,yellow,-170 -130;170 -130;-170 130;170 130;-170 -130;170 -130;-170 130;170 130,700,42,"16.67",747842,right,31,"1",""
"169","1","1",test,"",target3,N21,b_cylinder6,N16,left,right,right,left,left,.jpg,"700",correct: Correct!; incorrect: Incorrect!,center,"300","5000",left right,"",60%;60%;60%;60%;80%;80%;80%;80%,-170 -130; 170 -130; -170 130; 170 130; -170 -130; 170 -130; -170 130; 170 130,ITI;withStim,"","","","","5",search,Target3,blue,-170 -130;170 -130;-170 130;170 130;-170 -130;170 -130;-170 130;170 130,699,42,"16.67",748909,right,65,"0",""
"250","1","1",test,"",target3,y_square6,N20,N21,right,right,left,left,right,.jpg,"700",correct: Correct!; incorrect: Incorrect!,center,"300","5000",left right,"",60%;60%;60%;60%;80%;80%;80%;80%,-170 -130; 170 -130; -170 130; 170 130; -170 -130; 170 -130; -170 130; 170 130,ITI;withStim,"","","","","86",search,Target3,yellow,-170 -130;170 -130;-170 130;170 130;-170 -130;170 -130;-170 130;170 130,700,42,"16.66",749933,left,22,"0",""
"176","1","1",test,"",y_square4,N15,N16,target3,left,left,right,right,right,.jpg,"700",correct: Correct!; incorrect: Incorrect!,center,"300","5000",left right,"",60%;60%;60%;60%;80%;80%;80%;80%,-170 -130; 170 -130; -170 130; 170 130; -170 -130; 170 -130; -170 130; 170 130,ITI;withStim,"","","","","12",search,Target3,yellow,-170 -130;170 -130;-170 130;170 130;-170 -130;170 -130;-170 130;170 130,700,42,"16.65",751140,right,212,"1",""
"192","1","1",test,"",N10,N30,target3,N20,right,left,left,right,left,.jpg,"700",correct: Correct!; incorrect: Incorrect!,center,"300","5000",left right,"",60%;60%;60%;60%;80%;80%;80%;80%,-170 -130; 170 -130; -170 130; 170 130; -170 -130; 170 -130; -170 130; 170 130,ITI;withStim,"","","","","28",search,Target3,neutral,-170 -130;170 -130;-170 130;170 130;-170 -130;170 -130;-170 130;170 130,700,42,"16.69",752150,right,6,"0",""
"251","1","1",test,"",b_square6,target3,N10,N15,right,right,left,left,right,.jpg,"700",correct: Correct!; incorrect: Incorrect!,center,"300","5000",left right,"",60%;60%;60%;60%;80%;80%;80%;80%,-170 -130; 170 -130; -170 130; 170 130; -170 -130; 170 -130; -170 130; 170 130,ITI;withStim,"","","","","87",search,Target3,blue,-170 -130;170 -130;-170 130;170 130;-170 -130;170 -130;-170 130;170 130,700,42,"16.65",753352,right,208,"1",""
"242","1","1",test,"",N15,target2,N4,r_round5,right,left,left,right,left,.jpg,"700",correct: Correct!; incorrect: Incorrect!,center,"300","5000",left right,"",60%;60%;60%;60%;80%;80%;80%;80%,-170 -130; 170 -130; -170 130; 170 130; -170 -130; 170 -130; -170 130; 170 130,ITI;withStim,"","","","","78",search,Target2,red,-170 -130;170 -130;-170 130;170 130;-170 -130;170 -130;-170 130;170 130,701,42,"16.66",754491,right,146,"0",""
"196","1","1",test,"",N26,N6,N16,target1,right,left,left,right,right,.jpg,"700",correct: Correct!; incorrect: Incorrect!,center,"300","5000",left right,"",60%;60%;60%;60%;80%;80%;80%;80%,-170 -130; 170 -130; -170 130; 170 130; -170 -130; 170 -130; -170 130; 170 130,ITI;withStim,"","","","","32",search,Target1,neutral,-170 -130;170 -130;-170 130;170 130;-170 -130;170 -130;-170 130;170 130,700,42,"16.67",755634,right,139,"1",""
"225","1","1",test,"",target2,N5,y_irr1,N10,right,left,left,right,right,.jpg,"700",correct: Correct!; incorrect: Incorrect!,center,"300","5000",left right,"",60%;60%;60%;60%;80%;80%;80%;80%,-170 -130; 170 -130; -170 130; 170 130; -170 -130; 170 -130; -170 130; 170 130,ITI;withStim,"","","","","61",search,Target2,yellow,-170 -130;170 -130;-170 130;170 130;-170 -130;170 -130;-170 130;170 130,700,42,"16.67",756719,right,91,"1",""
"180","1","1",test,"",N11,N2,target1,b_cylinder3,left,right,left,right,left,.jpg,"700",correct: Correct!; incorrect: Incorrect!,center,"300","5000",left right,"",60%;60%;60%;60%;80%;80%;80%;80%,-170 -130; 170 -130; -170 130; 170 130; -170 -130; 170 -130; -170 130; 170 130,ITI;withStim,"","","","","16",search,Target1,blue,-170 -130;170 -130;-170 130;170 130;-170 -130;170 -130;-170 130;170 130,699,42,"16.66",757741,right,30,"0",""
"208","1","1",test,"",target2,N7,N4,r_square6,left,left,right,right,left,.jpg,"700",correct: Correct!; incorrect: Incorrect!,center,"300","5000",left right,"",60%;60%;60%;60%;80%;80%;80%;80%,-170 -130; 170 -130; -170 130; 170 130; -170 -130; 170 -130; -170 130; 170 130,ITI;withStim,"","","","","44",search,Target2,red,-170 -130;170 -130;-170 130;170 130;-170 -130;170 -130;-170 130;170 130,700,42,"16.65",758801,left,56,"1",""
"221","1","1",test,"",target1,r_square1,N7,N5,right,right,left,left,right,.jpg,"700",correct: Correct!; incorrect: Incorrect!,center,"300","5000",left right,"",60%;60%;60%;60%;80%;80%;80%;80%,-170 -130; 170 -130; -170 130; 170 130; -170 -130; 170 -130; -170 130; 170 130,ITI;withStim,"","","","","57",search,Target1,red,-170 -130;170 -130;-170 130;170 130;-170 -130;170 -130;-170 130;170 130,700,42,"16.69",759946,right,151,"1",""
"198","1","1",test,"",N8,target2,N18,N28,left,right,left,right,right,.jpg,"700",correct: Correct!; incorrect: Incorrect!,center,"300","5000",left right,"",60%;60%;60%;60%;80%;80%;80%;80%,-170 -130; 170 -130; -170 130; 170 130; -170 -130; 170 -130; -170 130; 170 130,ITI;withStim,"","","","","34",search,Target2,neutral,-170 -130;170 -130;-170 130;170 130;-170 -130;170 -130;-170 130;170 130,701,42,"16.67",760974,right,29,"1",""
"179","1","1",test,"",target3,N4,N24,N14,left,left,right,right,left,.jpg,"700",correct: Correct!; incorrect: Incorrect!,center,"300","5000",left right,"",60%;60%;60%;60%;80%;80%;80%;80%,-170 -130; 170 -130; -170 130; 170 130; -170 -130; 170 -130; -170 130; 170 130,ITI;withStim,"","","","","15",search,Target3,neutral,-170 -130;170 -130;-170 130;170 130;-170 -130;170 -130;-170 130;170 130,700,42,"16.67",762191,right,214,"0",""
"204","1","1",test,"",N16,N26,target2,N6,left,right,left,right,left,.jpg,"700",correct: Correct!; incorrect: Incorrect!,center,"300","5000",left right,"",60%;60%;60%;60%;80%;80%;80%;80%,-170 -130; 170 -130; -170 130; 170 130; -170 -130; 170 -130; -170 130; 170 130,ITI;withStim,"","","","","40",search,Target2,neutral,-170 -130;170 -130;-170 130;170 130;-170 -130;170 -130;-170 130;170 130,700,42,"16.65",763265,right,71,"0",""
"195","1","1",test,"",N1,target3,N21,N11,left,right,right,left,right,.jpg,"700",correct: Correct!; incorrect: Incorrect!,center,"300","5000",left right,"",60%;60%;60%;60%;80%;80%;80%;80%,-170 -130; 170 -130; -170 130; 170 130; -170 -130; 170 -130; -170 130; 170 130,ITI;withStim,"","","","","31",search,Target3,neutral,-170 -130;170 -130;-170 130;170 130;-170 -130;170 -130;-170 130;170 130,701,42,"16.67",764292,right,31,"1",""
"178","1","1",test,"",y_cylinder5,target3,N16,N11,right,left,right,left,left,.jpg,"700",correct: Correct!; incorrect: Incorrect!,center,"300","5000",left right,"",60%;60%;60%;60%;80%;80%;80%;80%,-170 -130; 170 -130; -170 130; 170 130; -170 -130; 170 -130; -170 130; 170 130,ITI;withStim,"","","","","14",search,Target3,yellow,-170 -130;170 -130;-170 130;170 130;-170 -130;170 -130;-170 130;170 130,701,42,"16.66",765320,right,26,"0",""
"220","1","1",test,"",target3,y_irr2,N4,N22,right,left,left,right,right,.jpg,"700",correct: Correct!; incorrect: Incorrect!,center,"300","5000",left right,"",60%;60%;60%;60%;80%;80%;80%;80%,-170 -130; 170 -130; -170 130; 170 130; -170 -130; 170 -130; -170 130; 170 130,ITI;withStim,"","","","","56",search,Target3,yellow,-170 -130;170 -130;-170 130;170 130;-170 -130;170 -130;-170 130;170 130,700,42,"16.67",766463,right,152,"1",""
"213","1","1",test,"",target2,N17,N27,N7,left,right,right,left,left,.jpg,"700",correct: Correct!; incorrect: Incorrect!,center,"300","5000",left right,"",60%;60%;60%;60%;80%;80%;80%;80%,-170 -130; 170 -130; -170 130; 170 130; -170 -130; 170 -130; -170 130; 170 130,ITI;withStim,"","","","","49",search,Target2,neutral,-170 -130;170 -130;-170 130;170 130;-170 -130;170 -130;-170 130;170 130,700,42,"16.66",767505,right,44,"0",""
"249","1","1",test,"",N12,N14,target2,r_round4,right,left,right,left,right,.jpg,"700",correct: Correct!; incorrect: Incorrect!,center,"300","5000",left right,"",60%;60%;60%;60%;80%;80%;80%;80%,-170 -130; 170 -130; -170 130; 170 130; -170 -130; 170 -130; -170 130; 170 130,ITI;withStim,"","","","","85",search,Target2,red,-170 -130;170 -130;-170 130;170 130;-170 -130;170 -130;-170 130;170 130,700,42,"16.69",768580,right,86,"1",""
"246","1","1",test,"",N16,N26,N6,target3,right,right,left,left,left,.jpg,"700",correct: Correct!; incorrect: Incorrect!,center,"300","5000",left right,"",60%;60%;60%;60%;80%;80%;80%;80%,-170 -130; 170 -130; -170 130; 170 130; -170 -130; 170 -130; -170 130; 170 130,ITI;withStim,"","","","","82",search,Target3,neutral,-170 -130;170 -130;-170 130;170 130;-170 -130;170 -130;-170 130;170 130,700,42,"16.67",769627,right,49,"0",""
"223","1","1",test,"",b_round6,N2,N5,target3,right,left,right,left,left,.jpg,"700",correct: Correct!; incorrect: Incorrect!,center,"300","5000",left right,"",60%;60%;60%;60%;80%;80%;80%;80%,-170 -130; 170 -130; -170 130; 170 130; -170 -130; 170 -130; -170 130; 170 130,ITI;withStim,"","","","","59",search,Target3,blue,-170 -130;170 -130;-170 130;170 130;-170 -130;170 -130;-170 130;170 130,701,42,"16.66",770637,right,9,"0",""
"168","1","1",test,"",target1,N10,N12,r_square3,right,left,left,right,right,.jpg,"700",correct: Correct!; incorrect: Incorrect!,center,"300","5000",left right,"",60%;60%;60%;60%;80%;80%;80%;80%,-170 -130; 170 -130; -170 130; 170 130; -170 -130; 170 -130; -170 130; 170 130,ITI;withStim,"","","","","4",search,Target1,red,-170 -130;170 -130;-170 130;170 130;-170 -130;170 -130;-170 130;170 130,700,42,"16.65",771634,right,6,"1",""
"256","","",form,What information did you use to find the target during the search task?,"","","","","","","","","","","","","","","","",survey,"","","",radio,I only used color; I only used shape; I used color first and then shape; I used shape first and then color; I used color and shape at the same time,"1","1","",survey,"","","",0,42,"16.65",786891,I used color first and then shape,12623,"0","3"
"257","","",form,"How frequently did you use the color blue to find the target? (1 = least frequent, 5 = most frequent)","","","","","","","","","","","","","","","","",survey,"","","",slider,1_5_1; 1,"1","1","",survey,"","","",0,42,"16.67",786891,"2",12623,"0","2"
"258","","",form,How frequently did you use the color red to find the target?,"","","","","","","","","","","","","","","","",survey,"","","",slider,1_5_1; 1,"1","1","",survey,"","","",0,42,"16.68",786891,"3",12623,"0","3"
"259","","",form,How frequently did you use the color yellow to find the target?,"","","","","","","","","","","","","","","","",survey,"","","",slider,1_5_1; 1,"1","1","",survey,"","","",0,42,"16.67",786891,"2",12623,"0","2"
"260","","",form,"How focused were you over the course of this experiment?  (1 = Not at all, 9 = Very)","","","","","","","","","","","","","","","","",survey,"","","",slider,1_9_1; 1,"1","1","",survey,"","","",0,42,"16.67",786891,"7",12623,"0","7"