GMT_timestamp,local_timestamp,trial_file_version,link,duration_s
2024-09-08_11:15:47,2024-09-08_04:15:47,2024-08-26_14:42:27,https://www.testable.org/experiment/11000/568133/start?sona_id=116769,682.204

rowNo,random,randomBlock,type,head,stim1,stim2,stim3,stim4,stim5,stim6,stim7,stim8,key,stimFormat,ITI,feedback,feedbackOptions,feedbackTime,responseWindow,keyboard,title,stimSize,stimPos,fixation,responseType,responseOptions,required,separator,trial_num,tasks,cond_target,cond_level,stimPos_actual,ITI_ms,ITI_f,ITI_fDuration,timestamp,response,RT,correct,responseCode
"3","","",form,"Participant ID (Your initials and last four digits of student ID, e.g, XY5750)","","","","","","","","","","","","","","","","","","","","",comment,"","1","1","",demo,"","","",0,0,0,64072,BN6268,39921,"0",NA
"4","","",form,Age,"","","","","","","","","","","","","","","","","","","","",comment,"","1","1","",demo,"","","",0,"","",64072,"20",39921,"0",NA
"5","","",form,Date of Birth (MM/DD/YYYY),"","","","","","","","","","","","","","","","","","","","",comment,"","1","1","",demo,"","","",0,"","",64072,10/27/2003,39921,"0",NA
"6","","",form,Today's Date (MM/DD/YYYY),"","","","","","","","","","","","","","","","","","","","",comment,"","1","1","",demo,"","","",0,"","",64072,09/08/2024,39921,"0",NA
"7","","",form,Gender,"","","","","","","","","","","","","","","","","","","","",dropdown,Male; Female; Non Binary,"1","1","",demo,"","","",0,"","",64072,Male,39921,"0","1"
"8","","",form,Handedness,"","","","","","","","","","","","","","","","","","","","",dropdown,Right; Left,"1","1","",demo,"","","",0,"","",64072,Right,39921,"0","1"
"9","","",form,Ethnicity,"","","","","","","","","","","","","","","","","","","","",dropdown,Hispanic or Latino; Not hispanic or Latino,"1","1","",demo,"","","",0,"","",64072,Not hispanic or Latino,39921,"0","2"
"10","","",form,Race,"","","","","","","","","","","","","","","","","","","","",dropdown,American Inidan/ Alaskan tive; Asian; Other pacific Islander; Black or African American; White; More than One race; Not Listed,"1","1","",demo,"","","",0,"","",64072,Asian,39921,"0","2"
"37","1","",test,"",target1,"","","","","","","",y,.jpg,"700",correct: Correct!; incorrect: Incorrect!,center,"300","5000",y i,"",60%,"",ITI,"","","","","20",training,target1,target,"",701,"","",87510,y,540,"1",""
"39","1","",test,"",target1,"","","","","","","",y,.jpg,"700",correct: Correct!; incorrect: Incorrect!,center,"300","5000",y i,"",60%,"",ITI,"","","","","22",training,target1,target,"",701,0,0,89090,y,572,"1",""
"22","1","",test,"",y_cylinder1,"","","","","","","",i,.jpg,"700",correct: Correct!; incorrect: Incorrect!,center,"300","5000",y i,"",60%,"",ITI,"","","","","5",training,yellow,non target,"",701,0,0,90809,i,714,"1",""
"36","1","",test,"",target1,"","","","","","","",y,.jpg,"700",correct: Correct!; incorrect: Incorrect!,center,"300","5000",y i,"",60%,"",ITI,"","","","","19",training,target1,target,"",702,0,0,92340,y,521,"1",""
"48","1","",test,"",target3,"","","","","","","",y,.jpg,"700",correct: Correct!; incorrect: Incorrect!,center,"300","5000",y i,"",60%,"",ITI,"","","","","31",training,target3,target,"",701,0,0,94072,y,732,"1",""
"31","1","",test,"",b_round1,"","","","","","","",i,.jpg,"700",correct: Correct!; incorrect: Incorrect!,center,"300","5000",y i,"",60%,"",ITI,"","","","","14",training,blue,non target,"",701,0,0,95698,i,617,"1",""
"53","1","",test,"",target3,"","","","","","","",y,.jpg,"700",correct: Correct!; incorrect: Incorrect!,center,"300","5000",y i,"",60%,"",ITI,"","","","","36",training,target3,target,"",701,0,0,97495,y,795,"1",""
"27","1","",test,"",N4,"","","","","","","",i,.jpg,"700",correct: Correct!; incorrect: Incorrect!,center,"300","5000",y i,"",60%,"",ITI,"","","","","10",training,neutral,non target,"",702,0,0,99160,i,662,"1",""
"25","1","",test,"",N2,"","","","","","","",i,.jpg,"700",correct: Correct!; incorrect: Incorrect!,center,"300","5000",y i,"",60%,"",ITI,"","","","","8",training,neutral,non target,"",702,101,"6.94",100805,i,641,"1",""
"21","1","",test,"",r_irr1,"","","","","","","",i,.jpg,"700",correct: Correct!; incorrect: Incorrect!,center,"300","5000",y i,"",60%,"",ITI,"","","","","4",training,red,non target,"",702,101,"6.94",102390,i,586,"1",""
"47","1","",test,"",target2,"","","","","","","",y,.jpg,"700",correct: Correct!; incorrect: Incorrect!,center,"300","5000",y i,"",60%,"",ITI,"","","","","30",training,target2,target,"",702,101,"6.94",103941,y,554,"1",""
"18","1","",test,"",r_cylinder1,"","","","","","","",i,.jpg,"700",correct: Correct!; incorrect: Incorrect!,center,"300","5000",y i,"",60%,"",ITI,"","","","","1",training,red,non target,"",702,101,"6.95",105519,i,570,"1",""
"43","1","",test,"",target2,"","","","","","","",y,.jpg,"700",correct: Correct!; incorrect: Incorrect!,center,"300","5000",y i,"",60%,"",ITI,"","","","","26",training,target2,target,"",702,101,"6.94",107172,y,653,"1",""
"46","1","",test,"",target2,"","","","","","","",y,.jpg,"700",correct: Correct!; incorrect: Incorrect!,center,"300","5000",y i,"",60%,"",ITI,"","","","","29",training,target2,target,"",702,101,"6.94",108684,y,512,"1",""
"51","1","",test,"",target3,"","","","","","","",y,.jpg,"700",correct: Correct!; incorrect: Incorrect!,center,"300","5000",y i,"",60%,"",ITI,"","","","","34",training,target3,target,"",700,101,"6.94",110274,y,589,"1",""
"50","1","",test,"",target3,"","","","","","","",y,.jpg,"700",correct: Correct!; incorrect: Incorrect!,center,"300","5000",y i,"",60%,"",ITI,"","","","","33",training,target3,target,"",700,101,"6.95",111772,y,494,"1",""
"41","1","",test,"",target1,"","","","","","","",y,.jpg,"700",correct: Correct!; incorrect: Incorrect!,center,"300","5000",y i,"",60%,"",ITI,"","","","","24",training,target1,target,"",701,101,"6.95",113389,y,613,"1",""
"40","1","",test,"",target1,"","","","","","","",y,.jpg,"700",correct: Correct!; incorrect: Incorrect!,center,"300","5000",y i,"",60%,"",ITI,"","","","","23",training,target1,target,"",702,101,"6.95",114887,y,500,"1",""
"26","1","",test,"",N3,"","","","","","","",i,.jpg,"700",correct: Correct!; incorrect: Incorrect!,center,"300","5000",y i,"",60%,"",ITI,"","","","","9",training,neutral,non target,"",702,101,"6.95",116404,i,517,"1",""
"30","1","",test,"",b_cylinder1,"","","","","","","",i,.jpg,"700",correct: Correct!; incorrect: Incorrect!,center,"300","5000",y i,"",60%,"",ITI,"","","","","13",training,blue,non target,"",701,101,"6.95",118093,i,686,"1",""
"49","1","",test,"",target3,"","","","","","","",y,.jpg,"700",correct: Correct!; incorrect: Incorrect!,center,"300","5000",y i,"",60%,"",ITI,"","","","","32",training,target3,target,"",701,101,"6.95",119641,y,538,"1",""
"23","1","",test,"",y_round1,"","","","","","","",i,.jpg,"700",correct: Correct!; incorrect: Incorrect!,center,"300","5000",y i,"",60%,"",ITI,"","","","","6",training,yellow,non target,"",701,101,"6.95",121209,i,565,"1",""
"24","1","",test,"",N1,"","","","","","","",i,.jpg,"700",correct: Correct!; incorrect: Incorrect!,center,"300","5000",y i,"",60%,"",ITI,"","","","","7",training,neutral,non target,"",702,101,"6.93",122836,i,622,"1",""
"42","1","",test,"",target2,"","","","","","","",y,.jpg,"700",correct: Correct!; incorrect: Incorrect!,center,"300","5000",y i,"",60%,"",ITI,"","","","","25",training,target2,target,"",701,101,"6.93",124356,y,511,"1",""
"20","1","",test,"",r_square1,"","","","","","","",i,.jpg,"700",correct: Correct!; incorrect: Incorrect!,center,"300","5000",y i,"",60%,"",ITI,"","","","","3",training,red,non target,"",702,101,"6.94",125971,i,611,"1",""
"45","1","",test,"",target2,"","","","","","","",y,.jpg,"700",correct: Correct!; incorrect: Incorrect!,center,"300","5000",y i,"",60%,"",ITI,"","","","","28",training,target2,target,"",702,101,"6.95",127511,y,540,"1",""
"28","1","",test,"",N5,"","","","","","","",i,.jpg,"700",correct: Correct!; incorrect: Incorrect!,center,"300","5000",y i,"",60%,"",ITI,"","","","","11",training,neutral,non target,"",701,101,"6.95",129145,i,625,"1",""
"33","1","",test,"",b_irr1,"","","","","","","",i,.jpg,"700",correct: Correct!; incorrect: Incorrect!,center,"300","5000",y i,"",60%,"",ITI,"","","","","16",training,blue,non target,"",700,101,"6.94",130668,i,524,"1",""
"44","1","",test,"",target2,"","","","","","","",y,.jpg,"700",correct: Correct!; incorrect: Incorrect!,center,"300","5000",y i,"",60%,"",ITI,"","","","","27",training,target2,target,"",702,101,"6.94",132109,y,445,"1",""
"52","1","",test,"",target3,"","","","","","","",y,.jpg,"700",correct: Correct!; incorrect: Incorrect!,center,"300","5000",y i,"",60%,"",ITI,"","","","","35",training,target3,target,"",701,101,"6.94",133727,y,618,"1",""
"34","1","",test,"",y_square1,"","","","","","","",i,.jpg,"700",correct: Correct!; incorrect: Incorrect!,center,"300","5000",y i,"",60%,"",ITI,"","","","","17",training,yellow,non target,"",701,101,"6.95",135360,i,626,"1",""
"32","1","",test,"",b_square1,"","","","","","","",i,.jpg,"700",correct: Correct!; incorrect: Incorrect!,center,"300","5000",y i,"",60%,"",ITI,"","","","","15",training,blue,non target,"",702,101,"6.94",136929,i,563,"1",""
"38","1","",test,"",target1,"","","","","","","",y,.jpg,"700",correct: Correct!; incorrect: Incorrect!,center,"300","5000",y i,"",60%,"",ITI,"","","","","21",training,target1,target,"",701,101,"6.95",138477,y,548,"1",""
"35","1","",test,"",y_irr1,"","","","","","","",i,.jpg,"700",correct: Correct!; incorrect: Incorrect!,center,"300","5000",y i,"",60%,"",ITI,"","","","","18",training,yellow,non target,"",701,101,"6.95",139970,i,486,"1",""
"19","1","",test,"",r_round1,"","","","","","","",i,.jpg,"700",correct: Correct!; incorrect: Incorrect!,center,"300","5000",y i,"",60%,"",ITI,"","","","","2",training,red,non target,"",700,101,"6.94",141595,i,625,"1",""
"29","1","",test,"",N6,"","","","","","","",i,.jpg,"700",correct: Correct!; incorrect: Incorrect!,center,"300","5000",y i,"",60%,"",ITI,"","","","","12",training,neutral,non target,"",701,101,"6.93",143105,i,503,"1",""
"93","1","1",test,"",target2,N14,y_square2,N4,left,right,left,right,left,.jpg,"700",correct: Correct!; incorrect: Incorrect!,center,"300","5000",left right,"",60%;60%;60%;60%;80%;80%;80%;80%,-170 -130; 170 -130; -170 130; 170 130; -170 -130; 170 -130; -170 130; 170 130,ITI;withStim,"","","","","20",search,Target2,yellow,-170 -130;170 -130;-170 130;170 130;-170 -130;170 -130;-170 130;170 130,701,101,"6.95",247844,left,1067,"1",""
"151","1","1",test,"",N15,target2,N4,r_round5,right,left,left,right,left,.jpg,"700",correct: Correct!; incorrect: Incorrect!,center,"300","5000",left right,"",60%;60%;60%;60%;80%;80%;80%;80%,-170 -130; 170 -130; -170 130; 170 130; -170 -130; 170 -130; -170 130; 170 130,ITI;withStim,"","","","","78",search,Target2,red,-170 -130;170 -130;-170 130;170 130;-170 -130;170 -130;-170 130;170 130,702,101,"6.94",249976,left,1130,"1",""
"140","1","1",test,"",target1,b_round2,N20,N10,left,left,right,right,left,.jpg,"700",correct: Correct!; incorrect: Incorrect!,center,"300","5000",left right,"",60%;60%;60%;60%;80%;80%;80%;80%,-170 -130; 170 -130; -170 130; 170 130; -170 -130; 170 -130; -170 130; 170 130,ITI;withStim,"","","","","67",search,Target1,blue,-170 -130;170 -130;-170 130;170 130;-170 -130;170 -130;-170 130;170 130,701,101,"6.94",251908,left,924,"1",""
"109","1","1",test,"",N28,target2,y_cylinder2,N13,right,right,left,left,right,.jpg,"700",correct: Correct!; incorrect: Incorrect!,center,"300","5000",left right,"",60%;60%;60%;60%;80%;80%;80%;80%,-170 -130; 170 -130; -170 130; 170 130; -170 -130; 170 -130; -170 130; 170 130,ITI;withStim,"","","","","36",search,Target2,yellow,-170 -130;170 -130;-170 130;170 130;-170 -130;170 -130;-170 130;170 130,702,101,"6.95",253876,right,969,"1",""
"81","1","1",test,"",N4,N14,target2,N24,right,left,right,left,right,.jpg,"700",correct: Correct!; incorrect: Incorrect!,center,"300","5000",left right,"",60%;60%;60%;60%;80%;80%;80%;80%,-170 -130; 170 -130; -170 130; 170 130; -170 -130; 170 -130; -170 130; 170 130,ITI;withStim,"","","","","8",search,Target2,neutral,-170 -130;170 -130;-170 130;170 130;-170 -130;170 -130;-170 130;170 130,701,101,"6.94",255943,right,1064,"1",""
"80","1","1",test,"",b_cylinder4,N22,N4,target3,right,left,left,right,right,.jpg,"700",correct: Correct!; incorrect: Incorrect!,center,"300","5000",left right,"",60%;60%;60%;60%;80%;80%;80%;80%,-170 -130; 170 -130; -170 130; 170 130; -170 -130; 170 -130; -170 130; 170 130,ITI;withStim,"","","","","7",search,Target3,blue,-170 -130;170 -130;-170 130;170 130;-170 -130;170 -130;-170 130;170 130,702,101,"6.94",258265,right,1316,"1",""
"107","1","1",test,"",N8,target2,N18,N28,left,right,left,right,right,.jpg,"700",correct: Correct!; incorrect: Incorrect!,center,"300","5000",left right,"",60%;60%;60%;60%;80%;80%;80%;80%,-170 -130; 170 -130; -170 130; 170 130; -170 -130; 170 -130; -170 130; 170 130,ITI;withStim,"","","","","34",search,Target2,neutral,-170 -130;170 -130;-170 130;170 130;-170 -130;170 -130;-170 130;170 130,702,101,"6.93",260607,right,1332,"1",""
"138","1","1",test,"",N15,target2,N5,N25,left,right,right,left,right,.jpg,"700",correct: Correct!; incorrect: Incorrect!,center,"300","5000",left right,"",60%;60%;60%;60%;80%;80%;80%;80%,-170 -130; 170 -130; -170 130; 170 130; -170 -130; 170 -130; -170 130; 170 130,ITI;withStim,"","","","","65",search,Target2,neutral,-170 -130;170 -130;-170 130;170 130;-170 -130;170 -130;-170 130;170 130,701,101,"6.94",262604,right,989,"1",""
"111","1","1",test,"",N4,N24,N14,target1,left,right,left,right,right,.jpg,"700",correct: Correct!; incorrect: Incorrect!,center,"300","5000",left right,"",60%;60%;60%;60%;80%;80%;80%;80%,-170 -130; 170 -130; -170 130; 170 130; -170 -130; 170 -130; -170 130; 170 130,ITI;withStim,"","","","","38",search,Target1,neutral,-170 -130;170 -130;-170 130;170 130;-170 -130;170 -130;-170 130;170 130,701,0,0,264604,left,1002,"0",""
"108","1","1",test,"",target2,N5,r_square4,N15,left,right,right,left,left,.jpg,"700",correct: Correct!; incorrect: Incorrect!,center,"300","5000",left right,"",60%;60%;60%;60%;80%;80%;80%;80%,-170 -130; 170 -130; -170 130; 170 130; -170 -130; 170 -130; -170 130; 170 130,ITI;withStim,"","","","","35",search,Target2,red,-170 -130;170 -130;-170 130;170 130;-170 -130;170 -130;-170 130;170 130,701,0,0,266506,left,904,"1",""
"110","1","1",test,"",r_round1,target1,N7,N15,right,left,right,left,left,.jpg,"700",correct: Correct!; incorrect: Incorrect!,center,"300","5000",left right,"",60%;60%;60%;60%;80%;80%;80%;80%,-170 -130; 170 -130; -170 130; 170 130; -170 -130; 170 -130; -170 130; 170 130,ITI;withStim,"","","","","37",search,Target1,red,-170 -130;170 -130;-170 130;170 130;-170 -130;170 -130;-170 130;170 130,701,0,0,268495,left,990,"1",""
"79","1","1",test,"",N10,N3,target1,r_round2,left,right,left,right,left,.jpg,"700",correct: Correct!; incorrect: Incorrect!,center,"300","5000",left right,"",60%;60%;60%;60%;80%;80%;80%;80%,-170 -130; 170 -130; -170 130; 170 130; -170 -130; 170 -130; -170 130; 170 130,ITI;withStim,"","","","","6",search,Target1,red,-170 -130;170 -130;-170 130;170 130;-170 -130;170 -130;-170 130;170 130,701,0,0,270414,left,910,"1",""
"124","1","1",test,"",N18,target3,b_square4,N6,right,left,left,right,left,.jpg,"700",correct: Correct!; incorrect: Incorrect!,center,"300","5000",left right,"",60%;60%;60%;60%;80%;80%;80%;80%,-170 -130; 170 -130; -170 130; 170 130; -170 -130; 170 -130; -170 130; 170 130,ITI;withStim,"","","","","51",search,Target3,blue,-170 -130;170 -130;-170 130;170 130;-170 -130;170 -130;-170 130;170 130,701,101,"6.94",272529,left,1106,"1",""
"96","1","1",test,"",target2,N9,N19,N29,left,left,right,right,left,.jpg,"700",correct: Correct!; incorrect: Incorrect!,center,"300","5000",left right,"",60%;60%;60%;60%;80%;80%;80%;80%,-170 -130; 170 -130; -170 130; 170 130; -170 -130; 170 -130; -170 130; 170 130,ITI;withStim,"","","","","23",search,Target2,neutral,-170 -130;170 -130;-170 130;170 130;-170 -130;170 -130;-170 130;170 130,701,101,"6.95",274373,left,841,"1",""
"97","1","1",test,"",N5,N6,target3,b_square5,right,right,left,left,left,.jpg,"700",correct: Correct!; incorrect: Incorrect!,center,"300","5000",left right,"",60%;60%;60%;60%;80%;80%;80%;80%,-170 -130; 170 -130; -170 130; 170 130; -170 -130; 170 -130; -170 130; 170 130,ITI;withStim,"","","","","24",search,Target3,blue,-170 -130;170 -130;-170 130;170 130;-170 -130;170 -130;-170 130;170 130,701,101,"6.94",276267,left,887,"1",""
"137","1","1",test,"",N9,target2,y_square1,N8,left,left,right,right,left,.jpg,"700",correct: Correct!; incorrect: Incorrect!,center,"300","5000",left right,"",60%;60%;60%;60%;80%;80%;80%;80%,-170 -130; 170 -130; -170 130; 170 130; -170 -130; 170 -130; -170 130; 170 130,ITI;withStim,"","","","","64",search,Target2,yellow,-170 -130;170 -130;-170 130;170 130;-170 -130;170 -130;-170 130;170 130,701,101,"6.95",278168,left,899,"1",""
"85","1","1",test,"",y_square4,N15,N16,target3,left,left,right,right,right,.jpg,"700",correct: Correct!; incorrect: Incorrect!,center,"300","5000",left right,"",60%;60%;60%;60%;80%;80%;80%;80%,-170 -130; 170 -130; -170 130; 170 130; -170 -130; 170 -130; -170 130; 170 130,ITI;withStim,"","","","","12",search,Target3,yellow,-170 -130;170 -130;-170 130;170 130;-170 -130;170 -130;-170 130;170 130,701,101,"6.94",280147,right,976,"1",""
"95","1","1",test,"",N12,target2,y_round3,N22,left,right,left,right,right,.jpg,"700",correct: Correct!; incorrect: Incorrect!,center,"300","5000",left right,"",60%;60%;60%;60%;80%;80%;80%;80%,-170 -130; 170 -130; -170 130; 170 130; -170 -130; 170 -130; -170 130; 170 130,ITI;withStim,"","","","","22",search,Target2,yellow,-170 -130;170 -130;-170 130;170 130;-170 -130;170 -130;-170 130;170 130,701,101,"6.95",282404,right,1254,"1",""
"157","1","1",test,"",N19,N12,r_cylinder4,target2,left,right,right,left,left,.jpg,"700",correct: Correct!; incorrect: Incorrect!,center,"300","5000",left right,"",60%;60%;60%;60%;80%;80%;80%;80%,-170 -130; 170 -130; -170 130; 170 130; -170 -130; 170 -130; -170 130; 170 130,ITI;withStim,"","","","","84",search,Target2,red,-170 -130;170 -130;-170 130;170 130;-170 -130;170 -130;-170 130;170 130,702,101,"6.95",284696,left,1289,"1",""
"113","1","1",test,"",N16,N26,target2,N6,left,right,left,right,left,.jpg,"700",correct: Correct!; incorrect: Incorrect!,center,"300","5000",left right,"",60%;60%;60%;60%;80%;80%;80%;80%,-170 -130; 170 -130; -170 130; 170 130; -170 -130; 170 -130; -170 130; 170 130,ITI;withStim,"","","","","40",search,Target2,neutral,-170 -130;170 -130;-170 130;170 130;-170 -130;170 -130;-170 130;170 130,702,101,"6.94",286609,left,902,"1",""
"90","1","1",test,"",N10,N25,target3,b_round4,left,right,right,left,right,.jpg,"700",correct: Correct!; incorrect: Incorrect!,center,"300","5000",left right,"",60%;60%;60%;60%;80%;80%;80%;80%,-170 -130; 170 -130; -170 130; 170 130; -170 -130; 170 -130; -170 130; 170 130,ITI;withStim,"","","","","17",search,Target3,blue,-170 -130;170 -130;-170 130;170 130;-170 -130;170 -130;-170 130;170 130,702,101,"6.94",288703,right,1087,"1",""
"161","1","1",test,"",N26,b_cylinder2,target1,N9,right,left,left,right,left,.jpg,"700",correct: Correct!; incorrect: Incorrect!,center,"300","5000",left right,"",60%;60%;60%;60%;80%;80%;80%;80%,-170 -130; 170 -130; -170 130; 170 130; -170 -130; 170 -130; -170 130; 170 130,ITI;withStim,"","","","","88",search,Target1,blue,-170 -130;170 -130;-170 130;170 130;-170 -130;170 -130;-170 130;170 130,701,101,"6.94",290604,left,897,"1",""
"102","1","1",test,"",target1,r_square2,N11,N9,left,right,right,left,left,.jpg,"700",correct: Correct!; incorrect: Incorrect!,center,"300","5000",left right,"",60%;60%;60%;60%;80%;80%;80%;80%,-170 -130; 170 -130; -170 130; 170 130; -170 -130; 170 -130; -170 130; 170 130,ITI;withStim,"","","","","29",search,Target1,red,-170 -130;170 -130;-170 130;170 130;-170 -130;170 -130;-170 130;170 130,701,101,"6.94",292563,left,962,"1",""
"159","1","1",test,"",target3,y_square6,N20,N21,right,right,left,left,right,.jpg,"700",correct: Correct!; incorrect: Incorrect!,center,"300","5000",left right,"",60%;60%;60%;60%;80%;80%;80%;80%,-170 -130; 170 -130; -170 130; 170 130; -170 -130; 170 -130; -170 130; 170 130,ITI;withStim,"","","","","86",search,Target3,yellow,-170 -130;170 -130;-170 130;170 130;-170 -130;170 -130;-170 130;170 130,702,101,"6.94",294515,right,947,"1",""
"87","1","1",test,"",y_cylinder5,target3,N16,N11,right,left,right,left,left,.jpg,"700",correct: Correct!; incorrect: Incorrect!,center,"300","5000",left right,"",60%;60%;60%;60%;80%;80%;80%;80%,-170 -130; 170 -130; -170 130; 170 130; -170 -130; 170 -130; -170 130; 170 130,ITI;withStim,"","","","","14",search,Target3,yellow,-170 -130;170 -130;-170 130;170 130;-170 -130;170 -130;-170 130;170 130,701,101,"6.94",296370,left,851,"1",""
"163","1","1",test,"",b_irr1,N9,target1,N20,left,right,right,left,right,.jpg,"700",correct: Correct!; incorrect: Incorrect!,center,"300","5000",left right,"",60%;60%;60%;60%;80%;80%;80%;80%,-170 -130; 170 -130; -170 130; 170 130; -170 -130; 170 -130; -170 130; 170 130,ITI;withStim,"","","","","90",search,Target1,blue,-170 -130;170 -130;-170 130;170 130;-170 -130;170 -130;-170 130;170 130,702,101,"6.94",298539,right,1166,"1",""
"105","1","1",test,"",N26,N6,N16,target1,right,left,left,right,right,.jpg,"700",correct: Correct!; incorrect: Incorrect!,center,"300","5000",left right,"",60%;60%;60%;60%;80%;80%;80%;80%,-170 -130; 170 -130; -170 130; 170 130; -170 -130; 170 -130; -170 130; 170 130,ITI;withStim,"","","","","32",search,Target1,neutral,-170 -130;170 -130;-170 130;170 130;-170 -130;170 -130;-170 130;170 130,701,101,"6.94",300567,right,1021,"1",""
"78","1","1",test,"",target3,N21,b_cylinder6,N16,left,right,right,left,left,.jpg,"700",correct: Correct!; incorrect: Incorrect!,center,"300","5000",left right,"",60%;60%;60%;60%;80%;80%;80%;80%,-170 -130; 170 -130; -170 130; 170 130; -170 -130; 170 -130; -170 130; 170 130,ITI;withStim,"","","","","5",search,Target3,blue,-170 -130;170 -130;-170 130;170 130;-170 -130;170 -130;-170 130;170 130,702,101,"6.94",302374,left,800,"1",""
"160","1","1",test,"",b_square6,target3,N10,N15,right,right,left,left,right,.jpg,"700",correct: Correct!; incorrect: Incorrect!,center,"300","5000",left right,"",60%;60%;60%;60%;80%;80%;80%;80%,-170 -130; 170 -130; -170 130; 170 130; -170 -130; 170 -130; -170 130; 170 130,ITI;withStim,"","","","","87",search,Target3,blue,-170 -130;170 -130;-170 130;170 130;-170 -130;170 -130;-170 130;170 130,701,101,"6.94",304114,right,734,"1",""
"155","1","1",test,"",N16,N26,N6,target3,right,right,left,left,left,.jpg,"700",correct: Correct!; incorrect: Incorrect!,center,"300","5000",left right,"",60%;60%;60%;60%;80%;80%;80%;80%,-170 -130; 170 -130; -170 130; 170 130; -170 -130; 170 -130; -170 130; 170 130,ITI;withStim,"","","","","82",search,Target3,neutral,-170 -130;170 -130;-170 130;170 130;-170 -130;170 -130;-170 130;170 130,701,101,"6.94",305807,left,684,"1",""
"162","1","1",test,"",N23,N3,N13,target3,left,left,right,right,right,.jpg,"700",correct: Correct!; incorrect: Incorrect!,center,"300","5000",left right,"",60%;60%;60%;60%;80%;80%;80%;80%,-170 -130; 170 -130; -170 130; 170 130; -170 -130; 170 -130; -170 130; 170 130,ITI;withStim,"","","","","89",search,Target3,neutral,-170 -130;170 -130;-170 130;170 130;-170 -130;170 -130;-170 130;170 130,701,101,"6.95",307567,right,757,"1",""
"94","1","1",test,"",target1,N17,N27,N7,right,right,left,left,right,.jpg,"700",correct: Correct!; incorrect: Incorrect!,center,"300","5000",left right,"",60%;60%;60%;60%;80%;80%;80%;80%,-170 -130; 170 -130; -170 130; 170 130; -170 -130; 170 -130; -170 130; 170 130,ITI;withStim,"","","","","21",search,Target1,neutral,-170 -130;170 -130;-170 130;170 130;-170 -130;170 -130;-170 130;170 130,702,101,"6.95",309380,right,813,"1",""
"114","1","1",test,"",r_cylinder6,target2,N16,N15,right,left,right,left,left,.jpg,"700",correct: Correct!; incorrect: Incorrect!,center,"300","5000",left right,"",60%;60%;60%;60%;80%;80%;80%;80%,-170 -130; 170 -130; -170 130; 170 130; -170 -130; 170 -130; -170 130; 170 130,ITI;withStim,"","","","","41",search,Target2,red,-170 -130;170 -130;-170 130;170 130;-170 -130;170 -130;-170 130;170 130,701,101,"6.95",311791,left,1411,"1",""
"131","1","1",test,"",N3,N16,y_round5,target3,right,right,left,left,left,.jpg,"700",correct: Correct!; incorrect: Incorrect!,center,"300","5000",left right,"",60%;60%;60%;60%;80%;80%;80%;80%,-170 -130; 170 -130; -170 130; 170 130; -170 -130; 170 -130; -170 130; 170 130,ITI;withStim,"","","","","58",search,Target3,yellow,-170 -130;170 -130;-170 130;170 130;-170 -130;170 -130;-170 130;170 130,702,101,"6.94",313590,left,800,"1",""
"142","1","1",test,"",target3,N26,N29,b_round5,left,right,left,right,left,.jpg,"700",correct: Correct!; incorrect: Incorrect!,center,"300","5000",left right,"",60%;60%;60%;60%;80%;80%;80%;80%,-170 -130; 170 -130; -170 130; 170 130; -170 -130; 170 -130; -170 130; 170 130,ITI;withStim,"","","","","69",search,Target3,blue,-170 -130;170 -130;-170 130;170 130;-170 -130;170 -130;-170 130;170 130,701,101,"6.94",315356,left,761,"1",""
"75","1","1",test,"",N12,r_cylinder1,target1,N15,right,left,left,right,left,.jpg,"700",correct: Correct!; incorrect: Incorrect!,center,"300","5000",left right,"",60%;60%;60%;60%;80%;80%;80%;80%,-170 -130; 170 -130; -170 130; 170 130; -170 -130; 170 -130; -170 130; 170 130,ITI;withStim,"","","","","2",search,Target1,red,-170 -130;170 -130;-170 130;170 130;-170 -130;170 -130;-170 130;170 130,701,101,"6.95",317182,left,823,"1",""
"156","1","1",test,"",N5,y_cylinder4,target3,N2,left,right,right,left,right,.jpg,"700",correct: Correct!; incorrect: Incorrect!,center,"300","5000",left right,"",60%;60%;60%;60%;80%;80%;80%;80%,-170 -130; 170 -130; -170 130; 170 130; -170 -130; 170 -130; -170 130; 170 130,ITI;withStim,"","","","","83",search,Target3,yellow,-170 -130;170 -130;-170 130;170 130;-170 -130;170 -130;-170 130;170 130,701,101,"6.94",319067,right,883,"1",""
"118","1","1",test,"",N11,target1,b_round3,N9,right,right,left,left,right,.jpg,"700",correct: Correct!; incorrect: Incorrect!,center,"300","5000",left right,"",60%;60%;60%;60%;80%;80%;80%;80%,-170 -130; 170 -130; -170 130; 170 130; -170 -130; 170 -130; -170 130; 170 130,ITI;withStim,"","","","","45",search,Target1,blue,-170 -130;170 -130;-170 130;170 130;-170 -130;170 -130;-170 130;170 130,701,101,"6.95",320950,right,882,"1",""
"147","1","1",test,"",N3,N23,N13,target1,left,right,right,left,left,.jpg,"700",correct: Correct!; incorrect: Incorrect!,center,"300","5000",left right,"",60%;60%;60%;60%;80%;80%;80%;80%,-170 -130; 170 -130; -170 130; 170 130; -170 -130; 170 -130; -170 130; 170 130,ITI;withStim,"","","","","74",search,Target1,neutral,-170 -130;170 -130;-170 130;170 130;-170 -130;170 -130;-170 130;170 130,702,101,"6.94",323147,left,1191,"1",""
"154","1","1",test,"",N2,N3,target1,b_square2,right,left,right,left,right,.jpg,"700",correct: Correct!; incorrect: Incorrect!,center,"300","5000",left right,"",60%;60%;60%;60%;80%;80%;80%;80%,-170 -130; 170 -130; -170 130; 170 130; -170 -130; 170 -130; -170 130; 170 130,ITI;withStim,"","","","","81",search,Target1,blue,-170 -130;170 -130;-170 130;170 130;-170 -130;170 -130;-170 130;170 130,701,101,"6.95",325051,right,900,"1",""
"135","1","1",test,"",N18,target3,N28,N8,right,left,left,right,left,.jpg,"700",correct: Correct!; incorrect: Incorrect!,center,"300","5000",left right,"",60%;60%;60%;60%;80%;80%;80%;80%,-170 -130; 170 -130; -170 130; 170 130; -170 -130; 170 -130; -170 130; 170 130,ITI;withStim,"","","","","62",search,Target3,neutral,-170 -130;170 -130;-170 130;170 130;-170 -130;170 -130;-170 130;170 130,701,101,"6.94",326783,left,729,"1",""
"146","1","1",test,"",target3,N9,y_square5,N3,right,left,left,right,right,.jpg,"700",correct: Correct!; incorrect: Incorrect!,center,"300","5000",left right,"",60%;60%;60%;60%;80%;80%;80%;80%,-170 -130; 170 -130; -170 130; 170 130; -170 -130; 170 -130; -170 130; 170 130,ITI;withStim,"","","","","73",search,Target3,yellow,-170 -130;170 -130;-170 130;170 130;-170 -130;170 -130;-170 130;170 130,701,101,"6.94",328492,right,702,"1",""
"116","1","1",test,"",N6,N20,y_cylinder3,target2,left,right,right,left,left,.jpg,"700",correct: Correct!; incorrect: Incorrect!,center,"300","5000",left right,"",60%;60%;60%;60%;80%;80%;80%;80%,-170 -130; 170 -130; -170 130; 170 130; -170 -130; 170 -130; -170 130; 170 130,ITI;withStim,"","","","","43",search,Target2,yellow,-170 -130;170 -130;-170 130;170 130;-170 -130;170 -130;-170 130;170 130,701,101,"6.94",330645,left,1147,"1",""
"120","1","1",test,"",target2,N2,N12,N22,right,right,left,left,right,.jpg,"700",correct: Correct!; incorrect: Incorrect!,center,"300","5000",left right,"",60%;60%;60%;60%;80%;80%;80%;80%,-170 -130; 170 -130; -170 130; 170 130; -170 -130; 170 -130; -170 130; 170 130,ITI;withStim,"","","","","47",search,Target2,neutral,-170 -130;170 -130;-170 130;170 130;-170 -130;170 -130;-170 130;170 130,701,101,"6.95",332354,right,703,"1",""
"145","1","1",test,"",N22,target3,N2,N12,left,right,left,right,right,.jpg,"700",correct: Correct!; incorrect: Incorrect!,center,"300","5000",left right,"",60%;60%;60%;60%;80%;80%;80%;80%,-170 -130; 170 -130; -170 130; 170 130; -170 -130; 170 -130; -170 130; 170 130,ITI;withStim,"","","","","72",search,Target3,neutral,-170 -130;170 -130;-170 130;170 130;-170 -130;170 -130;-170 130;170 130,701,101,"6.94",334419,right,1068,"1",""
"148","1","1",test,"",N4,y_round6,N12,target3,left,left,right,right,right,.jpg,"700",correct: Correct!; incorrect: Incorrect!,center,"300","5000",left right,"",60%;60%;60%;60%;80%;80%;80%;80%,-170 -130; 170 -130; -170 130; 170 130; -170 -130; 170 -130; -170 130; 170 130,ITI;withStim,"","","","","75",search,Target3,yellow,-170 -130;170 -130;-170 130;170 130;-170 -130;170 -130;-170 130;170 130,702,101,"6.95",336445,right,1024,"1",""
"103","1","1",test,"",target2,N11,N1,N21,right,right,left,left,right,.jpg,"700",correct: Correct!; incorrect: Incorrect!,center,"300","5000",left right,"",60%;60%;60%;60%;80%;80%;80%;80%,-170 -130; 170 -130; -170 130; 170 130; -170 -130; 170 -130; -170 130; 170 130,ITI;withStim,"","","","","30",search,Target2,neutral,-170 -130;170 -130;-170 130;170 130;-170 -130;170 -130;-170 130;170 130,702,101,"6.94",338299,right,843,"1",""
"100","1","1",test,"",target1,N19,N29,N9,right,left,left,right,right,.jpg,"700",correct: Correct!; incorrect: Incorrect!,center,"300","5000",left right,"",60%;60%;60%;60%;80%;80%;80%;80%,-170 -130; 170 -130; -170 130; 170 130; -170 -130; 170 -130; -170 130; 170 130,ITI;withStim,"","","","","27",search,Target1,neutral,-170 -130;170 -130;-170 130;170 130;-170 -130;170 -130;-170 130;170 130,701,101,"6.94",340097,right,794,"1",""
"104","1","1",test,"",N1,target3,N21,N11,left,right,right,left,right,.jpg,"700",correct: Correct!; incorrect: Incorrect!,center,"300","5000",left right,"",60%;60%;60%;60%;80%;80%;80%;80%,-170 -130; 170 -130; -170 130; 170 130; -170 -130; 170 -130; -170 130; 170 130,ITI;withStim,"","","","","31",search,Target3,neutral,-170 -130;170 -130;-170 130;170 130;-170 -130;170 -130;-170 130;170 130,702,101,"6.94",341902,right,800,"1",""
"99","1","1",test,"",N7,target1,b_cylinder1,N12,right,left,right,left,left,.jpg,"700",correct: Correct!; incorrect: Incorrect!,center,"300","5000",left right,"",60%;60%;60%;60%;80%;80%;80%;80%,-170 -130; 170 -130; -170 130; 170 130; -170 -130; 170 -130; -170 130; 170 130,ITI;withStim,"","","","","26",search,Target1,blue,-170 -130;170 -130;-170 130;170 130;-170 -130;170 -130;-170 130;170 130,701,101,"6.94",343561,left,662,"1",""
"106","1","1",test,"",N6,target1,N13,b_round1,left,left,right,right,left,.jpg,"700",correct: Correct!; incorrect: Incorrect!,center,"300","5000",left right,"",60%;60%;60%;60%;80%;80%;80%;80%,-170 -130; 170 -130; -170 130; 170 130; -170 -130; 170 -130; -170 130; 170 130,ITI;withStim,"","","","","33",search,Target1,blue,-170 -130;170 -130;-170 130;170 130;-170 -130;170 -130;-170 130;170 130,702,101,"6.95",345173,left,606,"1",""
"130","1","1",test,"",target1,r_square1,N7,N5,right,right,left,left,right,.jpg,"700",correct: Correct!; incorrect: Incorrect!,center,"300","5000",left right,"",60%;60%;60%;60%;80%;80%;80%;80%,-170 -130; 170 -130; -170 130; 170 130; -170 -130; 170 -130; -170 130; 170 130,ITI;withStim,"","","","","57",search,Target1,red,-170 -130;170 -130;-170 130;170 130;-170 -130;170 -130;-170 130;170 130,702,101,"6.94",346875,right,696,"1",""
"125","1","1",test,"",y_cylinder6,N12,N6,target3,right,left,right,left,left,.jpg,"700",correct: Correct!; incorrect: Incorrect!,center,"300","5000",left right,"",60%;60%;60%;60%;80%;80%;80%;80%,-170 -130; 170 -130; -170 130; 170 130; -170 -130; 170 -130; -170 130; 170 130,ITI;withStim,"","","","","52",search,Target3,yellow,-170 -130;170 -130;-170 130;170 130;-170 -130;170 -130;-170 130;170 130,701,101,"6.94",349036,left,1156,"1",""
"144","1","1",test,"",N5,N15,target3,N25,right,right,left,left,left,.jpg,"700",correct: Correct!; incorrect: Incorrect!,center,"300","5000",left right,"",60%;60%;60%;60%;80%;80%;80%;80%,-170 -130; 170 -130; -170 130; 170 130; -170 -130; 170 -130; -170 130; 170 130,ITI;withStim,"","","","","71",search,Target3,neutral,-170 -130;170 -130;-170 130;170 130;-170 -130;170 -130;-170 130;170 130,701,101,"6.94",350852,left,813,"1",""
"152","1","1",test,"",target3,b_cylinder5,N2,N15,right,left,right,left,right,.jpg,"700",correct: Correct!; incorrect: Incorrect!,center,"300","5000",left right,"",60%;60%;60%;60%;80%;80%;80%;80%,-170 -130; 170 -130; -170 130; 170 130; -170 -130; 170 -130; -170 130; 170 130,ITI;withStim,"","","","","79",search,Target3,blue,-170 -130;170 -130;-170 130;170 130;-170 -130;170 -130;-170 130;170 130,702,101,"6.94",352487,right,628,"1",""
"101","1","1",test,"",N10,N30,target3,N20,right,left,left,right,left,.jpg,"700",correct: Correct!; incorrect: Incorrect!,center,"300","5000",left right,"",60%;60%;60%;60%;80%;80%;80%;80%,-170 -130; 170 -130; -170 130; 170 130; -170 -130; 170 -130; -170 130; 170 130,ITI;withStim,"","","","","28",search,Target3,neutral,-170 -130;170 -130;-170 130;170 130;-170 -130;170 -130;-170 130;170 130,701,101,"6.94",354284,left,793,"1",""
"91","1","1",test,"",b_square1,N2,target1,N6,right,right,left,left,left,.jpg,"700",correct: Correct!; incorrect: Incorrect!,center,"300","5000",left right,"",60%;60%;60%;60%;80%;80%;80%;80%,-170 -130; 170 -130; -170 130; 170 130; -170 -130; 170 -130; -170 130; 170 130,ITI;withStim,"","","","","18",search,Target1,blue,-170 -130;170 -130;-170 130;170 130;-170 -130;170 -130;-170 130;170 130,701,101,"6.94",356148,left,866,"1",""
"83","1","1",test,"",target1,N15,N5,N25,right,left,right,left,right,.jpg,"700",correct: Correct!; incorrect: Incorrect!,center,"300","5000",left right,"",60%;60%;60%;60%;80%;80%;80%;80%,-170 -130; 170 -130; -170 130; 170 130; -170 -130; 170 -130; -170 130; 170 130,ITI;withStim,"","","","","10",search,Target1,neutral,-170 -130;170 -130;-170 130;170 130;-170 -130;170 -130;-170 130;170 130,701,101,"6.95",357803,right,652,"1",""
"89","1","1",test,"",N11,N2,target1,b_cylinder3,left,right,left,right,left,.jpg,"700",correct: Correct!; incorrect: Incorrect!,center,"300","5000",left right,"",60%;60%;60%;60%;80%;80%;80%;80%,-170 -130; 170 -130; -170 130; 170 130; -170 -130; 170 -130; -170 130; 170 130,ITI;withStim,"","","","","16",search,Target1,blue,-170 -130;170 -130;-170 130;170 130;-170 -130;170 -130;-170 130;170 130,702,101,"6.95",359456,left,646,"1",""
"126","1","1",test,"",N6,r_cylinder3,N7,target1,left,right,left,right,right,.jpg,"700",correct: Correct!; incorrect: Incorrect!,center,"300","5000",left right,"",60%;60%;60%;60%;80%;80%;80%;80%,-170 -130; 170 -130; -170 130; 170 130; -170 -130; 170 -130; -170 130; 170 130,ITI;withStim,"","","","","53",search,Target1,red,-170 -130;170 -130;-170 130;170 130;-170 -130;170 -130;-170 130;170 130,702,101,"6.94",361332,right,869,"1",""
"153","1","1",test,"",N8,N28,target1,N18,right,right,left,left,left,.jpg,"700",correct: Correct!; incorrect: Incorrect!,center,"300","5000",left right,"",60%;60%;60%;60%;80%;80%;80%;80%,-170 -130; 170 -130; -170 130; 170 130; -170 -130; 170 -130; -170 130; 170 130,ITI;withStim,"","","","","80",search,Target1,neutral,-170 -130;170 -130;-170 130;170 130;-170 -130;170 -130;-170 130;170 130,701,101,"6.95",362927,left,596,"1",""
"150","1","1",test,"",b_square3,N9,target1,N17,right,left,left,right,left,.jpg,"700",correct: Correct!; incorrect: Incorrect!,center,"300","5000",left right,"",60%;60%;60%;60%;80%;80%;80%;80%,-170 -130; 170 -130; -170 130; 170 130; -170 -130; 170 -130; -170 130; 170 130,ITI;withStim,"","","","","77",search,Target1,blue,-170 -130;170 -130;-170 130;170 130;-170 -130;170 -130;-170 130;170 130,702,101,"6.94",364686,left,750,"1",""
"121","1","1",test,"",N21,N1,N11,target1,left,left,right,right,right,.jpg,"700",correct: Correct!; incorrect: Incorrect!,center,"300","5000",left right,"",60%;60%;60%;60%;80%;80%;80%;80%,-170 -130; 170 -130; -170 130; 170 130; -170 -130; 170 -130; -170 130; 170 130,ITI;withStim,"","","","","48",search,Target1,neutral,-170 -130;170 -130;-170 130;170 130;-170 -130;170 -130;-170 130;170 130,702,101,"6.95",366618,right,933,"1",""
"86","1","1",test,"",target2,N10,N20,N30,left,left,right,right,left,.jpg,"700",correct: Correct!; incorrect: Incorrect!,center,"300","5000",left right,"",60%;60%;60%;60%;80%;80%;80%;80%,-170 -130; 170 -130; -170 130; 170 130; -170 -130; 170 -130; -170 130; 170 130,ITI;withStim,"","","","","13",search,Target2,neutral,-170 -130;170 -130;-170 130;170 130;-170 -130;170 -130;-170 130;170 130,701,101,"6.95",368405,left,783,"1",""
"134","1","1",test,"",target2,N5,y_irr1,N10,right,left,left,right,right,.jpg,"700",correct: Correct!; incorrect: Incorrect!,center,"300","5000",left right,"",60%;60%;60%;60%;80%;80%;80%;80%,-170 -130; 170 -130; -170 130; 170 130; -170 -130; 170 -130; -170 130; 170 130,ITI;withStim,"","","","","61",search,Target2,yellow,-170 -130;170 -130;-170 130;170 130;-170 -130;170 -130;-170 130;170 130,701,101,"6.94",370174,right,759,"1",""
"143","1","1",test,"",N14,target3,b_irr2,N6,left,right,left,right,right,.jpg,"700",correct: Correct!; incorrect: Incorrect!,center,"300","5000",left right,"",60%;60%;60%;60%;80%;80%;80%;80%,-170 -130; 170 -130; -170 130; 170 130; -170 -130; 170 -130; -170 130; 170 130,ITI;withStim,"","","","","70",search,Target3,blue,-170 -130;170 -130;-170 130;170 130;-170 -130;170 -130;-170 130;170 130,701,101,"6.94",372104,right,925,"1",""
"122","1","1",test,"",target2,N17,N27,N7,left,right,right,left,left,.jpg,"700",correct: Correct!; incorrect: Incorrect!,center,"300","5000",left right,"",60%;60%;60%;60%;80%;80%;80%;80%,-170 -130; 170 -130; -170 130; 170 130; -170 -130; 170 -130; -170 130; 170 130,ITI;withStim,"","","","","49",search,Target2,neutral,-170 -130;170 -130;-170 130;170 130;-170 -130;170 -130;-170 130;170 130,702,101,"6.95",373806,left,697,"1",""
"76","1","1",test,"",N17,target2,r_round6,N7,left,right,left,right,right,.jpg,"700",correct: Correct!; incorrect: Incorrect!,center,"300","5000",left right,"",60%;60%;60%;60%;80%;80%;80%;80%,-170 -130; 170 -130; -170 130; 170 130; -170 -130; 170 -130; -170 130; 170 130,ITI;withStim,"","","","","3",search,Target2,red,-170 -130;170 -130;-170 130;170 130;-170 -130;170 -130;-170 130;170 130,701,101,"6.94",375644,right,834,"1",""
"77","1","1",test,"",target1,N10,N12,r_square3,right,left,left,right,right,.jpg,"700",correct: Correct!; incorrect: Incorrect!,center,"300","5000",left right,"",60%;60%;60%;60%;80%;80%;80%;80%,-170 -130; 170 -130; -170 130; 170 130; -170 -130; 170 -130; -170 130; 170 130,ITI;withStim,"","","","","4",search,Target1,red,-170 -130;170 -130;-170 130;170 130;-170 -130;170 -130;-170 130;170 130,701,101,"6.94",377536,right,885,"1",""
"128","1","1",test,"",N19,N29,N9,target3,right,left,right,left,left,.jpg,"700",correct: Correct!; incorrect: Incorrect!,center,"300","5000",left right,"",60%;60%;60%;60%;80%;80%;80%;80%,-170 -130; 170 -130; -170 130; 170 130; -170 -130; 170 -130; -170 130; 170 130,ITI;withStim,"","","","","55",search,Target3,neutral,-170 -130;170 -130;-170 130;170 130;-170 -130;170 -130;-170 130;170 130,702,101,"6.94",379381,left,842,"1",""
"82","1","1",test,"",N26,y_round4,target3,N15,left,right,left,right,left,.jpg,"700",correct: Correct!; incorrect: Incorrect!,center,"300","5000",left right,"",60%;60%;60%;60%;80%;80%;80%;80%,-170 -130; 170 -130; -170 130; 170 130; -170 -130; 170 -130; -170 130; 170 130,ITI;withStim,"","","","","9",search,Target3,yellow,-170 -130;170 -130;-170 130;170 130;-170 -130;170 -130;-170 130;170 130,702,101,"6.95",381436,left,1057,"1",""
"136","1","1",test,"",target1,N14,N6,r_irr1,left,right,right,left,left,.jpg,"700",correct: Correct!; incorrect: Incorrect!,center,"300","5000",left right,"",60%;60%;60%;60%;80%;80%;80%;80%,-170 -130; 170 -130; -170 130; 170 130; -170 -130; 170 -130; -170 130; 170 130,ITI;withStim,"","","","","63",search,Target1,red,-170 -130;170 -130;-170 130;170 130;-170 -130;170 -130;-170 130;170 130,702,101,"6.95",383387,left,945,"1",""
"133","1","1",test,"",target2,N3,N9,r_square5,left,left,right,right,left,.jpg,"700",correct: Correct!; incorrect: Incorrect!,center,"300","5000",left right,"",60%;60%;60%;60%;80%;80%;80%;80%,-170 -130; 170 -130; -170 130; 170 130; -170 -130; 170 -130; -170 130; 170 130,ITI;withStim,"","","","","60",search,Target2,red,-170 -130;170 -130;-170 130;170 130;-170 -130;170 -130;-170 130;170 130,702,101,"6.94",385292,left,906,"1",""
"139","1","1",test,"",N11,target1,r_round3,N6,right,left,right,left,left,.jpg,"700",correct: Correct!; incorrect: Incorrect!,center,"300","5000",left right,"",60%;60%;60%;60%;80%;80%;80%;80%,-170 -130; 170 -130; -170 130; 170 130; -170 -130; 170 -130; -170 130; 170 130,ITI;withStim,"","","","","66",search,Target1,red,-170 -130;170 -130;-170 130;170 130;-170 -130;170 -130;-170 130;170 130,702,101,"6.95",387308,left,1012,"1",""
"119","1","1",test,"",N11,y_round2,N18,target2,right,right,left,left,left,.jpg,"700",correct: Correct!; incorrect: Incorrect!,center,"300","5000",left right,"",60%;60%;60%;60%;80%;80%;80%;80%,-170 -130; 170 -130; -170 130; 170 130; -170 -130; 170 -130; -170 130; 170 130,ITI;withStim,"","","","","46",search,Target2,yellow,-170 -130;170 -130;-170 130;170 130;-170 -130;170 -130;-170 130;170 130,701,101,"6.95",389393,left,1083,"1",""
"158","1","1",test,"",N12,N14,target2,r_round4,right,left,right,left,right,.jpg,"700",correct: Correct!; incorrect: Incorrect!,center,"300","5000",left right,"",60%;60%;60%;60%;80%;80%;80%;80%,-170 -130; 170 -130; -170 130; 170 130; -170 -130; 170 -130; -170 130; 170 130,ITI;withStim,"","","","","85",search,Target2,red,-170 -130;170 -130;-170 130;170 130;-170 -130;170 -130;-170 130;170 130,701,101,"6.94",391372,right,979,"1",""
"127","1","1",test,"",r_irr2,N15,target2,N20,right,left,left,right,left,.jpg,"700",correct: Correct!; incorrect: Incorrect!,center,"300","5000",left right,"",60%;60%;60%;60%;80%;80%;80%;80%,-170 -130; 170 -130; -170 130; 170 130; -170 -130; 170 -130; -170 130; 170 130,ITI;withStim,"","","","","54",search,Target2,red,-170 -130;170 -130;-170 130;170 130;-170 -130;170 -130;-170 130;170 130,701,101,"6.94",393361,left,981,"1",""
"84","1","1",test,"",target1,N10,N20,N30,right,left,right,left,right,.jpg,"700",correct: Correct!; incorrect: Incorrect!,center,"300","5000",left right,"",60%;60%;60%;60%;80%;80%;80%;80%,-170 -130; 170 -130; -170 130; 170 130; -170 -130; 170 -130; -170 130; 170 130,ITI;withStim,"","","","","11",search,Target1,neutral,-170 -130;170 -130;-170 130;170 130;-170 -130;170 -130;-170 130;170 130,701,101,"6.94",395139,right,781,"1",""
"92","1","1",test,"",target1,N12,N2,N22,left,left,right,right,left,.jpg,"700",correct: Correct!; incorrect: Incorrect!,center,"300","5000",left right,"",60%;60%;60%;60%;80%;80%;80%;80%,-170 -130; 170 -130; -170 130; 170 130; -170 -130; 170 -130; -170 130; 170 130,ITI;withStim,"","","","","19",search,Target1,neutral,-170 -130;170 -130;-170 130;170 130;-170 -130;170 -130;-170 130;170 130,701,101,"6.95",396880,left,737,"1",""
"149","1","1",test,"",N27,target3,N17,N7,right,left,right,left,left,.jpg,"700",correct: Correct!; incorrect: Incorrect!,center,"300","5000",left right,"",60%;60%;60%;60%;80%;80%;80%;80%,-170 -130; 170 -130; -170 130; 170 130; -170 -130; 170 -130; -170 130; 170 130,ITI;withStim,"","","","","76",search,Target3,neutral,-170 -130;170 -130;-170 130;170 130;-170 -130;170 -130;-170 130;170 130,702,101,"6.94",398529,left,643,"1",""
"129","1","1",test,"",target3,y_irr2,N4,N22,right,left,left,right,right,.jpg,"700",correct: Correct!; incorrect: Incorrect!,center,"300","5000",left right,"",60%;60%;60%;60%;80%;80%;80%;80%,-170 -130; 170 -130; -170 130; 170 130; -170 -130; 170 -130; -170 130; 170 130,ITI;withStim,"","","","","56",search,Target3,yellow,-170 -130;170 -130;-170 130;170 130;-170 -130;170 -130;-170 130;170 130,701,101,"6.94",400120,right,588,"1",""
"123","1","1",test,"",N18,r_cylinder2,N15,target1,right,right,left,left,left,.jpg,"700",correct: Correct!; incorrect: Incorrect!,center,"300","5000",left right,"",60%;60%;60%;60%;80%;80%;80%;80%,-170 -130; 170 -130; -170 130; 170 130; -170 -130; 170 -130; -170 130; 170 130,ITI;withStim,"","","","","50",search,Target1,red,-170 -130;170 -130;-170 130;170 130;-170 -130;170 -130;-170 130;170 130,701,101,"6.95",401793,left,663,"1",""
"132","1","1",test,"",b_round6,N2,N5,target3,right,left,right,left,left,.jpg,"700",correct: Correct!; incorrect: Incorrect!,center,"300","5000",left right,"",60%;60%;60%;60%;80%;80%;80%;80%,-170 -130; 170 -130; -170 130; 170 130; -170 -130; 170 -130; -170 130; 170 130,ITI;withStim,"","","","","59",search,Target3,blue,-170 -130;170 -130;-170 130;170 130;-170 -130;170 -130;-170 130;170 130,703,101,"6.95",403725,left,928,"1",""
"117","1","1",test,"",target2,N7,N4,r_square6,left,left,right,right,left,.jpg,"700",correct: Correct!; incorrect: Incorrect!,center,"300","5000",left right,"",60%;60%;60%;60%;80%;80%;80%;80%,-170 -130; 170 -130; -170 130; 170 130; -170 -130; 170 -130; -170 130; 170 130,ITI;withStim,"","","","","44",search,Target2,red,-170 -130;170 -130;-170 130;170 130;-170 -130;170 -130;-170 130;170 130,702,101,"6.95",406699,left,1972,"1",""
"112","1","1",test,"",N19,y_cylinder1,N13,target2,left,left,right,right,right,.jpg,"700",correct: Correct!; incorrect: Incorrect!,center,"300","5000",left right,"",60%;60%;60%;60%;80%;80%;80%;80%,-170 -130; 170 -130; -170 130; 170 130; -170 -130; 170 -130; -170 130; 170 130,ITI;withStim,"","","","","39",search,Target2,yellow,-170 -130;170 -130;-170 130;170 130;-170 -130;170 -130;-170 130;170 130,701,101,"6.95",408898,right,1199,"1",""
"141","1","1",test,"",y_round1,N7,target2,N8,left,right,right,left,right,.jpg,"700",correct: Correct!; incorrect: Incorrect!,center,"300","5000",left right,"",60%;60%;60%;60%;80%;80%;80%;80%,-170 -130; 170 -130; -170 130; 170 130; -170 -130; 170 -130; -170 130; 170 130,ITI;withStim,"","","","","68",search,Target2,yellow,-170 -130;170 -130;-170 130;170 130;-170 -130;170 -130;-170 130;170 130,700,101,"6.95",410694,right,786,"1",""
"115","1","1",test,"",N3,N13,N23,target2,right,left,left,right,right,.jpg,"700",correct: Correct!; incorrect: Incorrect!,center,"300","5000",left right,"",60%;60%;60%;60%;80%;80%;80%;80%,-170 -130; 170 -130; -170 130; 170 130; -170 -130; 170 -130; -170 130; 170 130,ITI;withStim,"","","","","42",search,Target2,neutral,-170 -130;170 -130;-170 130;170 130;-170 -130;170 -130;-170 130;170 130,701,101,"6.94",412598,right,900,"1",""
"98","1","1",test,"",target2,N17,y_square3,N12,right,left,right,left,right,.jpg,"700",correct: Correct!; incorrect: Incorrect!,center,"300","5000",left right,"",60%;60%;60%;60%;80%;80%;80%;80%,-170 -130; 170 -130; -170 130; 170 130; -170 -130; 170 -130; -170 130; 170 130,ITI;withStim,"","","","","25",search,Target2,yellow,-170 -130;170 -130;-170 130;170 130;-170 -130;170 -130;-170 130;170 130,702,101,"6.94",415139,right,1538,"1",""
"74","1","1",test,"",N17,r_cylinder5,N4,target2,left,right,left,right,right,.jpg,"700",correct: Correct!; incorrect: Incorrect!,center,"300","5000",left right,"",60%;60%;60%;60%;80%;80%;80%;80%,-170 -130; 170 -130; -170 130; 170 130; -170 -130; 170 -130; -170 130; 170 130,ITI;withStim,"","","","","1",search,Target2,red,-170 -130;170 -130;-170 130;170 130;-170 -130;170 -130;-170 130;170 130,702,101,"6.94",417281,right,1138,"1",""
"88","1","1",test,"",target3,N4,N24,N14,left,left,right,right,left,.jpg,"700",correct: Correct!; incorrect: Incorrect!,center,"300","5000",left right,"",60%;60%;60%;60%;80%;80%;80%;80%,-170 -130; 170 -130; -170 130; 170 130; -170 -130; 170 -130; -170 130; 170 130,ITI;withStim,"","","","","15",search,Target3,neutral,-170 -130;170 -130;-170 130;170 130;-170 -130;170 -130;-170 130;170 130,702,101,"6.94",419051,left,769,"1",""
"219","1","1",test,"",N19,N29,N9,target3,right,left,right,left,left,.jpg,"700",correct: Correct!; incorrect: Incorrect!,center,"300","5000",left right,"",60%;60%;60%;60%;80%;80%;80%;80%,-170 -130; 170 -130; -170 130; 170 130; -170 -130; 170 -130; -170 130; 170 130,ITI;withStim,"","","","","55",search,Target3,neutral,-170 -130;170 -130;-170 130;170 130;-170 -130;170 -130;-170 130;170 130,702,101,"6.94",452520,left,821,"1",""
"199","1","1",test,"",target2,N5,r_square4,N15,left,right,right,left,left,.jpg,"700",correct: Correct!; incorrect: Incorrect!,center,"300","5000",left right,"",60%;60%;60%;60%;80%;80%;80%;80%,-170 -130; 170 -130; -170 130; 170 130; -170 -130; 170 -130; -170 130; 170 130,ITI;withStim,"","","","","35",search,Target2,red,-170 -130;170 -130;-170 130;170 130;-170 -130;170 -130;-170 130;170 130,702,101,"6.95",454767,left,1242,"1",""
"194","1","1",test,"",target2,N11,N1,N21,right,right,left,left,right,.jpg,"700",correct: Correct!; incorrect: Incorrect!,center,"300","5000",left right,"",60%;60%;60%;60%;80%;80%;80%;80%,-170 -130; 170 -130; -170 130; 170 130; -170 -130; 170 -130; -170 130; 170 130,ITI;withStim,"","","","","30",search,Target2,neutral,-170 -130;170 -130;-170 130;170 130;-170 -130;170 -130;-170 130;170 130,702,101,"6.94",456602,right,834,"1",""
"166","1","1",test,"",N12,r_cylinder1,target1,N15,right,left,left,right,left,.jpg,"700",correct: Correct!; incorrect: Incorrect!,center,"300","5000",left right,"",60%;60%;60%;60%;80%;80%;80%;80%,-170 -130; 170 -130; -170 130; 170 130; -170 -130; 170 -130; -170 130; 170 130,ITI;withStim,"","","","","2",search,Target1,red,-170 -130;170 -130;-170 130;170 130;-170 -130;170 -130;-170 130;170 130,701,101,"6.94",458457,left,855,"1",""
"174","1","1",test,"",target1,N15,N5,N25,right,left,right,left,right,.jpg,"700",correct: Correct!; incorrect: Incorrect!,center,"300","5000",left right,"",60%;60%;60%;60%;80%;80%;80%;80%,-170 -130; 170 -130; -170 130; 170 130; -170 -130; 170 -130; -170 130; 170 130,ITI;withStim,"","","","","10",search,Target1,neutral,-170 -130;170 -130;-170 130;170 130;-170 -130;170 -130;-170 130;170 130,702,101,"6.96",460139,right,676,"1",""
"238","1","1",test,"",N3,N23,N13,target1,left,right,right,left,left,.jpg,"700",correct: Correct!; incorrect: Incorrect!,center,"300","5000",left right,"",60%;60%;60%;60%;80%;80%;80%;80%,-170 -130; 170 -130; -170 130; 170 130; -170 -130; 170 -130; -170 130; 170 130,ITI;withStim,"","","","","74",search,Target1,neutral,-170 -130;170 -130;-170 130;170 130;-170 -130;170 -130;-170 130;170 130,701,101,"6.95",461813,left,669,"1",""
"206","1","1",test,"",N3,N13,N23,target2,right,left,left,right,right,.jpg,"700",correct: Correct!; incorrect: Incorrect!,center,"300","5000",left right,"",60%;60%;60%;60%;80%;80%;80%;80%,-170 -130; 170 -130; -170 130; 170 130; -170 -130; 170 -130; -170 130; 170 130,ITI;withStim,"","","","","42",search,Target2,neutral,-170 -130;170 -130;-170 130;170 130;-170 -130;170 -130;-170 130;170 130,701,101,"6.94",463838,right,1014,"1",""
"235","1","1",test,"",N5,N15,target3,N25,right,right,left,left,left,.jpg,"700",correct: Correct!; incorrect: Incorrect!,center,"300","5000",left right,"",60%;60%;60%;60%;80%;80%;80%;80%,-170 -130; 170 -130; -170 130; 170 130; -170 -130; 170 -130; -170 130; 170 130,ITI;withStim,"","","","","71",search,Target3,neutral,-170 -130;170 -130;-170 130;170 130;-170 -130;170 -130;-170 130;170 130,702,100,"7.00",465464,left,619,"1",""
"200","1","1",test,"",N28,target2,y_cylinder2,N13,right,right,left,left,right,.jpg,"700",correct: Correct!; incorrect: Incorrect!,center,"300","5000",left right,"",60%;60%;60%;60%;80%;80%;80%;80%,-170 -130; 170 -130; -170 130; 170 130; -170 -130; 170 -130; -170 130; 170 130,ITI;withStim,"","","","","36",search,Target2,yellow,-170 -130;170 -130;-170 130;170 130;-170 -130;170 -130;-170 130;170 130,701,101,"6.94",467442,right,972,"1",""
"216","1","1",test,"",y_cylinder6,N12,N6,target3,right,left,right,left,left,.jpg,"700",correct: Correct!; incorrect: Incorrect!,center,"300","5000",left right,"",60%;60%;60%;60%;80%;80%;80%;80%,-170 -130; 170 -130; -170 130; 170 130; -170 -130; 170 -130; -170 130; 170 130,ITI;withStim,"","","","","52",search,Target3,yellow,-170 -130;170 -130;-170 130;170 130;-170 -130;170 -130;-170 130;170 130,701,101,"6.95",469098,left,650,"1",""
"207","1","1",test,"",N6,N20,y_cylinder3,target2,left,right,right,left,left,.jpg,"700",correct: Correct!; incorrect: Incorrect!,center,"300","5000",left right,"",60%;60%;60%;60%;80%;80%;80%;80%,-170 -130; 170 -130; -170 130; 170 130; -170 -130; 170 -130; -170 130; 170 130,ITI;withStim,"","","","","43",search,Target2,yellow,-170 -130;170 -130;-170 130;170 130;-170 -130;170 -130;-170 130;170 130,701,101,"6.95",471020,left,919,"1",""
"234","1","1",test,"",N14,target3,b_irr2,N6,left,right,left,right,right,.jpg,"700",correct: Correct!; incorrect: Incorrect!,center,"300","5000",left right,"",60%;60%;60%;60%;80%;80%;80%;80%,-170 -130; 170 -130; -170 130; 170 130; -170 -130; 170 -130; -170 130; 170 130,ITI;withStim,"","","","","70",search,Target3,blue,-170 -130;170 -130;-170 130;170 130;-170 -130;170 -130;-170 130;170 130,701,101,"6.95",472848,right,823,"1",""
"195","1","1",test,"",N1,target3,N21,N11,left,right,right,left,right,.jpg,"700",correct: Correct!; incorrect: Incorrect!,center,"300","5000",left right,"",60%;60%;60%;60%;80%;80%;80%;80%,-170 -130; 170 -130; -170 130; 170 130; -170 -130; 170 -130; -170 130; 170 130,ITI;withStim,"","","","","31",search,Target3,neutral,-170 -130;170 -130;-170 130;170 130;-170 -130;170 -130;-170 130;170 130,701,0,0,474501,right,651,"1",""
"212","1","1",test,"",N21,N1,N11,target1,left,left,right,right,right,.jpg,"700",correct: Correct!; incorrect: Incorrect!,center,"300","5000",left right,"",60%;60%;60%;60%;80%;80%;80%;80%,-170 -130; 170 -130; -170 130; 170 130; -170 -130; 170 -130; -170 130; 170 130,ITI;withStim,"","","","","48",search,Target1,neutral,-170 -130;170 -130;-170 130;170 130;-170 -130;170 -130;-170 130;170 130,702,101,"6.95",476411,right,906,"1",""
"170","1","1",test,"",N10,N3,target1,r_round2,left,right,left,right,left,.jpg,"700",correct: Correct!; incorrect: Incorrect!,center,"300","5000",left right,"",60%;60%;60%;60%;80%;80%;80%;80%,-170 -130; 170 -130; -170 130; 170 130; -170 -130; 170 -130; -170 130; 170 130,ITI;withStim,"","","","","6",search,Target1,red,-170 -130;170 -130;-170 130;170 130;-170 -130;170 -130;-170 130;170 130,702,101,"6.95",478075,left,654,"1",""
"210","1","1",test,"",N11,y_round2,N18,target2,right,right,left,left,left,.jpg,"700",correct: Correct!; incorrect: Incorrect!,center,"300","5000",left right,"",60%;60%;60%;60%;80%;80%;80%;80%,-170 -130; 170 -130; -170 130; 170 130; -170 -130; 170 -130; -170 130; 170 130,ITI;withStim,"","","","","46",search,Target2,yellow,-170 -130;170 -130;-170 130;170 130;-170 -130;170 -130;-170 130;170 130,702,101,"6.95",480378,left,1297,"1",""
"182","1","1",test,"",b_square1,N2,target1,N6,right,right,left,left,left,.jpg,"700",correct: Correct!; incorrect: Incorrect!,center,"300","5000",left right,"",60%;60%;60%;60%;80%;80%;80%;80%,-170 -130; 170 -130; -170 130; 170 130; -170 -130; 170 -130; -170 130; 170 130,ITI;withStim,"","","","","18",search,Target1,blue,-170 -130;170 -130;-170 130;170 130;-170 -130;170 -130;-170 130;170 130,702,101,"6.94",482299,left,918,"1",""
"176","1","1",test,"",y_square4,N15,N16,target3,left,left,right,right,right,.jpg,"700",correct: Correct!; incorrect: Incorrect!,center,"300","5000",left right,"",60%;60%;60%;60%;80%;80%;80%;80%,-170 -130; 170 -130; -170 130; 170 130; -170 -130; 170 -130; -170 130; 170 130,ITI;withStim,"","","","","12",search,Target3,yellow,-170 -130;170 -130;-170 130;170 130;-170 -130;170 -130;-170 130;170 130,702,101,"6.95",484010,right,707,"1",""
"230","1","1",test,"",N11,target1,r_round3,N6,right,left,right,left,left,.jpg,"700",correct: Correct!; incorrect: Incorrect!,center,"300","5000",left right,"",60%;60%;60%;60%;80%;80%;80%;80%,-170 -130; 170 -130; -170 130; 170 130; -170 -130; 170 -130; -170 130; 170 130,ITI;withStim,"","","","","66",search,Target1,red,-170 -130;170 -130;-170 130;170 130;-170 -130;170 -130;-170 130;170 130,702,101,"6.94",485797,left,779,"1",""
"241","1","1",test,"",b_square3,N9,target1,N17,right,left,left,right,left,.jpg,"700",correct: Correct!; incorrect: Incorrect!,center,"300","5000",left right,"",60%;60%;60%;60%;80%;80%;80%;80%,-170 -130; 170 -130; -170 130; 170 130; -170 -130; 170 -130; -170 130; 170 130,ITI;withStim,"","","","","77",search,Target1,blue,-170 -130;170 -130;-170 130;170 130;-170 -130;170 -130;-170 130;170 130,701,101,"6.94",487528,left,732,"1",""
"218","1","1",test,"",r_irr2,N15,target2,N20,right,left,left,right,left,.jpg,"700",correct: Correct!; incorrect: Incorrect!,center,"300","5000",left right,"",60%;60%;60%;60%;80%;80%;80%;80%,-170 -130; 170 -130; -170 130; 170 130; -170 -130; 170 -130; -170 130; 170 130,ITI;withStim,"","","","","54",search,Target2,red,-170 -130;170 -130;-170 130;170 130;-170 -130;170 -130;-170 130;170 130,701,101,"6.95",489260,left,728,"1",""
"246","1","1",test,"",N16,N26,N6,target3,right,right,left,left,left,.jpg,"700",correct: Correct!; incorrect: Incorrect!,center,"300","5000",left right,"",60%;60%;60%;60%;80%;80%;80%;80%,-170 -130; 170 -130; -170 130; 170 130; -170 -130; 170 -130; -170 130; 170 130,ITI;withStim,"","","","","82",search,Target3,neutral,-170 -130;170 -130;-170 130;170 130;-170 -130;170 -130;-170 130;170 130,701,101,"6.94",490952,left,690,"1",""
"193","1","1",test,"",target1,r_square2,N11,N9,left,right,right,left,left,.jpg,"700",correct: Correct!; incorrect: Incorrect!,center,"300","5000",left right,"",60%;60%;60%;60%;80%;80%;80%;80%,-170 -130; 170 -130; -170 130; 170 130; -170 -130; 170 -130; -170 130; 170 130,ITI;withStim,"","","","","29",search,Target1,red,-170 -130;170 -130;-170 130;170 130;-170 -130;170 -130;-170 130;170 130,702,101,"6.94",492646,left,690,"1",""
"167","1","1",test,"",N17,target2,r_round6,N7,left,right,left,right,right,.jpg,"700",correct: Correct!; incorrect: Incorrect!,center,"300","5000",left right,"",60%;60%;60%;60%;80%;80%;80%;80%,-170 -130; 170 -130; -170 130; 170 130; -170 -130; 170 -130; -170 130; 170 130,ITI;withStim,"","","","","3",search,Target2,red,-170 -130;170 -130;-170 130;170 130;-170 -130;170 -130;-170 130;170 130,702,101,"6.94",494595,right,945,"1",""
"253","1","1",test,"",N23,N3,N13,target3,left,left,right,right,right,.jpg,"700",correct: Correct!; incorrect: Incorrect!,center,"300","5000",left right,"",60%;60%;60%;60%;80%;80%;80%;80%,-170 -130; 170 -130; -170 130; 170 130; -170 -130; 170 -130; -170 130; 170 130,ITI;withStim,"","","","","89",search,Target3,neutral,-170 -130;170 -130;-170 130;170 130;-170 -130;170 -130;-170 130;170 130,701,101,"6.94",496507,left,907,"0",""
"191","1","1",test,"",target1,N19,N29,N9,right,left,left,right,right,.jpg,"700",correct: Correct!; incorrect: Incorrect!,center,"300","5000",left right,"",60%;60%;60%;60%;80%;80%;80%;80%,-170 -130; 170 -130; -170 130; 170 130; -170 -130; 170 -130; -170 130; 170 130,ITI;withStim,"","","","","27",search,Target1,neutral,-170 -130;170 -130;-170 130;170 130;-170 -130;170 -130;-170 130;170 130,702,101,"6.94",498465,right,955,"1",""
"197","1","1",test,"",N6,target1,N13,b_round1,left,left,right,right,left,.jpg,"700",correct: Correct!; incorrect: Incorrect!,center,"300","5000",left right,"",60%;60%;60%;60%;80%;80%;80%;80%,-170 -130; 170 -130; -170 130; 170 130; -170 -130; 170 -130; -170 130; 170 130,ITI;withStim,"","","","","33",search,Target1,blue,-170 -130;170 -130;-170 130;170 130;-170 -130;170 -130;-170 130;170 130,700,101,"6.95",500436,left,967,"1",""
"236","1","1",test,"",N22,target3,N2,N12,left,right,left,right,right,.jpg,"700",correct: Correct!; incorrect: Incorrect!,center,"300","5000",left right,"",60%;60%;60%;60%;80%;80%;80%;80%,-170 -130; 170 -130; -170 130; 170 130; -170 -130; 170 -130; -170 130; 170 130,ITI;withStim,"","","","","72",search,Target3,neutral,-170 -130;170 -130;-170 130;170 130;-170 -130;170 -130;-170 130;170 130,701,101,"6.95",502194,right,759,"1",""
"188","1","1",test,"",N5,N6,target3,b_square5,right,right,left,left,left,.jpg,"700",correct: Correct!; incorrect: Incorrect!,center,"300","5000",left right,"",60%;60%;60%;60%;80%;80%;80%;80%,-170 -130; 170 -130; -170 130; 170 130; -170 -130; 170 -130; -170 130; 170 130,ITI;withStim,"","","","","24",search,Target3,blue,-170 -130;170 -130;-170 130;170 130;-170 -130;170 -130;-170 130;170 130,701,101,"6.95",504383,left,1184,"1",""
"184","1","1",test,"",target2,N14,y_square2,N4,left,right,left,right,left,.jpg,"700",correct: Correct!; incorrect: Incorrect!,center,"300","5000",left right,"",60%;60%;60%;60%;80%;80%;80%;80%,-170 -130; 170 -130; -170 130; 170 130; -170 -130; 170 -130; -170 130; 170 130,ITI;withStim,"","","","","20",search,Target2,yellow,-170 -130;170 -130;-170 130;170 130;-170 -130;170 -130;-170 130;170 130,701,101,"6.95",506803,left,1418,"1",""
"196","1","1",test,"",N26,N6,N16,target1,right,left,left,right,right,.jpg,"700",correct: Correct!; incorrect: Incorrect!,center,"300","5000",left right,"",60%;60%;60%;60%;80%;80%;80%;80%,-170 -130; 170 -130; -170 130; 170 130; -170 -130; 170 -130; -170 130; 170 130,ITI;withStim,"","","","","32",search,Target1,neutral,-170 -130;170 -130;-170 130;170 130;-170 -130;170 -130;-170 130;170 130,702,101,"6.95",508886,right,1083,"1",""
"202","1","1",test,"",N4,N24,N14,target1,left,right,left,right,right,.jpg,"700",correct: Correct!; incorrect: Incorrect!,center,"300","5000",left right,"",60%;60%;60%;60%;80%;80%;80%;80%,-170 -130; 170 -130; -170 130; 170 130; -170 -130; 170 -130; -170 130; 170 130,ITI;withStim,"","","","","38",search,Target1,neutral,-170 -130;170 -130;-170 130;170 130;-170 -130;170 -130;-170 130;170 130,700,101,"6.95",510904,right,1018,"1",""
"192","1","1",test,"",N10,N30,target3,N20,right,left,left,right,left,.jpg,"700",correct: Correct!; incorrect: Incorrect!,center,"300","5000",left right,"",60%;60%;60%;60%;80%;80%;80%;80%,-170 -130; 170 -130; -170 130; 170 130; -170 -130; 170 -130; -170 130; 170 130,ITI;withStim,"","","","","28",search,Target3,neutral,-170 -130;170 -130;-170 130;170 130;-170 -130;170 -130;-170 130;170 130,702,101,"6.94",512701,left,787,"1",""
"178","1","1",test,"",y_cylinder5,target3,N16,N11,right,left,right,left,left,.jpg,"700",correct: Correct!; incorrect: Incorrect!,center,"300","5000",left right,"",60%;60%;60%;60%;80%;80%;80%;80%,-170 -130; 170 -130; -170 130; 170 130; -170 -130; 170 -130; -170 130; 170 130,ITI;withStim,"","","","","14",search,Target3,yellow,-170 -130;170 -130;-170 130;170 130;-170 -130;170 -130;-170 130;170 130,701,101,"6.94",514595,left,889,"1",""
"187","1","1",test,"",target2,N9,N19,N29,left,left,right,right,left,.jpg,"700",correct: Correct!; incorrect: Incorrect!,center,"300","5000",left right,"",60%;60%;60%;60%;80%;80%;80%;80%,-170 -130; 170 -130; -170 130; 170 130; -170 -130; 170 -130; -170 130; 170 130,ITI;withStim,"","","","","23",search,Target2,neutral,-170 -130;170 -130;-170 130;170 130;-170 -130;170 -130;-170 130;170 130,702,101,"6.94",516878,left,1283,"1",""
"229","1","1",test,"",N15,target2,N5,N25,left,right,right,left,right,.jpg,"700",correct: Correct!; incorrect: Incorrect!,center,"300","5000",left right,"",60%;60%;60%;60%;80%;80%;80%;80%,-170 -130; 170 -130; -170 130; 170 130; -170 -130; 170 -130; -170 130; 170 130,ITI;withStim,"","","","","65",search,Target2,neutral,-170 -130;170 -130;-170 130;170 130;-170 -130;170 -130;-170 130;170 130,701,101,"6.95",518695,right,816,"1",""
"227","1","1",test,"",target1,N14,N6,r_irr1,left,right,right,left,left,.jpg,"700",correct: Correct!; incorrect: Incorrect!,center,"300","5000",left right,"",60%;60%;60%;60%;80%;80%;80%;80%,-170 -130; 170 -130; -170 130; 170 130; -170 -130; 170 -130; -170 130; 170 130,ITI;withStim,"","","","","63",search,Target1,red,-170 -130;170 -130;-170 130;170 130;-170 -130;170 -130;-170 130;170 130,701,101,"6.95",520463,left,764,"1",""
"223","1","1",test,"",b_round6,N2,N5,target3,right,left,right,left,left,.jpg,"700",correct: Correct!; incorrect: Incorrect!,center,"300","5000",left right,"",60%;60%;60%;60%;80%;80%;80%;80%,-170 -130; 170 -130; -170 130; 170 130; -170 -130; 170 -130; -170 130; 170 130,ITI;withStim,"","","","","59",search,Target3,blue,-170 -130;170 -130;-170 130;170 130;-170 -130;170 -130;-170 130;170 130,700,101,"6.94",522414,left,950,"1",""
"204","1","1",test,"",N16,N26,target2,N6,left,right,left,right,left,.jpg,"700",correct: Correct!; incorrect: Incorrect!,center,"300","5000",left right,"",60%;60%;60%;60%;80%;80%;80%;80%,-170 -130; 170 -130; -170 130; 170 130; -170 -130; 170 -130; -170 130; 170 130,ITI;withStim,"","","","","40",search,Target2,neutral,-170 -130;170 -130;-170 130;170 130;-170 -130;170 -130;-170 130;170 130,701,101,"6.95",524489,left,1075,"1",""
"224","1","1",test,"",target2,N3,N9,r_square5,left,left,right,right,left,.jpg,"700",correct: Correct!; incorrect: Incorrect!,center,"300","5000",left right,"",60%;60%;60%;60%;80%;80%;80%;80%,-170 -130; 170 -130; -170 130; 170 130; -170 -130; 170 -130; -170 130; 170 130,ITI;withStim,"","","","","60",search,Target2,red,-170 -130;170 -130;-170 130;170 130;-170 -130;170 -130;-170 130;170 130,702,101,"6.93",526315,left,824,"1",""
"190","1","1",test,"",N7,target1,b_cylinder1,N12,right,left,right,left,left,.jpg,"700",correct: Correct!; incorrect: Incorrect!,center,"300","5000",left right,"",60%;60%;60%;60%;80%;80%;80%;80%,-170 -130; 170 -130; -170 130; 170 130; -170 -130; 170 -130; -170 130; 170 130,ITI;withStim,"","","","","26",search,Target1,blue,-170 -130;170 -130;-170 130;170 130;-170 -130;170 -130;-170 130;170 130,701,101,"6.94",528523,left,1199,"1",""
"181","1","1",test,"",N10,N25,target3,b_round4,left,right,right,left,right,.jpg,"700",correct: Correct!; incorrect: Incorrect!,center,"300","5000",left right,"",60%;60%;60%;60%;80%;80%;80%;80%,-170 -130; 170 -130; -170 130; 170 130; -170 -130; 170 -130; -170 130; 170 130,ITI;withStim,"","","","","17",search,Target3,blue,-170 -130;170 -130;-170 130;170 130;-170 -130;170 -130;-170 130;170 130,701,101,"6.94",530436,right,912,"1",""
"180","1","1",test,"",N11,N2,target1,b_cylinder3,left,right,left,right,left,.jpg,"700",correct: Correct!; incorrect: Incorrect!,center,"300","5000",left right,"",60%;60%;60%;60%;80%;80%;80%;80%,-170 -130; 170 -130; -170 130; 170 130; -170 -130; 170 -130; -170 130; 170 130,ITI;withStim,"","","","","16",search,Target1,blue,-170 -130;170 -130;-170 130;170 130;-170 -130;170 -130;-170 130;170 130,702,101,"6.94",532165,left,731,"1",""
"203","1","1",test,"",N19,y_cylinder1,N13,target2,left,left,right,right,right,.jpg,"700",correct: Correct!; incorrect: Incorrect!,center,"300","5000",left right,"",60%;60%;60%;60%;80%;80%;80%;80%,-170 -130; 170 -130; -170 130; 170 130; -170 -130; 170 -130; -170 130; 170 130,ITI;withStim,"","","","","39",search,Target2,yellow,-170 -130;170 -130;-170 130;170 130;-170 -130;170 -130;-170 130;170 130,701,101,"6.95",534680,right,1516,"1",""
"250","1","1",test,"",target3,y_square6,N20,N21,right,right,left,left,right,.jpg,"700",correct: Correct!; incorrect: Incorrect!,center,"300","5000",left right,"",60%;60%;60%;60%;80%;80%;80%;80%,-170 -130; 170 -130; -170 130; 170 130; -170 -130; 170 -130; -170 130; 170 130,ITI;withStim,"","","","","86",search,Target3,yellow,-170 -130;170 -130;-170 130;170 130;-170 -130;170 -130;-170 130;170 130,701,101,"6.93",536466,right,781,"1",""
"247","1","1",test,"",N5,y_cylinder4,target3,N2,left,right,right,left,right,.jpg,"700",correct: Correct!; incorrect: Incorrect!,center,"300","5000",left right,"",60%;60%;60%;60%;80%;80%;80%;80%,-170 -130; 170 -130; -170 130; 170 130; -170 -130; 170 -130; -170 130; 170 130,ITI;withStim,"","","","","83",search,Target3,yellow,-170 -130;170 -130;-170 130;170 130;-170 -130;170 -130;-170 130;170 130,701,101,"6.95",538532,right,1062,"1",""
"175","1","1",test,"",target1,N10,N20,N30,right,left,right,left,right,.jpg,"700",correct: Correct!; incorrect: Incorrect!,center,"300","5000",left right,"",60%;60%;60%;60%;80%;80%;80%;80%,-170 -130; 170 -130; -170 130; 170 130; -170 -130; 170 -130; -170 130; 170 130,ITI;withStim,"","","","","11",search,Target1,neutral,-170 -130;170 -130;-170 130;170 130;-170 -130;170 -130;-170 130;170 130,702,101,"6.94",540454,right,922,"1",""
"186","1","1",test,"",N12,target2,y_round3,N22,left,right,left,right,right,.jpg,"700",correct: Correct!; incorrect: Incorrect!,center,"300","5000",left right,"",60%;60%;60%;60%;80%;80%;80%;80%,-170 -130; 170 -130; -170 130; 170 130; -170 -130; 170 -130; -170 130; 170 130,ITI;withStim,"","","","","22",search,Target2,yellow,-170 -130;170 -130;-170 130;170 130;-170 -130;170 -130;-170 130;170 130,700,101,"6.95",542452,right,995,"1",""
"172","1","1",test,"",N4,N14,target2,N24,right,left,right,left,right,.jpg,"700",correct: Correct!; incorrect: Incorrect!,center,"300","5000",left right,"",60%;60%;60%;60%;80%;80%;80%;80%,-170 -130; 170 -130; -170 130; 170 130; -170 -130; 170 -130; -170 130; 170 130,ITI;withStim,"","","","","8",search,Target2,neutral,-170 -130;170 -130;-170 130;170 130;-170 -130;170 -130;-170 130;170 130,701,101,"6.94",544184,right,729,"1",""
"215","1","1",test,"",N18,target3,b_square4,N6,right,left,left,right,left,.jpg,"700",correct: Correct!; incorrect: Incorrect!,center,"300","5000",left right,"",60%;60%;60%;60%;80%;80%;80%;80%,-170 -130; 170 -130; -170 130; 170 130; -170 -130; 170 -130; -170 130; 170 130,ITI;withStim,"","","","","51",search,Target3,blue,-170 -130;170 -130;-170 130;170 130;-170 -130;170 -130;-170 130;170 130,702,101,"6.94",546362,left,1178,"1",""
"242","1","1",test,"",N15,target2,N4,r_round5,right,left,left,right,left,.jpg,"700",correct: Correct!; incorrect: Incorrect!,center,"300","5000",left right,"",60%;60%;60%;60%;80%;80%;80%;80%,-170 -130; 170 -130; -170 130; 170 130; -170 -130; 170 -130; -170 130; 170 130,ITI;withStim,"","","","","78",search,Target2,red,-170 -130;170 -130;-170 130;170 130;-170 -130;170 -130;-170 130;170 130,702,101,"6.93",548800,left,1427,"1",""
"213","1","1",test,"",target2,N17,N27,N7,left,right,right,left,left,.jpg,"700",correct: Correct!; incorrect: Incorrect!,center,"300","5000",left right,"",60%;60%;60%;60%;80%;80%;80%;80%,-170 -130; 170 -130; -170 130; 170 130; -170 -130; 170 -130; -170 130; 170 130,ITI;withStim,"","","","","49",search,Target2,neutral,-170 -130;170 -130;-170 130;170 130;-170 -130;170 -130;-170 130;170 130,703,101,"6.94",550577,left,775,"1",""
"239","1","1",test,"",N4,y_round6,N12,target3,left,left,right,right,right,.jpg,"700",correct: Correct!; incorrect: Incorrect!,center,"300","5000",left right,"",60%;60%;60%;60%;80%;80%;80%;80%,-170 -130; 170 -130; -170 130; 170 130; -170 -130; 170 -130; -170 130; 170 130,ITI;withStim,"","","","","75",search,Target3,yellow,-170 -130;170 -130;-170 130;170 130;-170 -130;170 -130;-170 130;170 130,701,101,"6.95",552423,right,843,"1",""
"205","1","1",test,"",r_cylinder6,target2,N16,N15,right,left,right,left,left,.jpg,"700",correct: Correct!; incorrect: Incorrect!,center,"300","5000",left right,"",60%;60%;60%;60%;80%;80%;80%;80%,-170 -130; 170 -130; -170 130; 170 130; -170 -130; 170 -130; -170 130; 170 130,ITI;withStim,"","","","","41",search,Target2,red,-170 -130;170 -130;-170 130;170 130;-170 -130;170 -130;-170 130;170 130,701,101,"6.94",554477,left,1049,"1",""
"208","1","1",test,"",target2,N7,N4,r_square6,left,left,right,right,left,.jpg,"700",correct: Correct!; incorrect: Incorrect!,center,"300","5000",left right,"",60%;60%;60%;60%;80%;80%;80%;80%,-170 -130; 170 -130; -170 130; 170 130; -170 -130; 170 -130; -170 130; 170 130,ITI;withStim,"","","","","44",search,Target2,red,-170 -130;170 -130;-170 130;170 130;-170 -130;170 -130;-170 130;170 130,701,101,"6.94",556324,left,848,"1",""
"228","1","1",test,"",N9,target2,y_square1,N8,left,left,right,right,left,.jpg,"700",correct: Correct!; incorrect: Incorrect!,center,"300","5000",left right,"",60%;60%;60%;60%;80%;80%;80%;80%,-170 -130; 170 -130; -170 130; 170 130; -170 -130; 170 -130; -170 130; 170 130,ITI;withStim,"","","","","64",search,Target2,yellow,-170 -130;170 -130;-170 130;170 130;-170 -130;170 -130;-170 130;170 130,703,100,"7.02",558219,left,895,"1",""
"220","1","1",test,"",target3,y_irr2,N4,N22,right,left,left,right,right,.jpg,"700",correct: Correct!; incorrect: Incorrect!,center,"300","5000",left right,"",60%;60%;60%;60%;80%;80%;80%;80%,-170 -130; 170 -130; -170 130; 170 130; -170 -130; 170 -130; -170 130; 170 130,ITI;withStim,"","","","","56",search,Target3,yellow,-170 -130;170 -130;-170 130;170 130;-170 -130;170 -130;-170 130;170 130,700,101,"6.94",560082,right,863,"1",""
"165","1","1",test,"",N17,r_cylinder5,N4,target2,left,right,left,right,right,.jpg,"700",correct: Correct!; incorrect: Incorrect!,center,"300","5000",left right,"",60%;60%;60%;60%;80%;80%;80%;80%,-170 -130; 170 -130; -170 130; 170 130; -170 -130; 170 -130; -170 130; 170 130,ITI;withStim,"","","","","1",search,Target2,red,-170 -130;170 -130;-170 130;170 130;-170 -130;170 -130;-170 130;170 130,701,101,"6.94",562278,right,1190,"1",""
"240","1","1",test,"",N27,target3,N17,N7,right,left,right,left,left,.jpg,"700",correct: Correct!; incorrect: Incorrect!,center,"300","5000",left right,"",60%;60%;60%;60%;80%;80%;80%;80%,-170 -130; 170 -130; -170 130; 170 130; -170 -130; 170 -130; -170 130; 170 130,ITI;withStim,"","","","","76",search,Target3,neutral,-170 -130;170 -130;-170 130;170 130;-170 -130;170 -130;-170 130;170 130,701,101,"6.94",564134,left,853,"1",""
"179","1","1",test,"",target3,N4,N24,N14,left,left,right,right,left,.jpg,"700",correct: Correct!; incorrect: Incorrect!,center,"300","5000",left right,"",60%;60%;60%;60%;80%;80%;80%;80%,-170 -130; 170 -130; -170 130; 170 130; -170 -130; 170 -130; -170 130; 170 130,ITI;withStim,"","","","","15",search,Target3,neutral,-170 -130;170 -130;-170 130;170 130;-170 -130;170 -130;-170 130;170 130,702,101,"6.95",566510,left,1367,"1",""
"177","1","1",test,"",target2,N10,N20,N30,left,left,right,right,left,.jpg,"700",correct: Correct!; incorrect: Incorrect!,center,"300","5000",left right,"",60%;60%;60%;60%;80%;80%;80%;80%,-170 -130; 170 -130; -170 130; 170 130; -170 -130; 170 -130; -170 130; 170 130,ITI;withStim,"","","","","13",search,Target2,neutral,-170 -130;170 -130;-170 130;170 130;-170 -130;170 -130;-170 130;170 130,702,101,"6.93",568436,left,917,"1",""
"243","1","1",test,"",target3,b_cylinder5,N2,N15,right,left,right,left,right,.jpg,"700",correct: Correct!; incorrect: Incorrect!,center,"300","5000",left right,"",60%;60%;60%;60%;80%;80%;80%;80%,-170 -130; 170 -130; -170 130; 170 130; -170 -130; 170 -130; -170 130; 170 130,ITI;withStim,"","","","","79",search,Target3,blue,-170 -130;170 -130;-170 130;170 130;-170 -130;170 -130;-170 130;170 130,701,101,"6.94",570433,right,999,"1",""
"233","1","1",test,"",target3,N26,N29,b_round5,left,right,left,right,left,.jpg,"700",correct: Correct!; incorrect: Incorrect!,center,"300","5000",left right,"",60%;60%;60%;60%;80%;80%;80%;80%,-170 -130; 170 -130; -170 130; 170 130; -170 -130; 170 -130; -170 130; 170 130,ITI;withStim,"","","","","69",search,Target3,blue,-170 -130;170 -130;-170 130;170 130;-170 -130;170 -130;-170 130;170 130,701,101,"6.95",572519,left,1084,"1",""
"185","1","1",test,"",target1,N17,N27,N7,right,right,left,left,right,.jpg,"700",correct: Correct!; incorrect: Incorrect!,center,"300","5000",left right,"",60%;60%;60%;60%;80%;80%;80%;80%,-170 -130; 170 -130; -170 130; 170 130; -170 -130; 170 -130; -170 130; 170 130,ITI;withStim,"","","","","21",search,Target1,neutral,-170 -130;170 -130;-170 130;170 130;-170 -130;170 -130;-170 130;170 130,702,101,"6.95",574351,right,827,"1",""
"214","1","1",test,"",N18,r_cylinder2,N15,target1,right,right,left,left,left,.jpg,"700",correct: Correct!; incorrect: Incorrect!,center,"300","5000",left right,"",60%;60%;60%;60%;80%;80%;80%;80%,-170 -130; 170 -130; -170 130; 170 130; -170 -130; 170 -130; -170 130; 170 130,ITI;withStim,"","","","","50",search,Target1,red,-170 -130;170 -130;-170 130;170 130;-170 -130;170 -130;-170 130;170 130,701,101,"6.96",576187,left,836,"1",""
"248","1","1",test,"",N19,N12,r_cylinder4,target2,left,right,right,left,left,.jpg,"700",correct: Correct!; incorrect: Incorrect!,center,"300","5000",left right,"",60%;60%;60%;60%;80%;80%;80%;80%,-170 -130; 170 -130; -170 130; 170 130; -170 -130; 170 -130; -170 130; 170 130,ITI;withStim,"","","","","84",search,Target2,red,-170 -130;170 -130;-170 130;170 130;-170 -130;170 -130;-170 130;170 130,702,101,"6.94",578461,left,1277,"1",""
"171","1","1",test,"",b_cylinder4,N22,N4,target3,right,left,left,right,right,.jpg,"700",correct: Correct!; incorrect: Incorrect!,center,"300","5000",left right,"",60%;60%;60%;60%;80%;80%;80%;80%,-170 -130; 170 -130; -170 130; 170 130; -170 -130; 170 -130; -170 130; 170 130,ITI;withStim,"","","","","7",search,Target3,blue,-170 -130;170 -130;-170 130;170 130;-170 -130;170 -130;-170 130;170 130,702,101,"6.94",580653,right,1191,"1",""
"254","1","1",test,"",b_irr1,N9,target1,N20,left,right,right,left,right,.jpg,"700",correct: Correct!; incorrect: Incorrect!,center,"300","5000",left right,"",60%;60%;60%;60%;80%;80%;80%;80%,-170 -130; 170 -130; -170 130; 170 130; -170 -130; 170 -130; -170 130; 170 130,ITI;withStim,"","","","","90",search,Target1,blue,-170 -130;170 -130;-170 130;170 130;-170 -130;170 -130;-170 130;170 130,702,101,"6.94",584211,right,2554,"1",""
"226","1","1",test,"",N18,target3,N28,N8,right,left,left,right,left,.jpg,"700",correct: Correct!; incorrect: Incorrect!,center,"300","5000",left right,"",60%;60%;60%;60%;80%;80%;80%;80%,-170 -130; 170 -130; -170 130; 170 130; -170 -130; 170 -130; -170 130; 170 130,ITI;withStim,"","","","","62",search,Target3,neutral,-170 -130;170 -130;-170 130;170 130;-170 -130;170 -130;-170 130;170 130,701,101,"6.96",586390,left,1178,"1",""
"252","1","1",test,"",N26,b_cylinder2,target1,N9,right,left,left,right,left,.jpg,"700",correct: Correct!; incorrect: Incorrect!,center,"300","5000",left right,"",60%;60%;60%;60%;80%;80%;80%;80%,-170 -130; 170 -130; -170 130; 170 130; -170 -130; 170 -130; -170 130; 170 130,ITI;withStim,"","","","","88",search,Target1,blue,-170 -130;170 -130;-170 130;170 130;-170 -130;170 -130;-170 130;170 130,702,101,"6.93",588205,left,812,"1",""
"249","1","1",test,"",N12,N14,target2,r_round4,right,left,right,left,right,.jpg,"700",correct: Correct!; incorrect: Incorrect!,center,"300","5000",left right,"",60%;60%;60%;60%;80%;80%;80%;80%,-170 -130; 170 -130; -170 130; 170 130; -170 -130; 170 -130; -170 130; 170 130,ITI;withStim,"","","","","85",search,Target2,red,-170 -130;170 -130;-170 130;170 130;-170 -130;170 -130;-170 130;170 130,701,101,"6.94",590614,right,1408,"1",""
"173","1","1",test,"",N26,y_round4,target3,N15,left,right,left,right,left,.jpg,"700",correct: Correct!; incorrect: Incorrect!,center,"300","5000",left right,"",60%;60%;60%;60%;80%;80%;80%;80%,-170 -130; 170 -130; -170 130; 170 130; -170 -130; 170 -130; -170 130; 170 130,ITI;withStim,"","","","","9",search,Target3,yellow,-170 -130;170 -130;-170 130;170 130;-170 -130;170 -130;-170 130;170 130,702,101,"6.94",592649,left,1026,"1",""
"168","1","1",test,"",target1,N10,N12,r_square3,right,left,left,right,right,.jpg,"700",correct: Correct!; incorrect: Incorrect!,center,"300","5000",left right,"",60%;60%;60%;60%;80%;80%;80%;80%,-170 -130; 170 -130; -170 130; 170 130; -170 -130; 170 -130; -170 130; 170 130,ITI;withStim,"","","","","4",search,Target1,red,-170 -130;170 -130;-170 130;170 130;-170 -130;170 -130;-170 130;170 130,701,101,"6.95",594756,right,1099,"1",""
"211","1","1",test,"",target2,N2,N12,N22,right,right,left,left,right,.jpg,"700",correct: Correct!; incorrect: Incorrect!,center,"300","5000",left right,"",60%;60%;60%;60%;80%;80%;80%;80%,-170 -130; 170 -130; -170 130; 170 130; -170 -130; 170 -130; -170 130; 170 130,ITI;withStim,"","","","","47",search,Target2,neutral,-170 -130;170 -130;-170 130;170 130;-170 -130;170 -130;-170 130;170 130,701,101,"6.95",596703,right,950,"1",""
"189","1","1",test,"",target2,N17,y_square3,N12,right,left,right,left,right,.jpg,"700",correct: Correct!; incorrect: Incorrect!,center,"300","5000",left right,"",60%;60%;60%;60%;80%;80%;80%;80%,-170 -130; 170 -130; -170 130; 170 130; -170 -130; 170 -130; -170 130; 170 130,ITI;withStim,"","","","","25",search,Target2,yellow,-170 -130;170 -130;-170 130;170 130;-170 -130;170 -130;-170 130;170 130,701,101,"6.94",598414,right,702,"1",""
"244","1","1",test,"",N8,N28,target1,N18,right,right,left,left,left,.jpg,"700",correct: Correct!; incorrect: Incorrect!,center,"300","5000",left right,"",60%;60%;60%;60%;80%;80%;80%;80%,-170 -130; 170 -130; -170 130; 170 130; -170 -130; 170 -130; -170 130; 170 130,ITI;withStim,"","","","","80",search,Target1,neutral,-170 -130;170 -130;-170 130;170 130;-170 -130;170 -130;-170 130;170 130,702,101,"6.94",600287,left,866,"1",""
"201","1","1",test,"",r_round1,target1,N7,N15,right,left,right,left,left,.jpg,"700",correct: Correct!; incorrect: Incorrect!,center,"300","5000",left right,"",60%;60%;60%;60%;80%;80%;80%;80%,-170 -130; 170 -130; -170 130; 170 130; -170 -130; 170 -130; -170 130; 170 130,ITI;withStim,"","","","","37",search,Target1,red,-170 -130;170 -130;-170 130;170 130;-170 -130;170 -130;-170 130;170 130,701,101,"6.95",602094,left,799,"1",""
"251","1","1",test,"",b_square6,target3,N10,N15,right,right,left,left,right,.jpg,"700",correct: Correct!; incorrect: Incorrect!,center,"300","5000",left right,"",60%;60%;60%;60%;80%;80%;80%;80%,-170 -130; 170 -130; -170 130; 170 130; -170 -130; 170 -130; -170 130; 170 130,ITI;withStim,"","","","","87",search,Target3,blue,-170 -130;170 -130;-170 130;170 130;-170 -130;170 -130;-170 130;170 130,701,101,"6.94",604208,right,1107,"1",""
"225","1","1",test,"",target2,N5,y_irr1,N10,right,left,left,right,right,.jpg,"700",correct: Correct!; incorrect: Incorrect!,center,"300","5000",left right,"",60%;60%;60%;60%;80%;80%;80%;80%,-170 -130; 170 -130; -170 130; 170 130; -170 -130; 170 -130; -170 130; 170 130,ITI;withStim,"","","","","61",search,Target2,yellow,-170 -130;170 -130;-170 130;170 130;-170 -130;170 -130;-170 130;170 130,701,101,"6.95",606414,right,1201,"1",""
"217","1","1",test,"",N6,r_cylinder3,N7,target1,left,right,left,right,right,.jpg,"700",correct: Correct!; incorrect: Incorrect!,center,"300","5000",left right,"",60%;60%;60%;60%;80%;80%;80%;80%,-170 -130; 170 -130; -170 130; 170 130; -170 -130; 170 -130; -170 130; 170 130,ITI;withStim,"","","","","53",search,Target1,red,-170 -130;170 -130;-170 130;170 130;-170 -130;170 -130;-170 130;170 130,702,101,"6.95",608405,right,984,"1",""
"245","1","1",test,"",N2,N3,target1,b_square2,right,left,right,left,right,.jpg,"700",correct: Correct!; incorrect: Incorrect!,center,"300","5000",left right,"",60%;60%;60%;60%;80%;80%;80%;80%,-170 -130; 170 -130; -170 130; 170 130; -170 -130; 170 -130; -170 130; 170 130,ITI;withStim,"","","","","81",search,Target1,blue,-170 -130;170 -130;-170 130;170 130;-170 -130;170 -130;-170 130;170 130,703,101,"6.95",610441,right,1034,"1",""
"209","1","1",test,"",N11,target1,b_round3,N9,right,right,left,left,right,.jpg,"700",correct: Correct!; incorrect: Incorrect!,center,"300","5000",left right,"",60%;60%;60%;60%;80%;80%;80%;80%,-170 -130; 170 -130; -170 130; 170 130; -170 -130; 170 -130; -170 130; 170 130,ITI;withStim,"","","","","45",search,Target1,blue,-170 -130;170 -130;-170 130;170 130;-170 -130;170 -130;-170 130;170 130,702,101,"6.94",612362,right,920,"1",""
"237","1","1",test,"",target3,N9,y_square5,N3,right,left,left,right,right,.jpg,"700",correct: Correct!; incorrect: Incorrect!,center,"300","5000",left right,"",60%;60%;60%;60%;80%;80%;80%;80%,-170 -130; 170 -130; -170 130; 170 130; -170 -130; 170 -130; -170 130; 170 130,ITI;withStim,"","","","","73",search,Target3,yellow,-170 -130;170 -130;-170 130;170 130;-170 -130;170 -130;-170 130;170 130,701,101,"6.95",614264,right,892,"1",""
"169","1","1",test,"",target3,N21,b_cylinder6,N16,left,right,right,left,left,.jpg,"700",correct: Correct!; incorrect: Incorrect!,center,"300","5000",left right,"",60%;60%;60%;60%;80%;80%;80%;80%,-170 -130; 170 -130; -170 130; 170 130; -170 -130; 170 -130; -170 130; 170 130,ITI;withStim,"","","","","5",search,Target3,blue,-170 -130;170 -130;-170 130;170 130;-170 -130;170 -130;-170 130;170 130,701,101,"6.94",616313,left,1045,"1",""
"221","1","1",test,"",target1,r_square1,N7,N5,right,right,left,left,right,.jpg,"700",correct: Correct!; incorrect: Incorrect!,center,"300","5000",left right,"",60%;60%;60%;60%;80%;80%;80%;80%,-170 -130; 170 -130; -170 130; 170 130; -170 -130; 170 -130; -170 130; 170 130,ITI;withStim,"","","","","57",search,Target1,red,-170 -130;170 -130;-170 130;170 130;-170 -130;170 -130;-170 130;170 130,701,101,"6.95",618470,right,1154,"1",""
"183","1","1",test,"",target1,N12,N2,N22,left,left,right,right,left,.jpg,"700",correct: Correct!; incorrect: Incorrect!,center,"300","5000",left right,"",60%;60%;60%;60%;80%;80%;80%;80%,-170 -130; 170 -130; -170 130; 170 130; -170 -130; 170 -130; -170 130; 170 130,ITI;withStim,"","","","","19",search,Target1,neutral,-170 -130;170 -130;-170 130;170 130;-170 -130;170 -130;-170 130;170 130,701,101,"6.94",620326,left,857,"1",""
"222","1","1",test,"",N3,N16,y_round5,target3,right,right,left,left,left,.jpg,"700",correct: Correct!; incorrect: Incorrect!,center,"300","5000",left right,"",60%;60%;60%;60%;80%;80%;80%;80%,-170 -130; 170 -130; -170 130; 170 130; -170 -130; 170 -130; -170 130; 170 130,ITI;withStim,"","","","","58",search,Target3,yellow,-170 -130;170 -130;-170 130;170 130;-170 -130;170 -130;-170 130;170 130,702,101,"6.94",622342,left,1019,"1",""
"231","1","1",test,"",target1,b_round2,N20,N10,left,left,right,right,left,.jpg,"700",correct: Correct!; incorrect: Incorrect!,center,"300","5000",left right,"",60%;60%;60%;60%;80%;80%;80%;80%,-170 -130; 170 -130; -170 130; 170 130; -170 -130; 170 -130; -170 130; 170 130,ITI;withStim,"","","","","67",search,Target1,blue,-170 -130;170 -130;-170 130;170 130;-170 -130;170 -130;-170 130;170 130,700,101,"6.94",624180,left,836,"1",""
"232","1","1",test,"",y_round1,N7,target2,N8,left,right,right,left,right,.jpg,"700",correct: Correct!; incorrect: Incorrect!,center,"300","5000",left right,"",60%;60%;60%;60%;80%;80%;80%;80%,-170 -130; 170 -130; -170 130; 170 130; -170 -130; 170 -130; -170 130; 170 130,ITI;withStim,"","","","","68",search,Target2,yellow,-170 -130;170 -130;-170 130;170 130;-170 -130;170 -130;-170 130;170 130,702,101,"6.95",626377,right,1193,"1",""
"198","1","1",test,"",N8,target2,N18,N28,left,right,left,right,right,.jpg,"700",correct: Correct!; incorrect: Incorrect!,center,"300","5000",left right,"",60%;60%;60%;60%;80%;80%;80%;80%,-170 -130; 170 -130; -170 130; 170 130; -170 -130; 170 -130; -170 130; 170 130,ITI;withStim,"","","","","34",search,Target2,neutral,-170 -130;170 -130;-170 130;170 130;-170 -130;170 -130;-170 130;170 130,701,101,"6.94",628919,right,1540,"1",""
"256","","",form,What information did you use to find the target during the search task?,"","","","","","","","","","","","","","","","",survey,"","","",radio,I only used color; I only used shape; I used color first and then shape; I used shape first and then color; I used color and shape at the same time,"1","1","",survey,"","","",0,101,"6.94",656624,I used shape first and then color,25580,"0","4"
"257","","",form,"How frequently did you use the color blue to find the target? (1 = least frequent, 5 = most frequent)","","","","","","","","","","","","","","","","",survey,"","","",slider,1_5_1; 1,"1","1","",survey,"","","",0,101,"6.94",656624,"2",25580,"0","2"
"258","","",form,How frequently did you use the color red to find the target?,"","","","","","","","","","","","","","","","",survey,"","","",slider,1_5_1; 1,"1","1","",survey,"","","",0,101,"6.95",656624,"3",25580,"0","3"
"259","","",form,How frequently did you use the color yellow to find the target?,"","","","","","","","","","","","","","","","",survey,"","","",slider,1_5_1; 1,"1","1","",survey,"","","",0,101,"6.96",656624,"2",25580,"0","2"
"260","","",form,"How focused were you over the course of this experiment?  (1 = Not at all, 9 = Very)","","","","","","","","","","","","","","","","",survey,"","","",slider,1_9_1; 1,"1","1","",survey,"","","",0,101,"6.95",656624,"8",25580,"0","8"