GMT_timestamp,local_timestamp,trial_file_version,link,duration_s
2024-09-04_09:39:38,2024-09-04_17:39:38,2024-08-26_14:42:27,https://www.testable.org/experiment/11000/568133/start?sona_id=120926,798.347

rowNo,random,randomBlock,type,head,stim1,stim2,stim3,stim4,stim5,stim6,stim7,stim8,key,stimFormat,ITI,feedback,feedbackOptions,feedbackTime,responseWindow,keyboard,title,stimSize,stimPos,fixation,responseType,responseOptions,required,separator,trial_num,tasks,cond_target,cond_level,stimPos_actual,ITI_ms,ITI_f,ITI_fDuration,timestamp,response,RT,correct,responseCode
"3","","",form,"Participant ID (Your initials and last four digits of student ID, e.g, XY5750)","","","","","","","","","","","","","","","","","","","","",comment,"","1","1","",demo,"","","",0,0,0,151098,"814280",92102,"0",NA
"4","","",form,Age,"","","","","","","","","","","","","","","","","","","","",comment,"","1","1","",demo,"","","",0,"","",151098,"19",92102,"0",NA
"5","","",form,Date of Birth (MM/DD/YYYY),"","","","","","","","","","","","","","","","","","","","",comment,"","1","1","",demo,"","","",0,"","",151098,11/28/2004,92102,"0",NA
"6","","",form,Today's Date (MM/DD/YYYY),"","","","","","","","","","","","","","","","","","","","",comment,"","1","1","",demo,"","","",0,"","",151098,09/04/2024,92102,"0",NA
"7","","",form,Gender,"","","","","","","","","","","","","","","","","","","","",dropdown,Male; Female; Non Binary,"1","1","",demo,"","","",0,"","",151098,Female,92102,"0","2"
"8","","",form,Handedness,"","","","","","","","","","","","","","","","","","","","",dropdown,Right; Left,"1","1","",demo,"","","",0,"","",151098,Right,92102,"0","1"
"9","","",form,Ethnicity,"","","","","","","","","","","","","","","","","","","","",dropdown,Hispanic or Latino; Not hispanic or Latino,"1","1","",demo,"","","",0,"","",151098,Not hispanic or Latino,92102,"0","2"
"10","","",form,Race,"","","","","","","","","","","","","","","","","","","","",dropdown,American Inidan/ Alaskan tive; Asian; Other pacific Islander; Black or African American; White; More than One race; Not Listed,"1","1","",demo,"","","",0,"","",151098,Asian,92102,"0","2"
"48","1","",test,"",target3,"","","","","","","",y,.jpg,"700",correct: Correct!; incorrect: Incorrect!,center,"300","5000",y i,"",60%,"",ITI,"","","","","31",training,target3,target,"",698,"","",176074,y,1204,"1",""
"45","1","",test,"",target2,"","","","","","","",y,.jpg,"700",correct: Correct!; incorrect: Incorrect!,center,"300","5000",y i,"",60%,"",ITI,"","","","","28",training,target2,target,"",704,0,0,178314,i,1238,"0",""
"20","1","",test,"",r_square1,"","","","","","","",i,.jpg,"700",correct: Correct!; incorrect: Incorrect!,center,"300","5000",y i,"",60%,"",ITI,"","","","","3",training,red,non target,"",704,0,0,180540,i,1220,"1",""
"26","1","",test,"",N3,"","","","","","","",i,.jpg,"700",correct: Correct!; incorrect: Incorrect!,center,"300","5000",y i,"",60%,"",ITI,"","","","","9",training,neutral,non target,"",702,0,0,182367,i,820,"1",""
"44","1","",test,"",target2,"","","","","","","",y,.jpg,"700",correct: Correct!; incorrect: Incorrect!,center,"300","5000",y i,"",60%,"",ITI,"","","","","27",training,target2,target,"",701,0,0,184340,y,969,"1",""
"33","1","",test,"",b_irr1,"","","","","","","",i,.jpg,"700",correct: Correct!; incorrect: Incorrect!,center,"300","5000",y i,"",60%,"",ITI,"","","","","16",training,blue,non target,"",698,0,0,186152,i,812,"1",""
"32","1","",test,"",b_square1,"","","","","","","",i,.jpg,"700",correct: Correct!; incorrect: Incorrect!,center,"300","5000",y i,"",60%,"",ITI,"","","","","15",training,blue,non target,"",698,0,0,187801,i,654,"1",""
"23","1","",test,"",y_round1,"","","","","","","",i,.jpg,"700",correct: Correct!; incorrect: Incorrect!,center,"300","5000",y i,"",60%,"",ITI,"","","","","6",training,yellow,non target,"",700,0,0,189512,i,707,"1",""
"19","1","",test,"",r_round1,"","","","","","","",i,.jpg,"700",correct: Correct!; incorrect: Incorrect!,center,"300","5000",y i,"",60%,"",ITI,"","","","","2",training,red,non target,"",704,82,"8.52",191679,i,1165,"1",""
"29","1","",test,"",N6,"","","","","","","",i,.jpg,"700",correct: Correct!; incorrect: Incorrect!,center,"300","5000",y i,"",60%,"",ITI,"","","","","12",training,neutral,non target,"",698,85,"8.28",193327,i,649,"1",""
"28","1","",test,"",N5,"","","","","","","",i,.jpg,"700",correct: Correct!; incorrect: Incorrect!,center,"300","5000",y i,"",60%,"",ITI,"","","","","11",training,neutral,non target,"",700,85,"8.28",194981,i,657,"1",""
"37","1","",test,"",target1,"","","","","","","",y,.jpg,"700",correct: Correct!; incorrect: Incorrect!,center,"300","5000",y i,"",60%,"",ITI,"","","","","20",training,target1,target,"",703,85,"8.26",196802,y,817,"1",""
"40","1","",test,"",target1,"","","","","","","",y,.jpg,"700",correct: Correct!; incorrect: Incorrect!,center,"300","5000",y i,"",60%,"",ITI,"","","","","23",training,target1,target,"",696,85,"8.25",198317,y,520,"1",""
"22","1","",test,"",y_cylinder1,"","","","","","","",i,.jpg,"700",correct: Correct!; incorrect: Incorrect!,center,"300","5000",y i,"",60%,"",ITI,"","","","","5",training,yellow,non target,"",702,84,"8.31",199934,i,612,"1",""
"18","1","",test,"",r_cylinder1,"","","","","","","",i,.jpg,"700",correct: Correct!; incorrect: Incorrect!,center,"300","5000",y i,"",60%,"",ITI,"","","","","1",training,red,non target,"",703,84,"8.30",201775,i,835,"1",""
"47","1","",test,"",target2,"","","","","","","",y,.jpg,"700",correct: Correct!; incorrect: Incorrect!,center,"300","5000",y i,"",60%,"",ITI,"","","","","30",training,target2,target,"",697,85,"8.24",203762,y,989,"1",""
"34","1","",test,"",y_square1,"","","","","","","",i,.jpg,"700",correct: Correct!; incorrect: Incorrect!,center,"300","5000",y i,"",60%,"",ITI,"","","","","17",training,yellow,non target,"",697,85,"8.28",205480,i,714,"1",""
"35","1","",test,"",y_irr1,"","","","","","","",i,.jpg,"700",correct: Correct!; incorrect: Incorrect!,center,"300","5000",y i,"",60%,"",ITI,"","","","","18",training,yellow,non target,"",701,84,"8.31",207196,i,708,"1",""
"52","1","",test,"",target3,"","","","","","","",y,.jpg,"700",correct: Correct!; incorrect: Incorrect!,center,"300","5000",y i,"",60%,"",ITI,"","","","","35",training,target3,target,"",703,85,"8.24",209350,y,1148,"1",""
"50","1","",test,"",target3,"","","","","","","",y,.jpg,"700",correct: Correct!; incorrect: Incorrect!,center,"300","5000",y i,"",60%,"",ITI,"","","","","33",training,target3,target,"",702,85,"8.27",210864,y,514,"1",""
"24","1","",test,"",N1,"","","","","","","",i,.jpg,"700",correct: Correct!; incorrect: Incorrect!,center,"300","5000",y i,"",60%,"",ITI,"","","","","7",training,neutral,non target,"",698,84,"8.29",212483,i,617,"1",""
"38","1","",test,"",target1,"","","","","","","",y,.jpg,"700",correct: Correct!; incorrect: Incorrect!,center,"300","5000",y i,"",60%,"",ITI,"","","","","21",training,target1,target,"",702,85,"8.26",214098,y,613,"1",""
"49","1","",test,"",target3,"","","","","","","",y,.jpg,"700",correct: Correct!; incorrect: Incorrect!,center,"300","5000",y i,"",60%,"",ITI,"","","","","32",training,target3,target,"",701,85,"8.27",215955,y,857,"1",""
"43","1","",test,"",target2,"","","","","","","",y,.jpg,"700",correct: Correct!; incorrect: Incorrect!,center,"300","5000",y i,"",60%,"",ITI,"","","","","26",training,target2,target,"",701,84,"8.30",217552,y,593,"1",""
"27","1","",test,"",N4,"","","","","","","",i,.jpg,"700",correct: Correct!; incorrect: Incorrect!,center,"300","5000",y i,"",60%,"",ITI,"","","","","10",training,neutral,non target,"",698,84,"8.30",219189,i,639,"1",""
"39","1","",test,"",target1,"","","","","","","",y,.jpg,"700",correct: Correct!; incorrect: Incorrect!,center,"300","5000",y i,"",60%,"",ITI,"","","","","22",training,target1,target,"",703,85,"8.25",220753,y,561,"1",""
"31","1","",test,"",b_round1,"","","","","","","",i,.jpg,"700",correct: Correct!; incorrect: Incorrect!,center,"300","5000",y i,"",60%,"",ITI,"","","","","14",training,blue,non target,"",700,85,"8.27",222387,i,633,"1",""
"51","1","",test,"",target3,"","","","","","","",y,.jpg,"700",correct: Correct!; incorrect: Incorrect!,center,"300","5000",y i,"",60%,"",ITI,"","","","","34",training,target3,target,"",701,85,"8.26",224013,y,622,"1",""
"46","1","",test,"",target2,"","","","","","","",y,.jpg,"700",correct: Correct!; incorrect: Incorrect!,center,"300","5000",y i,"",60%,"",ITI,"","","","","29",training,target2,target,"",696,85,"8.21",225661,y,651,"1",""
"53","1","",test,"",target3,"","","","","","","",y,.jpg,"700",correct: Correct!; incorrect: Incorrect!,center,"300","5000",y i,"",60%,"",ITI,"","","","","36",training,target3,target,"",696,85,"8.26",227260,y,602,"1",""
"25","1","",test,"",N2,"","","","","","","",i,.jpg,"700",correct: Correct!; incorrect: Incorrect!,center,"300","5000",y i,"",60%,"",ITI,"","","","","8",training,neutral,non target,"",699,85,"8.25",228724,i,460,"1",""
"36","1","",test,"",target1,"","","","","","","",y,.jpg,"700",correct: Correct!; incorrect: Incorrect!,center,"300","5000",y i,"",60%,"",ITI,"","","","","19",training,target1,target,"",699,85,"8.24",230195,y,471,"1",""
"30","1","",test,"",b_cylinder1,"","","","","","","",i,.jpg,"700",correct: Correct!; incorrect: Incorrect!,center,"300","5000",y i,"",60%,"",ITI,"","","","","13",training,blue,non target,"",698,85,"8.21",231817,i,622,"1",""
"41","1","",test,"",target1,"","","","","","","",y,.jpg,"700",correct: Correct!; incorrect: Incorrect!,center,"300","5000",y i,"",60%,"",ITI,"","","","","24",training,target1,target,"",700,85,"8.27",233434,y,620,"1",""
"21","1","",test,"",r_irr1,"","","","","","","",i,.jpg,"700",correct: Correct!; incorrect: Incorrect!,center,"300","5000",y i,"",60%,"",ITI,"","","","","4",training,red,non target,"",699,85,"8.24",235007,i,573,"1",""
"42","1","",test,"",target2,"","","","","","","",y,.jpg,"700",correct: Correct!; incorrect: Incorrect!,center,"300","5000",y i,"",60%,"",ITI,"","","","","25",training,target2,target,"",700,85,"8.25",237001,y,991,"1",""
"115","1","1",test,"",N3,N13,N23,target2,right,left,left,right,right,.jpg,"700",correct: Correct!; incorrect: Incorrect!,center,"300","5000",left right,"",60%;60%;60%;60%;80%;80%;80%;80%,-170 -130; 170 -130; -170 130; 170 130; -170 -130; 170 -130; -170 130; 170 130,ITI;withStim,"","","","","42",search,Target2,neutral,-170 -130;170 -130;-170 130;170 130;-170 -130;170 -130;-170 130;170 130,697,85,"8.19",357706,right,1041,"1",""
"130","1","1",test,"",target1,r_square1,N7,N5,right,right,left,left,right,.jpg,"700",correct: Correct!; incorrect: Incorrect!,center,"300","5000",left right,"",60%;60%;60%;60%;80%;80%;80%;80%,-170 -130; 170 -130; -170 130; 170 130; -170 -130; 170 -130; -170 130; 170 130,ITI;withStim,"","","","","57",search,Target1,red,-170 -130;170 -130;-170 130;170 130;-170 -130;170 -130;-170 130;170 130,699,85,"8.19",359641,left,928,"0",""
"101","1","1",test,"",N10,N30,target3,N20,right,left,left,right,left,.jpg,"700",correct: Correct!; incorrect: Incorrect!,center,"300","5000",left right,"",60%;60%;60%;60%;80%;80%;80%;80%,-170 -130; 170 -130; -170 130; 170 130; -170 -130; 170 -130; -170 130; 170 130,ITI;withStim,"","","","","28",search,Target3,neutral,-170 -130;170 -130;-170 130;170 130;-170 -130;170 -130;-170 130;170 130,698,85,"8.22",362782,left,2139,"1",""
"75","1","1",test,"",N12,r_cylinder1,target1,N15,right,left,left,right,left,.jpg,"700",correct: Correct!; incorrect: Incorrect!,center,"300","5000",left right,"",60%;60%;60%;60%;80%;80%;80%;80%,-170 -130; 170 -130; -170 130; 170 130; -170 -130; 170 -130; -170 130; 170 130,ITI;withStim,"","","","","2",search,Target1,red,-170 -130;170 -130;-170 130;170 130;-170 -130;170 -130;-170 130;170 130,698,85,"8.22",364890,left,1107,"1",""
"128","1","1",test,"",N19,N29,N9,target3,right,left,right,left,left,.jpg,"700",correct: Correct!; incorrect: Incorrect!,center,"300","5000",left right,"",60%;60%;60%;60%;80%;80%;80%;80%,-170 -130; 170 -130; -170 130; 170 130; -170 -130; 170 -130; -170 130; 170 130,ITI;withStim,"","","","","55",search,Target3,neutral,-170 -130;170 -130;-170 130;170 130;-170 -130;170 -130;-170 130;170 130,699,85,"8.21",366517,right,626,"0",""
"144","1","1",test,"",N5,N15,target3,N25,right,right,left,left,left,.jpg,"700",correct: Correct!; incorrect: Incorrect!,center,"300","5000",left right,"",60%;60%;60%;60%;80%;80%;80%;80%,-170 -130; 170 -130; -170 130; 170 130; -170 -130; 170 -130; -170 130; 170 130,ITI;withStim,"","","","","71",search,Target3,neutral,-170 -130;170 -130;-170 130;170 130;-170 -130;170 -130;-170 130;170 130,701,85,"8.23",368256,left,731,"1",""
"90","1","1",test,"",N10,N25,target3,b_round4,left,right,right,left,right,.jpg,"700",correct: Correct!; incorrect: Incorrect!,center,"300","5000",left right,"",60%;60%;60%;60%;80%;80%;80%;80%,-170 -130; 170 -130; -170 130; 170 130; -170 -130; 170 -130; -170 130; 170 130,ITI;withStim,"","","","","17",search,Target3,blue,-170 -130;170 -130;-170 130;170 130;-170 -130;170 -130;-170 130;170 130,703,85,"8.23",370663,left,1404,"0",""
"135","1","1",test,"",N18,target3,N28,N8,right,left,left,right,left,.jpg,"700",correct: Correct!; incorrect: Incorrect!,center,"300","5000",left right,"",60%;60%;60%;60%;80%;80%;80%;80%,-170 -130; 170 -130; -170 130; 170 130; -170 -130; 170 -130; -170 130; 170 130,ITI;withStim,"","","","","62",search,Target3,neutral,-170 -130;170 -130;-170 130;170 130;-170 -130;170 -130;-170 130;170 130,697,85,"8.23",372253,right,593,"0",""
"114","1","1",test,"",r_cylinder6,target2,N16,N15,right,left,right,left,left,.jpg,"700",correct: Correct!; incorrect: Incorrect!,center,"300","5000",left right,"",60%;60%;60%;60%;80%;80%;80%;80%,-170 -130; 170 -130; -170 130; 170 130; -170 -130; 170 -130; -170 130; 170 130,ITI;withStim,"","","","","41",search,Target2,red,-170 -130;170 -130;-170 130;170 130;-170 -130;170 -130;-170 130;170 130,699,0,0,374005,right,748,"0",""
"123","1","1",test,"",N18,r_cylinder2,N15,target1,right,right,left,left,left,.jpg,"700",correct: Correct!; incorrect: Incorrect!,center,"300","5000",left right,"",60%;60%;60%;60%;80%;80%;80%;80%,-170 -130; 170 -130; -170 130; 170 130; -170 -130; 170 -130; -170 130; 170 130,ITI;withStim,"","","","","50",search,Target1,red,-170 -130;170 -130;-170 130;170 130;-170 -130;170 -130;-170 130;170 130,701,0,0,375648,right,639,"0",""
"148","1","1",test,"",N4,y_round6,N12,target3,left,left,right,right,right,.jpg,"700",correct: Correct!; incorrect: Incorrect!,center,"300","5000",left right,"",60%;60%;60%;60%;80%;80%;80%;80%,-170 -130; 170 -130; -170 130; 170 130; -170 -130; 170 -130; -170 130; 170 130,ITI;withStim,"","","","","75",search,Target3,yellow,-170 -130;170 -130;-170 130;170 130;-170 -130;170 -130;-170 130;170 130,700,0,0,377232,right,577,"1",""
"97","1","1",test,"",N5,N6,target3,b_square5,right,right,left,left,left,.jpg,"700",correct: Correct!; incorrect: Incorrect!,center,"300","5000",left right,"",60%;60%;60%;60%;80%;80%;80%;80%,-170 -130; 170 -130; -170 130; 170 130; -170 -130; 170 -130; -170 130; 170 130,ITI;withStim,"","","","","24",search,Target3,blue,-170 -130;170 -130;-170 130;170 130;-170 -130;170 -130;-170 130;170 130,701,0,0,378891,left,658,"1",""
"105","1","1",test,"",N26,N6,N16,target1,right,left,left,right,right,.jpg,"700",correct: Correct!; incorrect: Incorrect!,center,"300","5000",left right,"",60%;60%;60%;60%;80%;80%;80%;80%,-170 -130; 170 -130; -170 130; 170 130; -170 -130; 170 -130; -170 130; 170 130,ITI;withStim,"","","","","32",search,Target1,neutral,-170 -130;170 -130;-170 130;170 130;-170 -130;170 -130;-170 130;170 130,700,86,"8.11",380390,right,499,"1",""
"157","1","1",test,"",N19,N12,r_cylinder4,target2,left,right,right,left,left,.jpg,"700",correct: Correct!; incorrect: Incorrect!,center,"300","5000",left right,"",60%;60%;60%;60%;80%;80%;80%;80%,-170 -130; 170 -130; -170 130; 170 130; -170 -130; 170 -130; -170 130; 170 130,ITI;withStim,"","","","","84",search,Target2,red,-170 -130;170 -130;-170 130;170 130;-170 -130;170 -130;-170 130;170 130,702,84,"8.32",381938,right,546,"0",""
"143","1","1",test,"",N14,target3,b_irr2,N6,left,right,left,right,right,.jpg,"700",correct: Correct!; incorrect: Incorrect!,center,"300","5000",left right,"",60%;60%;60%;60%;80%;80%;80%;80%,-170 -130; 170 -130; -170 130; 170 130; -170 -130; 170 -130; -170 130; 170 130,ITI;withStim,"","","","","70",search,Target3,blue,-170 -130;170 -130;-170 130;170 130;-170 -130;170 -130;-170 130;170 130,700,85,"8.21",383466,right,521,"1",""
"163","1","1",test,"",b_irr1,N9,target1,N20,left,right,right,left,right,.jpg,"700",correct: Correct!; incorrect: Incorrect!,center,"300","5000",left right,"",60%;60%;60%;60%;80%;80%;80%;80%,-170 -130; 170 -130; -170 130; 170 130; -170 -130; 170 -130; -170 130; 170 130,ITI;withStim,"","","","","90",search,Target1,blue,-170 -130;170 -130;-170 130;170 130;-170 -130;170 -130;-170 130;170 130,704,83,"8.41",385118,left,646,"0",""
"89","1","1",test,"",N11,N2,target1,b_cylinder3,left,right,left,right,left,.jpg,"700",correct: Correct!; incorrect: Incorrect!,center,"300","5000",left right,"",60%;60%;60%;60%;80%;80%;80%;80%,-170 -130; 170 -130; -170 130; 170 130; -170 -130; 170 -130; -170 130; 170 130,ITI;withStim,"","","","","16",search,Target1,blue,-170 -130;170 -130;-170 130;170 130;-170 -130;170 -130;-170 130;170 130,701,85,"8.22",386854,left,728,"1",""
"153","1","1",test,"",N8,N28,target1,N18,right,right,left,left,left,.jpg,"700",correct: Correct!; incorrect: Incorrect!,center,"300","5000",left right,"",60%;60%;60%;60%;80%;80%;80%;80%,-170 -130; 170 -130; -170 130; 170 130; -170 -130; 170 -130; -170 130; 170 130,ITI;withStim,"","","","","80",search,Target1,neutral,-170 -130;170 -130;-170 130;170 130;-170 -130;170 -130;-170 130;170 130,699,85,"8.25",388476,left,617,"1",""
"125","1","1",test,"",y_cylinder6,N12,N6,target3,right,left,right,left,left,.jpg,"700",correct: Correct!; incorrect: Incorrect!,center,"300","5000",left right,"",60%;60%;60%;60%;80%;80%;80%;80%,-170 -130; 170 -130; -170 130; 170 130; -170 -130; 170 -130; -170 130; 170 130,ITI;withStim,"","","","","52",search,Target3,yellow,-170 -130;170 -130;-170 130;170 130;-170 -130;170 -130;-170 130;170 130,701,85,"8.27",390117,right,635,"0",""
"87","1","1",test,"",y_cylinder5,target3,N16,N11,right,left,right,left,left,.jpg,"700",correct: Correct!; incorrect: Incorrect!,center,"300","5000",left right,"",60%;60%;60%;60%;80%;80%;80%;80%,-170 -130; 170 -130; -170 130; 170 130; -170 -130; 170 -130; -170 130; 170 130,ITI;withStim,"","","","","14",search,Target3,yellow,-170 -130;170 -130;-170 130;170 130;-170 -130;170 -130;-170 130;170 130,702,84,"8.29",391812,right,692,"0",""
"151","1","1",test,"",N15,target2,N4,r_round5,right,left,left,right,left,.jpg,"700",correct: Correct!; incorrect: Incorrect!,center,"300","5000",left right,"",60%;60%;60%;60%;80%;80%;80%;80%,-170 -130; 170 -130; -170 130; 170 130; -170 -130; 170 -130; -170 130; 170 130,ITI;withStim,"","","","","78",search,Target2,red,-170 -130;170 -130;-170 130;170 130;-170 -130;170 -130;-170 130;170 130,697,85,"8.23",393374,right,565,"0",""
"138","1","1",test,"",N15,target2,N5,N25,left,right,right,left,right,.jpg,"700",correct: Correct!; incorrect: Incorrect!,center,"300","5000",left right,"",60%;60%;60%;60%;80%;80%;80%;80%,-170 -130; 170 -130; -170 130; 170 130; -170 -130; 170 -130; -170 130; 170 130,ITI;withStim,"","","","","65",search,Target2,neutral,-170 -130;170 -130;-170 130;170 130;-170 -130;170 -130;-170 130;170 130,702,85,"8.25",394848,right,467,"1",""
"141","1","1",test,"",y_round1,N7,target2,N8,left,right,right,left,right,.jpg,"700",correct: Correct!; incorrect: Incorrect!,center,"300","5000",left right,"",60%;60%;60%;60%;80%;80%;80%;80%,-170 -130; 170 -130; -170 130; 170 130; -170 -130; 170 -130; -170 130; 170 130,ITI;withStim,"","","","","68",search,Target2,yellow,-170 -130;170 -130;-170 130;170 130;-170 -130;170 -130;-170 130;170 130,700,85,"8.23",399102,left,3250,"0",""
"80","1","1",test,"",b_cylinder4,N22,N4,target3,right,left,left,right,right,.jpg,"700",correct: Correct!; incorrect: Incorrect!,center,"300","5000",left right,"",60%;60%;60%;60%;80%;80%;80%;80%,-170 -130; 170 -130; -170 130; 170 130; -170 -130; 170 -130; -170 130; 170 130,ITI;withStim,"","","","","7",search,Target3,blue,-170 -130;170 -130;-170 130;170 130;-170 -130;170 -130;-170 130;170 130,697,87,"8.05",401720,right,1617,"1",""
"81","1","1",test,"",N4,N14,target2,N24,right,left,right,left,right,.jpg,"700",correct: Correct!; incorrect: Incorrect!,center,"300","5000",left right,"",60%;60%;60%;60%;80%;80%;80%;80%,-170 -130; 170 -130; -170 130; 170 130; -170 -130; 170 -130; -170 130; 170 130,ITI;withStim,"","","","","8",search,Target2,neutral,-170 -130;170 -130;-170 130;170 130;-170 -130;170 -130;-170 130;170 130,703,86,"8.14",405876,left,3152,"0",""
"117","1","1",test,"",target2,N7,N4,r_square6,left,left,right,right,left,.jpg,"700",correct: Correct!; incorrect: Incorrect!,center,"300","5000",left right,"",60%;60%;60%;60%;80%;80%;80%;80%,-170 -130; 170 -130; -170 130; 170 130; -170 -130; 170 -130; -170 130; 170 130,ITI;withStim,"","","","","44",search,Target2,red,-170 -130;170 -130;-170 130;170 130;-170 -130;170 -130;-170 130;170 130,696,86,"8.16",407750,right,871,"0",""
"86","1","1",test,"",target2,N10,N20,N30,left,left,right,right,left,.jpg,"700",correct: Correct!; incorrect: Incorrect!,center,"300","5000",left right,"",60%;60%;60%;60%;80%;80%;80%;80%,-170 -130; 170 -130; -170 130; 170 130; -170 -130; 170 -130; -170 130; 170 130,ITI;withStim,"","","","","13",search,Target2,neutral,-170 -130;170 -130;-170 130;170 130;-170 -130;170 -130;-170 130;170 130,702,85,"8.24",409631,left,878,"1",""
"119","1","1",test,"",N11,y_round2,N18,target2,right,right,left,left,left,.jpg,"700",correct: Correct!; incorrect: Incorrect!,center,"300","5000",left right,"",60%;60%;60%;60%;80%;80%;80%;80%,-170 -130; 170 -130; -170 130; 170 130; -170 -130; 170 -130; -170 130; 170 130,ITI;withStim,"","","","","46",search,Target2,yellow,-170 -130;170 -130;-170 130;170 130;-170 -130;170 -130;-170 130;170 130,701,87,"8.09",411908,right,1275,"0",""
"93","1","1",test,"",target2,N14,y_square2,N4,left,right,left,right,left,.jpg,"700",correct: Correct!; incorrect: Incorrect!,center,"300","5000",left right,"",60%;60%;60%;60%;80%;80%;80%;80%,-170 -130; 170 -130; -170 130; 170 130; -170 -130; 170 -130; -170 130; 170 130,ITI;withStim,"","","","","20",search,Target2,yellow,-170 -130;170 -130;-170 130;170 130;-170 -130;170 -130;-170 130;170 130,701,86,"8.15",413838,left,923,"1",""
"121","1","1",test,"",N21,N1,N11,target1,left,left,right,right,right,.jpg,"700",correct: Correct!; incorrect: Incorrect!,center,"300","5000",left right,"",60%;60%;60%;60%;80%;80%;80%;80%,-170 -130; 170 -130; -170 130; 170 130; -170 -130; 170 -130; -170 130; 170 130,ITI;withStim,"","","","","48",search,Target1,neutral,-170 -130;170 -130;-170 130;170 130;-170 -130;170 -130;-170 130;170 130,701,85,"8.22",416221,right,1379,"1",""
"161","1","1",test,"",N26,b_cylinder2,target1,N9,right,left,left,right,left,.jpg,"700",correct: Correct!; incorrect: Incorrect!,center,"300","5000",left right,"",60%;60%;60%;60%;80%;80%;80%;80%,-170 -130; 170 -130; -170 130; 170 130; -170 -130; 170 -130; -170 130; 170 130,ITI;withStim,"","","","","88",search,Target1,blue,-170 -130;170 -130;-170 130;170 130;-170 -130;170 -130;-170 130;170 130,703,86,"8.15",418058,right,832,"0",""
"139","1","1",test,"",N11,target1,r_round3,N6,right,left,right,left,left,.jpg,"700",correct: Correct!; incorrect: Incorrect!,center,"300","5000",left right,"",60%;60%;60%;60%;80%;80%;80%;80%,-170 -130; 170 -130; -170 130; 170 130; -170 -130; 170 -130; -170 130; 170 130,ITI;withStim,"","","","","66",search,Target1,red,-170 -130;170 -130;-170 130;170 130;-170 -130;170 -130;-170 130;170 130,699,86,"8.16",419686,right,627,"0",""
"122","1","1",test,"",target2,N17,N27,N7,left,right,right,left,left,.jpg,"700",correct: Correct!; incorrect: Incorrect!,center,"300","5000",left right,"",60%;60%;60%;60%;80%;80%;80%;80%,-170 -130; 170 -130; -170 130; 170 130; -170 -130; 170 -130; -170 130; 170 130,ITI;withStim,"","","","","49",search,Target2,neutral,-170 -130;170 -130;-170 130;170 130;-170 -130;170 -130;-170 130;170 130,702,85,"8.19",421391,left,701,"1",""
"96","1","1",test,"",target2,N9,N19,N29,left,left,right,right,left,.jpg,"700",correct: Correct!; incorrect: Incorrect!,center,"300","5000",left right,"",60%;60%;60%;60%;80%;80%;80%;80%,-170 -130; 170 -130; -170 130; 170 130; -170 -130; 170 -130; -170 130; 170 130,ITI;withStim,"","","","","23",search,Target2,neutral,-170 -130;170 -130;-170 130;170 130;-170 -130;170 -130;-170 130;170 130,698,86,"8.17",422892,left,501,"1",""
"94","1","1",test,"",target1,N17,N27,N7,right,right,left,left,right,.jpg,"700",correct: Correct!; incorrect: Incorrect!,center,"300","5000",left right,"",60%;60%;60%;60%;80%;80%;80%;80%,-170 -130; 170 -130; -170 130; 170 130; -170 -130; 170 -130; -170 130; 170 130,ITI;withStim,"","","","","21",search,Target1,neutral,-170 -130;170 -130;-170 130;170 130;-170 -130;170 -130;-170 130;170 130,704,86,"8.14",425138,left,1236,"0",""
"159","1","1",test,"",target3,y_square6,N20,N21,right,right,left,left,right,.jpg,"700",correct: Correct!; incorrect: Incorrect!,center,"300","5000",left right,"",60%;60%;60%;60%;80%;80%;80%;80%,-170 -130; 170 -130; -170 130; 170 130; -170 -130; 170 -130; -170 130; 170 130,ITI;withStim,"","","","","86",search,Target3,yellow,-170 -130;170 -130;-170 130;170 130;-170 -130;170 -130;-170 130;170 130,699,84,"8.30",427261,left,1119,"0",""
"156","1","1",test,"",N5,y_cylinder4,target3,N2,left,right,right,left,right,.jpg,"700",correct: Correct!; incorrect: Incorrect!,center,"300","5000",left right,"",60%;60%;60%;60%;80%;80%;80%;80%,-170 -130; 170 -130; -170 130; 170 130; -170 -130; 170 -130; -170 130; 170 130,ITI;withStim,"","","","","83",search,Target3,yellow,-170 -130;170 -130;-170 130;170 130;-170 -130;170 -130;-170 130;170 130,698,84,"8.37",428942,left,677,"0",""
"160","1","1",test,"",b_square6,target3,N10,N15,right,right,left,left,right,.jpg,"700",correct: Correct!; incorrect: Incorrect!,center,"300","5000",left right,"",60%;60%;60%;60%;80%;80%;80%;80%,-170 -130; 170 -130; -170 130; 170 130; -170 -130; 170 -130; -170 130; 170 130,ITI;withStim,"","","","","87",search,Target3,blue,-170 -130;170 -130;-170 130;170 130;-170 -130;170 -130;-170 130;170 130,697,84,"8.29",430599,right,658,"1",""
"158","1","1",test,"",N12,N14,target2,r_round4,right,left,right,left,right,.jpg,"700",correct: Correct!; incorrect: Incorrect!,center,"300","5000",left right,"",60%;60%;60%;60%;80%;80%;80%;80%,-170 -130; 170 -130; -170 130; 170 130; -170 -130; 170 -130; -170 130; 170 130,ITI;withStim,"","","","","85",search,Target2,red,-170 -130;170 -130;-170 130;170 130;-170 -130;170 -130;-170 130;170 130,701,85,"8.26",432346,left,745,"0",""
"116","1","1",test,"",N6,N20,y_cylinder3,target2,left,right,right,left,left,.jpg,"700",correct: Correct!; incorrect: Incorrect!,center,"300","5000",left right,"",60%;60%;60%;60%;80%;80%;80%;80%,-170 -130; 170 -130; -170 130; 170 130; -170 -130; 170 -130; -170 130; 170 130,ITI;withStim,"","","","","43",search,Target2,yellow,-170 -130;170 -130;-170 130;170 130;-170 -130;170 -130;-170 130;170 130,704,85,"8.25",434754,right,1406,"0",""
"78","1","1",test,"",target3,N21,b_cylinder6,N16,left,right,right,left,left,.jpg,"700",correct: Correct!; incorrect: Incorrect!,center,"300","5000",left right,"",60%;60%;60%;60%;80%;80%;80%;80%,-170 -130; 170 -130; -170 130; 170 130; -170 -130; 170 -130; -170 130; 170 130,ITI;withStim,"","","","","5",search,Target3,blue,-170 -130;170 -130;-170 130;170 130;-170 -130;170 -130;-170 130;170 130,702,84,"8.35",436356,left,592,"1",""
"129","1","1",test,"",target3,y_irr2,N4,N22,right,left,left,right,right,.jpg,"700",correct: Correct!; incorrect: Incorrect!,center,"300","5000",left right,"",60%;60%;60%;60%;80%;80%;80%;80%,-170 -130; 170 -130; -170 130; 170 130; -170 -130; 170 -130; -170 130; 170 130,ITI;withStim,"","","","","56",search,Target3,yellow,-170 -130;170 -130;-170 130;170 130;-170 -130;170 -130;-170 130;170 130,697,85,"8.25",437934,left,580,"0",""
"110","1","1",test,"",r_round1,target1,N7,N15,right,left,right,left,left,.jpg,"700",correct: Correct!; incorrect: Incorrect!,center,"300","5000",left right,"",60%;60%;60%;60%;80%;80%;80%;80%,-170 -130; 170 -130; -170 130; 170 130; -170 -130; 170 -130; -170 130; 170 130,ITI;withStim,"","","","","37",search,Target1,red,-170 -130;170 -130;-170 130;170 130;-170 -130;170 -130;-170 130;170 130,699,84,"8.36",439422,right,481,"0",""
"100","1","1",test,"",target1,N19,N29,N9,right,left,left,right,right,.jpg,"700",correct: Correct!; incorrect: Incorrect!,center,"300","5000",left right,"",60%;60%;60%;60%;80%;80%;80%;80%,-170 -130; 170 -130; -170 130; 170 130; -170 -130; 170 -130; -170 130; 170 130,ITI;withStim,"","","","","27",search,Target1,neutral,-170 -130;170 -130;-170 130;170 130;-170 -130;170 -130;-170 130;170 130,702,84,"8.32",440929,left,505,"0",""
"131","1","1",test,"",N3,N16,y_round5,target3,right,right,left,left,left,.jpg,"700",correct: Correct!; incorrect: Incorrect!,center,"300","5000",left right,"",60%;60%;60%;60%;80%;80%;80%;80%,-170 -130; 170 -130; -170 130; 170 130; -170 -130; 170 -130; -170 130; 170 130,ITI;withStim,"","","","","58",search,Target3,yellow,-170 -130;170 -130;-170 130;170 130;-170 -130;170 -130;-170 130;170 130,700,86,"8.17",442438,right,507,"0",""
"111","1","1",test,"",N4,N24,N14,target1,left,right,left,right,right,.jpg,"700",correct: Correct!; incorrect: Incorrect!,center,"300","5000",left right,"",60%;60%;60%;60%;80%;80%;80%;80%,-170 -130; 170 -130; -170 130; 170 130; -170 -130; 170 -130; -170 130; 170 130,ITI;withStim,"","","","","38",search,Target1,neutral,-170 -130;170 -130;-170 130;170 130;-170 -130;170 -130;-170 130;170 130,702,85,"8.21",444003,right,559,"1",""
"91","1","1",test,"",b_square1,N2,target1,N6,right,right,left,left,left,.jpg,"700",correct: Correct!; incorrect: Incorrect!,center,"300","5000",left right,"",60%;60%;60%;60%;80%;80%;80%;80%,-170 -130; 170 -130; -170 130; 170 130; -170 -130; 170 -130; -170 130; 170 130,ITI;withStim,"","","","","18",search,Target1,blue,-170 -130;170 -130;-170 130;170 130;-170 -130;170 -130;-170 130;170 130,701,86,"8.18",445630,left,619,"1",""
"120","1","1",test,"",target2,N2,N12,N22,right,right,left,left,right,.jpg,"700",correct: Correct!; incorrect: Incorrect!,center,"300","5000",left right,"",60%;60%;60%;60%;80%;80%;80%;80%,-170 -130; 170 -130; -170 130; 170 130; -170 -130; 170 -130; -170 130; 170 130,ITI;withStim,"","","","","47",search,Target2,neutral,-170 -130;170 -130;-170 130;170 130;-170 -130;170 -130;-170 130;170 130,701,84,"8.32",447135,left,500,"0",""
"109","1","1",test,"",N28,target2,y_cylinder2,N13,right,right,left,left,right,.jpg,"700",correct: Correct!; incorrect: Incorrect!,center,"300","5000",left right,"",60%;60%;60%;60%;80%;80%;80%;80%,-170 -130; 170 -130; -170 130; 170 130; -170 -130; 170 -130; -170 130; 170 130,ITI;withStim,"","","","","36",search,Target2,yellow,-170 -130;170 -130;-170 130;170 130;-170 -130;170 -130;-170 130;170 130,704,84,"8.31",449726,right,1584,"1",""
"107","1","1",test,"",N8,target2,N18,N28,left,right,left,right,right,.jpg,"700",correct: Correct!; incorrect: Incorrect!,center,"300","5000",left right,"",60%;60%;60%;60%;80%;80%;80%;80%,-170 -130; 170 -130; -170 130; 170 130; -170 -130; 170 -130; -170 130; 170 130,ITI;withStim,"","","","","34",search,Target2,neutral,-170 -130;170 -130;-170 130;170 130;-170 -130;170 -130;-170 130;170 130,698,85,"8.20",451147,right,417,"1",""
"145","1","1",test,"",N22,target3,N2,N12,left,right,left,right,right,.jpg,"700",correct: Correct!; incorrect: Incorrect!,center,"300","5000",left right,"",60%;60%;60%;60%;80%;80%;80%;80%,-170 -130; 170 -130; -170 130; 170 130; -170 -130; 170 -130; -170 130; 170 130,ITI;withStim,"","","","","72",search,Target3,neutral,-170 -130;170 -130;-170 130;170 130;-170 -130;170 -130;-170 130;170 130,703,86,"8.15",452597,right,443,"1",""
"103","1","1",test,"",target2,N11,N1,N21,right,right,left,left,right,.jpg,"700",correct: Correct!; incorrect: Incorrect!,center,"300","5000",left right,"",60%;60%;60%;60%;80%;80%;80%;80%,-170 -130; 170 -130; -170 130; 170 130; -170 -130; 170 -130; -170 130; 170 130,ITI;withStim,"","","","","30",search,Target2,neutral,-170 -130;170 -130;-170 130;170 130;-170 -130;170 -130;-170 130;170 130,704,86,"8.18",454047,left,443,"0",""
"82","1","1",test,"",N26,y_round4,target3,N15,left,right,left,right,left,.jpg,"700",correct: Correct!; incorrect: Incorrect!,center,"300","5000",left right,"",60%;60%;60%;60%;80%;80%;80%;80%,-170 -130; 170 -130; -170 130; 170 130; -170 -130; 170 -130; -170 130; 170 130,ITI;withStim,"","","","","9",search,Target3,yellow,-170 -130;170 -130;-170 130;170 130;-170 -130;170 -130;-170 130;170 130,702,84,"8.36",456087,left,1032,"1",""
"154","1","1",test,"",N2,N3,target1,b_square2,right,left,right,left,right,.jpg,"700",correct: Correct!; incorrect: Incorrect!,center,"300","5000",left right,"",60%;60%;60%;60%;80%;80%;80%;80%,-170 -130; 170 -130; -170 130; 170 130; -170 -130; 170 -130; -170 130; 170 130,ITI;withStim,"","","","","81",search,Target1,blue,-170 -130;170 -130;-170 130;170 130;-170 -130;170 -130;-170 130;170 130,697,85,"8.20",457678,left,595,"0",""
"83","1","1",test,"",target1,N15,N5,N25,right,left,right,left,right,.jpg,"700",correct: Correct!; incorrect: Incorrect!,center,"300","5000",left right,"",60%;60%;60%;60%;80%;80%;80%;80%,-170 -130; 170 -130; -170 130; 170 130; -170 -130; 170 -130; -170 130; 170 130,ITI;withStim,"","","","","10",search,Target1,neutral,-170 -130;170 -130;-170 130;170 130;-170 -130;170 -130;-170 130;170 130,700,86,"8.13",459254,left,576,"0",""
"132","1","1",test,"",b_round6,N2,N5,target3,right,left,right,left,left,.jpg,"700",correct: Correct!; incorrect: Incorrect!,center,"300","5000",left right,"",60%;60%;60%;60%;80%;80%;80%;80%,-170 -130; 170 -130; -170 130; 170 130; -170 -130; 170 -130; -170 130; 170 130,ITI;withStim,"","","","","59",search,Target3,blue,-170 -130;170 -130;-170 130;170 130;-170 -130;170 -130;-170 130;170 130,700,86,"8.17",460821,right,565,"0",""
"162","1","1",test,"",N23,N3,N13,target3,left,left,right,right,right,.jpg,"700",correct: Correct!; incorrect: Incorrect!,center,"300","5000",left right,"",60%;60%;60%;60%;80%;80%;80%;80%,-170 -130; 170 -130; -170 130; 170 130; -170 -130; 170 -130; -170 130; 170 130,ITI;withStim,"","","","","89",search,Target3,neutral,-170 -130;170 -130;-170 130;170 130;-170 -130;170 -130;-170 130;170 130,703,86,"8.13",462626,right,799,"1",""
"155","1","1",test,"",N16,N26,N6,target3,right,right,left,left,left,.jpg,"700",correct: Correct!; incorrect: Incorrect!,center,"300","5000",left right,"",60%;60%;60%;60%;80%;80%;80%;80%,-170 -130; 170 -130; -170 130; 170 130; -170 -130; 170 -130; -170 130; 170 130,ITI;withStim,"","","","","82",search,Target3,neutral,-170 -130;170 -130;-170 130;170 130;-170 -130;170 -130;-170 130;170 130,699,85,"8.26",465414,right,1784,"0",""
"137","1","1",test,"",N9,target2,y_square1,N8,left,left,right,right,left,.jpg,"700",correct: Correct!; incorrect: Incorrect!,center,"300","5000",left right,"",60%;60%;60%;60%;80%;80%;80%;80%,-170 -130; 170 -130; -170 130; 170 130; -170 -130; 170 -130; -170 130; 170 130,ITI;withStim,"","","","","64",search,Target2,yellow,-170 -130;170 -130;-170 130;170 130;-170 -130;170 -130;-170 130;170 130,701,86,"8.15",468039,right,1622,"0",""
"146","1","1",test,"",target3,N9,y_square5,N3,right,left,left,right,right,.jpg,"700",correct: Correct!; incorrect: Incorrect!,center,"300","5000",left right,"",60%;60%;60%;60%;80%;80%;80%;80%,-170 -130; 170 -130; -170 130; 170 130; -170 -130; 170 -130; -170 130; 170 130,ITI;withStim,"","","","","73",search,Target3,yellow,-170 -130;170 -130;-170 130;170 130;-170 -130;170 -130;-170 130;170 130,703,86,"8.15",469731,left,688,"0",""
"140","1","1",test,"",target1,b_round2,N20,N10,left,left,right,right,left,.jpg,"700",correct: Correct!; incorrect: Incorrect!,center,"300","5000",left right,"",60%;60%;60%;60%;80%;80%;80%;80%,-170 -130; 170 -130; -170 130; 170 130; -170 -130; 170 -130; -170 130; 170 130,ITI;withStim,"","","","","67",search,Target1,blue,-170 -130;170 -130;-170 130;170 130;-170 -130;170 -130;-170 130;170 130,698,86,"8.18",471776,right,1043,"0",""
"126","1","1",test,"",N6,r_cylinder3,N7,target1,left,right,left,right,right,.jpg,"700",correct: Correct!; incorrect: Incorrect!,center,"300","5000",left right,"",60%;60%;60%;60%;80%;80%;80%;80%,-170 -130; 170 -130; -170 130; 170 130; -170 -130; 170 -130; -170 130; 170 130,ITI;withStim,"","","","","53",search,Target1,red,-170 -130;170 -130;-170 130;170 130;-170 -130;170 -130;-170 130;170 130,697,83,"8.41",473267,right,491,"1",""
"106","1","1",test,"",N6,target1,N13,b_round1,left,left,right,right,left,.jpg,"700",correct: Correct!; incorrect: Incorrect!,center,"300","5000",left right,"",60%;60%;60%;60%;80%;80%;80%;80%,-170 -130; 170 -130; -170 130; 170 130; -170 -130; 170 -130; -170 130; 170 130,ITI;withStim,"","","","","33",search,Target1,blue,-170 -130;170 -130;-170 130;170 130;-170 -130;170 -130;-170 130;170 130,698,86,"8.17",474988,right,720,"0",""
"149","1","1",test,"",N27,target3,N17,N7,right,left,right,left,left,.jpg,"700",correct: Correct!; incorrect: Incorrect!,center,"300","5000",left right,"",60%;60%;60%;60%;80%;80%;80%;80%,-170 -130; 170 -130; -170 130; 170 130; -170 -130; 170 -130; -170 130; 170 130,ITI;withStim,"","","","","76",search,Target3,neutral,-170 -130;170 -130;-170 130;170 130;-170 -130;170 -130;-170 130;170 130,703,86,"8.18",476599,right,602,"0",""
"112","1","1",test,"",N19,y_cylinder1,N13,target2,left,left,right,right,right,.jpg,"700",correct: Correct!; incorrect: Incorrect!,center,"300","5000",left right,"",60%;60%;60%;60%;80%;80%;80%;80%,-170 -130; 170 -130; -170 130; 170 130; -170 -130; 170 -130; -170 130; 170 130,ITI;withStim,"","","","","39",search,Target2,yellow,-170 -130;170 -130;-170 130;170 130;-170 -130;170 -130;-170 130;170 130,700,86,"8.16",478284,right,678,"1",""
"118","1","1",test,"",N11,target1,b_round3,N9,right,right,left,left,right,.jpg,"700",correct: Correct!; incorrect: Incorrect!,center,"300","5000",left right,"",60%;60%;60%;60%;80%;80%;80%;80%,-170 -130; 170 -130; -170 130; 170 130; -170 -130; 170 -130; -170 130; 170 130,ITI;withStim,"","","","","45",search,Target1,blue,-170 -130;170 -130;-170 130;170 130;-170 -130;170 -130;-170 130;170 130,696,84,"8.30",479956,right,673,"1",""
"79","1","1",test,"",N10,N3,target1,r_round2,left,right,left,right,left,.jpg,"700",correct: Correct!; incorrect: Incorrect!,center,"300","5000",left right,"",60%;60%;60%;60%;80%;80%;80%;80%,-170 -130; 170 -130; -170 130; 170 130; -170 -130; 170 -130; -170 130; 170 130,ITI;withStim,"","","","","6",search,Target1,red,-170 -130;170 -130;-170 130;170 130;-170 -130;170 -130;-170 130;170 130,701,86,"8.14",482099,left,1144,"1",""
"95","1","1",test,"",N12,target2,y_round3,N22,left,right,left,right,right,.jpg,"700",correct: Correct!; incorrect: Incorrect!,center,"300","5000",left right,"",60%;60%;60%;60%;80%;80%;80%;80%,-170 -130; 170 -130; -170 130; 170 130; -170 -130; 170 -130; -170 130; 170 130,ITI;withStim,"","","","","22",search,Target2,yellow,-170 -130;170 -130;-170 130;170 130;-170 -130;170 -130;-170 130;170 130,699,86,"8.14",484555,right,1453,"1",""
"124","1","1",test,"",N18,target3,b_square4,N6,right,left,left,right,left,.jpg,"700",correct: Correct!; incorrect: Incorrect!,center,"300","5000",left right,"",60%;60%;60%;60%;80%;80%;80%;80%,-170 -130; 170 -130; -170 130; 170 130; -170 -130; 170 -130; -170 130; 170 130,ITI;withStim,"","","","","51",search,Target3,blue,-170 -130;170 -130;-170 130;170 130;-170 -130;170 -130;-170 130;170 130,704,86,"8.17",486426,right,863,"0",""
"142","1","1",test,"",target3,N26,N29,b_round5,left,right,left,right,left,.jpg,"700",correct: Correct!; incorrect: Incorrect!,center,"300","5000",left right,"",60%;60%;60%;60%;80%;80%;80%;80%,-170 -130; 170 -130; -170 130; 170 130; -170 -130; 170 -130; -170 130; 170 130,ITI;withStim,"","","","","69",search,Target3,blue,-170 -130;170 -130;-170 130;170 130;-170 -130;170 -130;-170 130;170 130,702,85,"8.22",488811,left,1384,"1",""
"104","1","1",test,"",N1,target3,N21,N11,left,right,right,left,right,.jpg,"700",correct: Correct!; incorrect: Incorrect!,center,"300","5000",left right,"",60%;60%;60%;60%;80%;80%;80%;80%,-170 -130; 170 -130; -170 130; 170 130; -170 -130; 170 -130; -170 130; 170 130,ITI;withStim,"","","","","31",search,Target3,neutral,-170 -130;170 -130;-170 130;170 130;-170 -130;170 -130;-170 130;170 130,703,83,"8.45",491056,right,1236,"1",""
"150","1","1",test,"",b_square3,N9,target1,N17,right,left,left,right,left,.jpg,"700",correct: Correct!; incorrect: Incorrect!,center,"300","5000",left right,"",60%;60%;60%;60%;80%;80%;80%;80%,-170 -130; 170 -130; -170 130; 170 130; -170 -130; 170 -130; -170 130; 170 130,ITI;withStim,"","","","","77",search,Target1,blue,-170 -130;170 -130;-170 130;170 130;-170 -130;170 -130;-170 130;170 130,701,85,"8.27",492801,left,739,"1",""
"85","1","1",test,"",y_square4,N15,N16,target3,left,left,right,right,right,.jpg,"700",correct: Correct!; incorrect: Incorrect!,center,"300","5000",left right,"",60%;60%;60%;60%;80%;80%;80%;80%,-170 -130; 170 -130; -170 130; 170 130; -170 -130; 170 -130; -170 130; 170 130,ITI;withStim,"","","","","12",search,Target3,yellow,-170 -130;170 -130;-170 130;170 130;-170 -130;170 -130;-170 130;170 130,699,85,"8.22",494284,right,479,"1",""
"74","1","1",test,"",N17,r_cylinder5,N4,target2,left,right,left,right,right,.jpg,"700",correct: Correct!; incorrect: Incorrect!,center,"300","5000",left right,"",60%;60%;60%;60%;80%;80%;80%;80%,-170 -130; 170 -130; -170 130; 170 130; -170 -130; 170 -130; -170 130; 170 130,ITI;withStim,"","","","","1",search,Target2,red,-170 -130;170 -130;-170 130;170 130;-170 -130;170 -130;-170 130;170 130,696,84,"8.29",495898,right,615,"1",""
"134","1","1",test,"",target2,N5,y_irr1,N10,right,left,left,right,right,.jpg,"700",correct: Correct!; incorrect: Incorrect!,center,"300","5000",left right,"",60%;60%;60%;60%;80%;80%;80%;80%,-170 -130; 170 -130; -170 130; 170 130; -170 -130; 170 -130; -170 130; 170 130,ITI;withStim,"","","","","61",search,Target2,yellow,-170 -130;170 -130;-170 130;170 130;-170 -130;170 -130;-170 130;170 130,698,86,"8.12",497408,left,515,"0",""
"92","1","1",test,"",target1,N12,N2,N22,left,left,right,right,left,.jpg,"700",correct: Correct!; incorrect: Incorrect!,center,"300","5000",left right,"",60%;60%;60%;60%;80%;80%;80%;80%,-170 -130; 170 -130; -170 130; 170 130; -170 -130; 170 -130; -170 130; 170 130,ITI;withStim,"","","","","19",search,Target1,neutral,-170 -130;170 -130;-170 130;170 130;-170 -130;170 -130;-170 130;170 130,703,86,"8.17",499439,right,1024,"0",""
"152","1","1",test,"",target3,b_cylinder5,N2,N15,right,left,right,left,right,.jpg,"700",correct: Correct!; incorrect: Incorrect!,center,"300","5000",left right,"",60%;60%;60%;60%;80%;80%;80%;80%,-170 -130; 170 -130; -170 130; 170 130; -170 -130; 170 -130; -170 130; 170 130,ITI;withStim,"","","","","79",search,Target3,blue,-170 -130;170 -130;-170 130;170 130;-170 -130;170 -130;-170 130;170 130,697,86,"8.14",501471,left,1033,"0",""
"88","1","1",test,"",target3,N4,N24,N14,left,left,right,right,left,.jpg,"700",correct: Correct!; incorrect: Incorrect!,center,"300","5000",left right,"",60%;60%;60%;60%;80%;80%;80%;80%,-170 -130; 170 -130; -170 130; 170 130; -170 -130; 170 -130; -170 130; 170 130,ITI;withStim,"","","","","15",search,Target3,neutral,-170 -130;170 -130;-170 130;170 130;-170 -130;170 -130;-170 130;170 130,697,84,"8.29",503029,left,561,"1",""
"98","1","1",test,"",target2,N17,y_square3,N12,right,left,right,left,right,.jpg,"700",correct: Correct!; incorrect: Incorrect!,center,"300","5000",left right,"",60%;60%;60%;60%;80%;80%;80%;80%,-170 -130; 170 -130; -170 130; 170 130; -170 -130; 170 -130; -170 130; 170 130,ITI;withStim,"","","","","25",search,Target2,yellow,-170 -130;170 -130;-170 130;170 130;-170 -130;170 -130;-170 130;170 130,697,86,"8.15",506279,left,2251,"0",""
"77","1","1",test,"",target1,N10,N12,r_square3,right,left,left,right,right,.jpg,"700",correct: Correct!; incorrect: Incorrect!,center,"300","5000",left right,"",60%;60%;60%;60%;80%;80%;80%;80%,-170 -130; 170 -130; -170 130; 170 130; -170 -130; 170 -130; -170 130; 170 130,ITI;withStim,"","","","","4",search,Target1,red,-170 -130;170 -130;-170 130;170 130;-170 -130;170 -130;-170 130;170 130,696,84,"8.33",507897,left,619,"0",""
"133","1","1",test,"",target2,N3,N9,r_square5,left,left,right,right,left,.jpg,"700",correct: Correct!; incorrect: Incorrect!,center,"300","5000",left right,"",60%;60%;60%;60%;80%;80%;80%;80%,-170 -130; 170 -130; -170 130; 170 130; -170 -130; 170 -130; -170 130; 170 130,ITI;withStim,"","","","","60",search,Target2,red,-170 -130;170 -130;-170 130;170 130;-170 -130;170 -130;-170 130;170 130,703,84,"8.38",509385,left,484,"1",""
"136","1","1",test,"",target1,N14,N6,r_irr1,left,right,right,left,left,.jpg,"700",correct: Correct!; incorrect: Incorrect!,center,"300","5000",left right,"",60%;60%;60%;60%;80%;80%;80%;80%,-170 -130; 170 -130; -170 130; 170 130; -170 -130; 170 -130; -170 130; 170 130,ITI;withStim,"","","","","63",search,Target1,red,-170 -130;170 -130;-170 130;170 130;-170 -130;170 -130;-170 130;170 130,697,85,"8.26",510895,left,510,"1",""
"147","1","1",test,"",N3,N23,N13,target1,left,right,right,left,left,.jpg,"700",correct: Correct!; incorrect: Incorrect!,center,"300","5000",left right,"",60%;60%;60%;60%;80%;80%;80%;80%,-170 -130; 170 -130; -170 130; 170 130; -170 -130; 170 -130; -170 130; 170 130,ITI;withStim,"","","","","74",search,Target1,neutral,-170 -130;170 -130;-170 130;170 130;-170 -130;170 -130;-170 130;170 130,700,84,"8.37",512535,right,641,"0",""
"84","1","1",test,"",target1,N10,N20,N30,right,left,right,left,right,.jpg,"700",correct: Correct!; incorrect: Incorrect!,center,"300","5000",left right,"",60%;60%;60%;60%;80%;80%;80%;80%,-170 -130; 170 -130; -170 130; 170 130; -170 -130; 170 -130; -170 130; 170 130,ITI;withStim,"","","","","11",search,Target1,neutral,-170 -130;170 -130;-170 130;170 130;-170 -130;170 -130;-170 130;170 130,697,84,"8.34",514023,left,485,"0",""
"108","1","1",test,"",target2,N5,r_square4,N15,left,right,right,left,left,.jpg,"700",correct: Correct!; incorrect: Incorrect!,center,"300","5000",left right,"",60%;60%;60%;60%;80%;80%;80%;80%,-170 -130; 170 -130; -170 130; 170 130; -170 -130; 170 -130; -170 130; 170 130,ITI;withStim,"","","","","35",search,Target2,red,-170 -130;170 -130;-170 130;170 130;-170 -130;170 -130;-170 130;170 130,696,85,"8.23",515507,left,484,"1",""
"99","1","1",test,"",N7,target1,b_cylinder1,N12,right,left,right,left,left,.jpg,"700",correct: Correct!; incorrect: Incorrect!,center,"300","5000",left right,"",60%;60%;60%;60%;80%;80%;80%;80%,-170 -130; 170 -130; -170 130; 170 130; -170 -130; 170 -130; -170 130; 170 130,ITI;withStim,"","","","","26",search,Target1,blue,-170 -130;170 -130;-170 130;170 130;-170 -130;170 -130;-170 130;170 130,696,85,"8.19",517080,right,577,"0",""
"76","1","1",test,"",N17,target2,r_round6,N7,left,right,left,right,right,.jpg,"700",correct: Correct!; incorrect: Incorrect!,center,"300","5000",left right,"",60%;60%;60%;60%;80%;80%;80%;80%,-170 -130; 170 -130; -170 130; 170 130; -170 -130; 170 -130; -170 130; 170 130,ITI;withStim,"","","","","3",search,Target2,red,-170 -130;170 -130;-170 130;170 130;-170 -130;170 -130;-170 130;170 130,701,85,"8.21",518572,right,487,"1",""
"113","1","1",test,"",N16,N26,target2,N6,left,right,left,right,left,.jpg,"700",correct: Correct!; incorrect: Incorrect!,center,"300","5000",left right,"",60%;60%;60%;60%;80%;80%;80%;80%,-170 -130; 170 -130; -170 130; 170 130; -170 -130; 170 -130; -170 130; 170 130,ITI;withStim,"","","","","40",search,Target2,neutral,-170 -130;170 -130;-170 130;170 130;-170 -130;170 -130;-170 130;170 130,701,86,"8.17",520074,left,500,"1",""
"102","1","1",test,"",target1,r_square2,N11,N9,left,right,right,left,left,.jpg,"700",correct: Correct!; incorrect: Incorrect!,center,"300","5000",left right,"",60%;60%;60%;60%;80%;80%;80%;80%,-170 -130; 170 -130; -170 130; 170 130; -170 -130; 170 -130; -170 130; 170 130,ITI;withStim,"","","","","29",search,Target1,red,-170 -130;170 -130;-170 130;170 130;-170 -130;170 -130;-170 130;170 130,696,84,"8.30",522753,left,1685,"1",""
"127","1","1",test,"",r_irr2,N15,target2,N20,right,left,left,right,left,.jpg,"700",correct: Correct!; incorrect: Incorrect!,center,"300","5000",left right,"",60%;60%;60%;60%;80%;80%;80%;80%,-170 -130; 170 -130; -170 130; 170 130; -170 -130; 170 -130; -170 130; 170 130,ITI;withStim,"","","","","54",search,Target2,red,-170 -130;170 -130;-170 130;170 130;-170 -130;170 -130;-170 130;170 130,700,84,"8.29",524796,left,1043,"1",""
"212","1","1",test,"",N21,N1,N11,target1,left,left,right,right,right,.jpg,"700",correct: Correct!; incorrect: Incorrect!,center,"300","5000",left right,"",60%;60%;60%;60%;80%;80%;80%;80%,-170 -130; 170 -130; -170 130; 170 130; -170 -130; 170 -130; -170 130; 170 130,ITI;withStim,"","","","","48",search,Target1,neutral,-170 -130;170 -130;-170 130;170 130;-170 -130;170 -130;-170 130;170 130,700,86,"8.11",552522,right,732,"1",""
"235","1","1",test,"",N5,N15,target3,N25,right,right,left,left,left,.jpg,"700",correct: Correct!; incorrect: Incorrect!,center,"300","5000",left right,"",60%;60%;60%;60%;80%;80%;80%;80%,-170 -130; 170 -130; -170 130; 170 130; -170 -130; 170 -130; -170 130; 170 130,ITI;withStim,"","","","","71",search,Target3,neutral,-170 -130;170 -130;-170 130;170 130;-170 -130;170 -130;-170 130;170 130,704,84,"8.29",554068,left,538,"1",""
"185","1","1",test,"",target1,N17,N27,N7,right,right,left,left,right,.jpg,"700",correct: Correct!; incorrect: Incorrect!,center,"300","5000",left right,"",60%;60%;60%;60%;80%;80%;80%;80%,-170 -130; 170 -130; -170 130; 170 130; -170 -130; 170 -130; -170 130; 170 130,ITI;withStim,"","","","","21",search,Target1,neutral,-170 -130;170 -130;-170 130;170 130;-170 -130;170 -130;-170 130;170 130,704,86,"8.17",555534,left,458,"0",""
"194","1","1",test,"",target2,N11,N1,N21,right,right,left,left,right,.jpg,"700",correct: Correct!; incorrect: Incorrect!,center,"300","5000",left right,"",60%;60%;60%;60%;80%;80%;80%;80%,-170 -130; 170 -130; -170 130; 170 130; -170 -130; 170 -130; -170 130; 170 130,ITI;withStim,"","","","","30",search,Target2,neutral,-170 -130;170 -130;-170 130;170 130;-170 -130;170 -130;-170 130;170 130,699,85,"8.20",557106,right,573,"1",""
"229","1","1",test,"",N15,target2,N5,N25,left,right,right,left,right,.jpg,"700",correct: Correct!; incorrect: Incorrect!,center,"300","5000",left right,"",60%;60%;60%;60%;80%;80%;80%;80%,-170 -130; 170 -130; -170 130; 170 130; -170 -130; 170 -130; -170 130; 170 130,ITI;withStim,"","","","","65",search,Target2,neutral,-170 -130;170 -130;-170 130;170 130;-170 -130;170 -130;-170 130;170 130,704,86,"8.14",559035,right,923,"1",""
"206","1","1",test,"",N3,N13,N23,target2,right,left,left,right,right,.jpg,"700",correct: Correct!; incorrect: Incorrect!,center,"300","5000",left right,"",60%;60%;60%;60%;80%;80%;80%;80%,-170 -130; 170 -130; -170 130; 170 130; -170 -130; 170 -130; -170 130; 170 130,ITI;withStim,"","","","","42",search,Target2,neutral,-170 -130;170 -130;-170 130;170 130;-170 -130;170 -130;-170 130;170 130,700,85,"8.20",560816,right,781,"1",""
"205","1","1",test,"",r_cylinder6,target2,N16,N15,right,left,right,left,left,.jpg,"700",correct: Correct!; incorrect: Incorrect!,center,"300","5000",left right,"",60%;60%;60%;60%;80%;80%;80%;80%,-170 -130; 170 -130; -170 130; 170 130; -170 -130; 170 -130; -170 130; 170 130,ITI;withStim,"","","","","41",search,Target2,red,-170 -130;170 -130;-170 130;170 130;-170 -130;170 -130;-170 130;170 130,704,85,"8.19",562712,right,889,"0",""
"240","1","1",test,"",N27,target3,N17,N7,right,left,right,left,left,.jpg,"700",correct: Correct!; incorrect: Incorrect!,center,"300","5000",left right,"",60%;60%;60%;60%;80%;80%;80%;80%,-170 -130; 170 -130; -170 130; 170 130; -170 -130; 170 -130; -170 130; 170 130,ITI;withStim,"","","","","76",search,Target3,neutral,-170 -130;170 -130;-170 130;170 130;-170 -130;170 -130;-170 130;170 130,697,85,"8.19",564419,right,710,"0",""
"247","1","1",test,"",N5,y_cylinder4,target3,N2,left,right,right,left,right,.jpg,"700",correct: Correct!; incorrect: Incorrect!,center,"300","5000",left right,"",60%;60%;60%;60%;80%;80%;80%;80%,-170 -130; 170 -130; -170 130; 170 130; -170 -130; 170 -130; -170 130; 170 130,ITI;withStim,"","","","","83",search,Target3,yellow,-170 -130;170 -130;-170 130;170 130;-170 -130;170 -130;-170 130;170 130,697,86,"8.15",566323,left,908,"0",""
"175","1","1",test,"",target1,N10,N20,N30,right,left,right,left,right,.jpg,"700",correct: Correct!; incorrect: Incorrect!,center,"300","5000",left right,"",60%;60%;60%;60%;80%;80%;80%;80%,-170 -130; 170 -130; -170 130; 170 130; -170 -130; 170 -130; -170 130; 170 130,ITI;withStim,"","","","","11",search,Target1,neutral,-170 -130;170 -130;-170 130;170 130;-170 -130;170 -130;-170 130;170 130,699,86,"8.15",567750,left,428,"0",""
"209","1","1",test,"",N11,target1,b_round3,N9,right,right,left,left,right,.jpg,"700",correct: Correct!; incorrect: Incorrect!,center,"300","5000",left right,"",60%;60%;60%;60%;80%;80%;80%;80%,-170 -130; 170 -130; -170 130; 170 130; -170 -130; 170 -130; -170 130; 170 130,ITI;withStim,"","","","","45",search,Target1,blue,-170 -130;170 -130;-170 130;170 130;-170 -130;170 -130;-170 130;170 130,704,85,"8.19",569245,right,490,"1",""
"250","1","1",test,"",target3,y_square6,N20,N21,right,right,left,left,right,.jpg,"700",correct: Correct!; incorrect: Incorrect!,center,"300","5000",left right,"",60%;60%;60%;60%;80%;80%;80%;80%,-170 -130; 170 -130; -170 130; 170 130; -170 -130; 170 -130; -170 130; 170 130,ITI;withStim,"","","","","86",search,Target3,yellow,-170 -130;170 -130;-170 130;170 130;-170 -130;170 -130;-170 130;170 130,696,83,"8.43",570905,left,659,"0",""
"178","1","1",test,"",y_cylinder5,target3,N16,N11,right,left,right,left,left,.jpg,"700",correct: Correct!; incorrect: Incorrect!,center,"300","5000",left right,"",60%;60%;60%;60%;80%;80%;80%;80%,-170 -130; 170 -130; -170 130; 170 130; -170 -130; 170 -130; -170 130; 170 130,ITI;withStim,"","","","","14",search,Target3,yellow,-170 -130;170 -130;-170 130;170 130;-170 -130;170 -130;-170 130;170 130,696,0,0,572500,left,599,"1",""
"204","1","1",test,"",N16,N26,target2,N6,left,right,left,right,left,.jpg,"700",correct: Correct!; incorrect: Incorrect!,center,"300","5000",left right,"",60%;60%;60%;60%;80%;80%;80%;80%,-170 -130; 170 -130; -170 130; 170 130; -170 -130; 170 -130; -170 130; 170 130,ITI;withStim,"","","","","40",search,Target2,neutral,-170 -130;170 -130;-170 130;170 130;-170 -130;170 -130;-170 130;170 130,700,84,"8.33",574224,left,722,"1",""
"167","1","1",test,"",N17,target2,r_round6,N7,left,right,left,right,right,.jpg,"700",correct: Correct!; incorrect: Incorrect!,center,"300","5000",left right,"",60%;60%;60%;60%;80%;80%;80%;80%,-170 -130; 170 -130; -170 130; 170 130; -170 -130; 170 -130; -170 130; 170 130,ITI;withStim,"","","","","3",search,Target2,red,-170 -130;170 -130;-170 130;170 130;-170 -130;170 -130;-170 130;170 130,702,85,"8.28",575763,right,531,"1",""
"187","1","1",test,"",target2,N9,N19,N29,left,left,right,right,left,.jpg,"700",correct: Correct!; incorrect: Incorrect!,center,"300","5000",left right,"",60%;60%;60%;60%;80%;80%;80%;80%,-170 -130; 170 -130; -170 130; 170 130; -170 -130; 170 -130; -170 130; 170 130,ITI;withStim,"","","","","23",search,Target2,neutral,-170 -130;170 -130;-170 130;170 130;-170 -130;170 -130;-170 130;170 130,700,85,"8.28",577297,left,532,"1",""
"179","1","1",test,"",target3,N4,N24,N14,left,left,right,right,left,.jpg,"700",correct: Correct!; incorrect: Incorrect!,center,"300","5000",left right,"",60%;60%;60%;60%;80%;80%;80%;80%,-170 -130; 170 -130; -170 130; 170 130; -170 -130; 170 -130; -170 130; 170 130,ITI;withStim,"","","","","15",search,Target3,neutral,-170 -130;170 -130;-170 130;170 130;-170 -130;170 -130;-170 130;170 130,697,84,"8.32",578770,left,472,"1",""
"219","1","1",test,"",N19,N29,N9,target3,right,left,right,left,left,.jpg,"700",correct: Correct!; incorrect: Incorrect!,center,"300","5000",left right,"",60%;60%;60%;60%;80%;80%;80%;80%,-170 -130; 170 -130; -170 130; 170 130; -170 -130; 170 -130; -170 130; 170 130,ITI;withStim,"","","","","55",search,Target3,neutral,-170 -130;170 -130;-170 130;170 130;-170 -130;170 -130;-170 130;170 130,700,85,"8.28",580307,right,530,"0",""
"232","1","1",test,"",y_round1,N7,target2,N8,left,right,right,left,right,.jpg,"700",correct: Correct!; incorrect: Incorrect!,center,"300","5000",left right,"",60%;60%;60%;60%;80%;80%;80%;80%,-170 -130; 170 -130; -170 130; 170 130; -170 -130; 170 -130; -170 130; 170 130,ITI;withStim,"","","","","68",search,Target2,yellow,-170 -130;170 -130;-170 130;170 130;-170 -130;170 -130;-170 130;170 130,699,84,"8.33",581852,left,542,"0",""
"253","1","1",test,"",N23,N3,N13,target3,left,left,right,right,right,.jpg,"700",correct: Correct!; incorrect: Incorrect!,center,"300","5000",left right,"",60%;60%;60%;60%;80%;80%;80%;80%,-170 -130; 170 -130; -170 130; 170 130; -170 -130; 170 -130; -170 130; 170 130,ITI;withStim,"","","","","89",search,Target3,neutral,-170 -130;170 -130;-170 130;170 130;-170 -130;170 -130;-170 130;170 130,704,85,"8.28",583418,right,562,"1",""
"233","1","1",test,"",target3,N26,N29,b_round5,left,right,left,right,left,.jpg,"700",correct: Correct!; incorrect: Incorrect!,center,"300","5000",left right,"",60%;60%;60%;60%;80%;80%;80%;80%,-170 -130; 170 -130; -170 130; 170 130; -170 -130; 170 -130; -170 130; 170 130,ITI;withStim,"","","","","69",search,Target3,blue,-170 -130;170 -130;-170 130;170 130;-170 -130;170 -130;-170 130;170 130,698,84,"8.30",584896,left,476,"1",""
"214","1","1",test,"",N18,r_cylinder2,N15,target1,right,right,left,left,left,.jpg,"700",correct: Correct!; incorrect: Incorrect!,center,"300","5000",left right,"",60%;60%;60%;60%;80%;80%;80%;80%,-170 -130; 170 -130; -170 130; 170 130; -170 -130; 170 -130; -170 130; 170 130,ITI;withStim,"","","","","50",search,Target1,red,-170 -130;170 -130;-170 130;170 130;-170 -130;170 -130;-170 130;170 130,701,84,"8.30",586355,right,460,"0",""
"188","1","1",test,"",N5,N6,target3,b_square5,right,right,left,left,left,.jpg,"700",correct: Correct!; incorrect: Incorrect!,center,"300","5000",left right,"",60%;60%;60%;60%;80%;80%;80%;80%,-170 -130; 170 -130; -170 130; 170 130; -170 -130; 170 -130; -170 130; 170 130,ITI;withStim,"","","","","24",search,Target3,blue,-170 -130;170 -130;-170 130;170 130;-170 -130;170 -130;-170 130;170 130,699,84,"8.32",587819,left,460,"1",""
"220","1","1",test,"",target3,y_irr2,N4,N22,right,left,left,right,right,.jpg,"700",correct: Correct!; incorrect: Incorrect!,center,"300","5000",left right,"",60%;60%;60%;60%;80%;80%;80%;80%,-170 -130; 170 -130; -170 130; 170 130; -170 -130; 170 -130; -170 130; 170 130,ITI;withStim,"","","","","56",search,Target3,yellow,-170 -130;170 -130;-170 130;170 130;-170 -130;170 -130;-170 130;170 130,698,85,"8.28",589221,left,399,"0",""
"243","1","1",test,"",target3,b_cylinder5,N2,N15,right,left,right,left,right,.jpg,"700",correct: Correct!; incorrect: Incorrect!,center,"300","5000",left right,"",60%;60%;60%;60%;80%;80%;80%;80%,-170 -130; 170 -130; -170 130; 170 130; -170 -130; 170 -130; -170 130; 170 130,ITI;withStim,"","","","","79",search,Target3,blue,-170 -130;170 -130;-170 130;170 130;-170 -130;170 -130;-170 130;170 130,701,84,"8.29",594823,left,4599,"0",""
"201","1","1",test,"",r_round1,target1,N7,N15,right,left,right,left,left,.jpg,"700",correct: Correct!; incorrect: Incorrect!,center,"300","5000",left right,"",60%;60%;60%;60%;80%;80%;80%;80%,-170 -130; 170 -130; -170 130; 170 130; -170 -130; 170 -130; -170 130; 170 130,ITI;withStim,"","","","","37",search,Target1,red,-170 -130;170 -130;-170 130;170 130;-170 -130;170 -130;-170 130;170 130,698,84,"8.29",597391,left,1569,"1",""
"165","1","1",test,"",N17,r_cylinder5,N4,target2,left,right,left,right,right,.jpg,"700",correct: Correct!; incorrect: Incorrect!,center,"300","5000",left right,"",60%;60%;60%;60%;80%;80%;80%;80%,-170 -130; 170 -130; -170 130; 170 130; -170 -130; 170 -130; -170 130; 170 130,ITI;withStim,"","","","","1",search,Target2,red,-170 -130;170 -130;-170 130;170 130;-170 -130;170 -130;-170 130;170 130,703,85,"8.24",599570,left,1172,"0",""
"210","1","1",test,"",N11,y_round2,N18,target2,right,right,left,left,left,.jpg,"700",correct: Correct!; incorrect: Incorrect!,center,"300","5000",left right,"",60%;60%;60%;60%;80%;80%;80%;80%,-170 -130; 170 -130; -170 130; 170 130; -170 -130; 170 -130; -170 130; 170 130,ITI;withStim,"","","","","46",search,Target2,yellow,-170 -130;170 -130;-170 130;170 130;-170 -130;170 -130;-170 130;170 130,696,85,"8.26",601727,right,1161,"0",""
"215","1","1",test,"",N18,target3,b_square4,N6,right,left,left,right,left,.jpg,"700",correct: Correct!; incorrect: Incorrect!,center,"300","5000",left right,"",60%;60%;60%;60%;80%;80%;80%;80%,-170 -130; 170 -130; -170 130; 170 130; -170 -130; 170 -130; -170 130; 170 130,ITI;withStim,"","","","","51",search,Target3,blue,-170 -130;170 -130;-170 130;170 130;-170 -130;170 -130;-170 130;170 130,701,85,"8.23",603950,left,1217,"1",""
"181","1","1",test,"",N10,N25,target3,b_round4,left,right,right,left,right,.jpg,"700",correct: Correct!; incorrect: Incorrect!,center,"300","5000",left right,"",60%;60%;60%;60%;80%;80%;80%;80%,-170 -130; 170 -130; -170 130; 170 130; -170 -130; 170 -130; -170 130; 170 130,ITI;withStim,"","","","","17",search,Target3,blue,-170 -130;170 -130;-170 130;170 130;-170 -130;170 -130;-170 130;170 130,703,84,"8.29",606370,right,1413,"1",""
"197","1","1",test,"",N6,target1,N13,b_round1,left,left,right,right,left,.jpg,"700",correct: Correct!; incorrect: Incorrect!,center,"300","5000",left right,"",60%;60%;60%;60%;80%;80%;80%;80%,-170 -130; 170 -130; -170 130; 170 130; -170 -130; 170 -130; -170 130; 170 130,ITI;withStim,"","","","","33",search,Target1,blue,-170 -130;170 -130;-170 130;170 130;-170 -130;170 -130;-170 130;170 130,703,85,"8.24",609329,left,1949,"1",""
"230","1","1",test,"",N11,target1,r_round3,N6,right,left,right,left,left,.jpg,"700",correct: Correct!; incorrect: Incorrect!,center,"300","5000",left right,"",60%;60%;60%;60%;80%;80%;80%;80%,-170 -130; 170 -130; -170 130; 170 130; -170 -130; 170 -130; -170 130; 170 130,ITI;withStim,"","","","","66",search,Target1,red,-170 -130;170 -130;-170 130;170 130;-170 -130;170 -130;-170 130;170 130,697,85,"8.22",611072,left,745,"1",""
"252","1","1",test,"",N26,b_cylinder2,target1,N9,right,left,left,right,left,.jpg,"700",correct: Correct!; incorrect: Incorrect!,center,"300","5000",left right,"",60%;60%;60%;60%;80%;80%;80%;80%,-170 -130; 170 -130; -170 130; 170 130; -170 -130; 170 -130; -170 130; 170 130,ITI;withStim,"","","","","88",search,Target1,blue,-170 -130;170 -130;-170 130;170 130;-170 -130;170 -130;-170 130;170 130,702,85,"8.28",613002,right,927,"0",""
"177","1","1",test,"",target2,N10,N20,N30,left,left,right,right,left,.jpg,"700",correct: Correct!; incorrect: Incorrect!,center,"300","5000",left right,"",60%;60%;60%;60%;80%;80%;80%;80%,-170 -130; 170 -130; -170 130; 170 130; -170 -130; 170 -130; -170 130; 170 130,ITI;withStim,"","","","","13",search,Target2,neutral,-170 -130;170 -130;-170 130;170 130;-170 -130;170 -130;-170 130;170 130,697,85,"8.21",617077,right,3073,"0",""
"190","1","1",test,"",N7,target1,b_cylinder1,N12,right,left,right,left,left,.jpg,"700",correct: Correct!; incorrect: Incorrect!,center,"300","5000",left right,"",60%;60%;60%;60%;80%;80%;80%;80%,-170 -130; 170 -130; -170 130; 170 130; -170 -130; 170 -130; -170 130; 170 130,ITI;withStim,"","","","","26",search,Target1,blue,-170 -130;170 -130;-170 130;170 130;-170 -130;170 -130;-170 130;170 130,702,85,"8.25",619610,left,1531,"1",""
"217","1","1",test,"",N6,r_cylinder3,N7,target1,left,right,left,right,right,.jpg,"700",correct: Correct!; incorrect: Incorrect!,center,"300","5000",left right,"",60%;60%;60%;60%;80%;80%;80%;80%,-170 -130; 170 -130; -170 130; 170 130; -170 -130; 170 -130; -170 130; 170 130,ITI;withStim,"","","","","53",search,Target1,red,-170 -130;170 -130;-170 130;170 130;-170 -130;170 -130;-170 130;170 130,702,85,"8.22",621726,right,1110,"1",""
"239","1","1",test,"",N4,y_round6,N12,target3,left,left,right,right,right,.jpg,"700",correct: Correct!; incorrect: Incorrect!,center,"300","5000",left right,"",60%;60%;60%;60%;80%;80%;80%;80%,-170 -130; 170 -130; -170 130; 170 130; -170 -130; 170 -130; -170 130; 170 130,ITI;withStim,"","","","","75",search,Target3,yellow,-170 -130;170 -130;-170 130;170 130;-170 -130;170 -130;-170 130;170 130,702,84,"8.31",623301,right,568,"1",""
"191","1","1",test,"",target1,N19,N29,N9,right,left,left,right,right,.jpg,"700",correct: Correct!; incorrect: Incorrect!,center,"300","5000",left right,"",60%;60%;60%;60%;80%;80%;80%;80%,-170 -130; 170 -130; -170 130; 170 130; -170 -130; 170 -130; -170 130; 170 130,ITI;withStim,"","","","","27",search,Target1,neutral,-170 -130;170 -130;-170 130;170 130;-170 -130;170 -130;-170 130;170 130,697,85,"8.24",625355,right,1053,"1",""
"196","1","1",test,"",N26,N6,N16,target1,right,left,left,right,right,.jpg,"700",correct: Correct!; incorrect: Incorrect!,center,"300","5000",left right,"",60%;60%;60%;60%;80%;80%;80%;80%,-170 -130; 170 -130; -170 130; 170 130; -170 -130; 170 -130; -170 130; 170 130,ITI;withStim,"","","","","32",search,Target1,neutral,-170 -130;170 -130;-170 130;170 130;-170 -130;170 -130;-170 130;170 130,702,83,"8.41",627189,right,830,"1",""
"254","1","1",test,"",b_irr1,N9,target1,N20,left,right,right,left,right,.jpg,"700",correct: Correct!; incorrect: Incorrect!,center,"300","5000",left right,"",60%;60%;60%;60%;80%;80%;80%;80%,-170 -130; 170 -130; -170 130; 170 130; -170 -130; 170 -130; -170 130; 170 130,ITI;withStim,"","","","","90",search,Target1,blue,-170 -130;170 -130;-170 130;170 130;-170 -130;170 -130;-170 130;170 130,696,84,"8.37",630138,left,1951,"0",""
"169","1","1",test,"",target3,N21,b_cylinder6,N16,left,right,right,left,left,.jpg,"700",correct: Correct!; incorrect: Incorrect!,center,"300","5000",left right,"",60%;60%;60%;60%;80%;80%;80%;80%,-170 -130; 170 -130; -170 130; 170 130; -170 -130; 170 -130; -170 130; 170 130,ITI;withStim,"","","","","5",search,Target3,blue,-170 -130;170 -130;-170 130;170 130;-170 -130;170 -130;-170 130;170 130,697,84,"8.29",632153,right,1017,"0",""
"223","1","1",test,"",b_round6,N2,N5,target3,right,left,right,left,left,.jpg,"700",correct: Correct!; incorrect: Incorrect!,center,"300","5000",left right,"",60%;60%;60%;60%;80%;80%;80%;80%,-170 -130; 170 -130; -170 130; 170 130; -170 -130; 170 -130; -170 130; 170 130,ITI;withStim,"","","","","59",search,Target3,blue,-170 -130;170 -130;-170 130;170 130;-170 -130;170 -130;-170 130;170 130,701,85,"8.25",634600,right,1443,"0",""
"228","1","1",test,"",N9,target2,y_square1,N8,left,left,right,right,left,.jpg,"700",correct: Correct!; incorrect: Incorrect!,center,"300","5000",left right,"",60%;60%;60%;60%;80%;80%;80%;80%,-170 -130; 170 -130; -170 130; 170 130; -170 -130; 170 -130; -170 130; 170 130,ITI;withStim,"","","","","64",search,Target2,yellow,-170 -130;170 -130;-170 130;170 130;-170 -130;170 -130;-170 130;170 130,702,85,"8.26",636812,left,1209,"1",""
"246","1","1",test,"",N16,N26,N6,target3,right,right,left,left,left,.jpg,"700",correct: Correct!; incorrect: Incorrect!,center,"300","5000",left right,"",60%;60%;60%;60%;80%;80%;80%;80%,-170 -130; 170 -130; -170 130; 170 130; -170 -130; 170 -130; -170 130; 170 130,ITI;withStim,"","","","","82",search,Target3,neutral,-170 -130;170 -130;-170 130;170 130;-170 -130;170 -130;-170 130;170 130,696,85,"8.27",638868,left,1058,"1",""
"180","1","1",test,"",N11,N2,target1,b_cylinder3,left,right,left,right,left,.jpg,"700",correct: Correct!; incorrect: Incorrect!,center,"300","5000",left right,"",60%;60%;60%;60%;80%;80%;80%;80%,-170 -130; 170 -130; -170 130; 170 130; -170 -130; 170 -130; -170 130; 170 130,ITI;withStim,"","","","","16",search,Target1,blue,-170 -130;170 -130;-170 130;170 130;-170 -130;170 -130;-170 130;170 130,698,83,"8.39",641653,left,1782,"1",""
"237","1","1",test,"",target3,N9,y_square5,N3,right,left,left,right,right,.jpg,"700",correct: Correct!; incorrect: Incorrect!,center,"300","5000",left right,"",60%;60%;60%;60%;80%;80%;80%;80%,-170 -130; 170 -130; -170 130; 170 130; -170 -130; 170 -130; -170 130; 170 130,ITI;withStim,"","","","","73",search,Target3,yellow,-170 -130;170 -130;-170 130;170 130;-170 -130;170 -130;-170 130;170 130,704,85,"8.26",643529,right,864,"1",""
"200","1","1",test,"",N28,target2,y_cylinder2,N13,right,right,left,left,right,.jpg,"700",correct: Correct!; incorrect: Incorrect!,center,"300","5000",left right,"",60%;60%;60%;60%;80%;80%;80%;80%,-170 -130; 170 -130; -170 130; 170 130; -170 -130; 170 -130; -170 130; 170 130,ITI;withStim,"","","","","36",search,Target2,yellow,-170 -130;170 -130;-170 130;170 130;-170 -130;170 -130;-170 130;170 130,702,84,"8.30",645482,left,946,"0",""
"176","1","1",test,"",y_square4,N15,N16,target3,left,left,right,right,right,.jpg,"700",correct: Correct!; incorrect: Incorrect!,center,"300","5000",left right,"",60%;60%;60%;60%;80%;80%;80%;80%,-170 -130; 170 -130; -170 130; 170 130; -170 -130; 170 -130; -170 130; 170 130,ITI;withStim,"","","","","12",search,Target3,yellow,-170 -130;170 -130;-170 130;170 130;-170 -130;170 -130;-170 130;170 130,701,84,"8.35",647615,right,1131,"1",""
"231","1","1",test,"",target1,b_round2,N20,N10,left,left,right,right,left,.jpg,"700",correct: Correct!; incorrect: Incorrect!,center,"300","5000",left right,"",60%;60%;60%;60%;80%;80%;80%;80%,-170 -130; 170 -130; -170 130; 170 130; -170 -130; 170 -130; -170 130; 170 130,ITI;withStim,"","","","","67",search,Target1,blue,-170 -130;170 -130;-170 130;170 130;-170 -130;170 -130;-170 130;170 130,703,84,"8.35",650018,right,1399,"0",""
"202","1","1",test,"",N4,N24,N14,target1,left,right,left,right,right,.jpg,"700",correct: Correct!; incorrect: Incorrect!,center,"300","5000",left right,"",60%;60%;60%;60%;80%;80%;80%;80%,-170 -130; 170 -130; -170 130; 170 130; -170 -130; 170 -130; -170 130; 170 130,ITI;withStim,"","","","","38",search,Target1,neutral,-170 -130;170 -130;-170 130;170 130;-170 -130;170 -130;-170 130;170 130,698,85,"8.26",651706,right,683,"1",""
"244","1","1",test,"",N8,N28,target1,N18,right,right,left,left,left,.jpg,"700",correct: Correct!; incorrect: Incorrect!,center,"300","5000",left right,"",60%;60%;60%;60%;80%;80%;80%;80%,-170 -130; 170 -130; -170 130; 170 130; -170 -130; 170 -130; -170 130; 170 130,ITI;withStim,"","","","","80",search,Target1,neutral,-170 -130;170 -130;-170 130;170 130;-170 -130;170 -130;-170 130;170 130,698,85,"8.20",654220,left,1513,"1",""
"184","1","1",test,"",target2,N14,y_square2,N4,left,right,left,right,left,.jpg,"700",correct: Correct!; incorrect: Incorrect!,center,"300","5000",left right,"",60%;60%;60%;60%;80%;80%;80%;80%,-170 -130; 170 -130; -170 130; 170 130; -170 -130; 170 -130; -170 130; 170 130,ITI;withStim,"","","","","20",search,Target2,yellow,-170 -130;170 -130;-170 130;170 130;-170 -130;170 -130;-170 130;170 130,701,85,"8.25",657652,right,2425,"0",""
"172","1","1",test,"",N4,N14,target2,N24,right,left,right,left,right,.jpg,"700",correct: Correct!; incorrect: Incorrect!,center,"300","5000",left right,"",60%;60%;60%;60%;80%;80%;80%;80%,-170 -130; 170 -130; -170 130; 170 130; -170 -130; 170 -130; -170 130; 170 130,ITI;withStim,"","","","","8",search,Target2,neutral,-170 -130;170 -130;-170 130;170 130;-170 -130;170 -130;-170 130;170 130,698,84,"8.29",659364,left,710,"0",""
"171","1","1",test,"",b_cylinder4,N22,N4,target3,right,left,left,right,right,.jpg,"700",correct: Correct!; incorrect: Incorrect!,center,"300","5000",left right,"",60%;60%;60%;60%;80%;80%;80%;80%,-170 -130; 170 -130; -170 130; 170 130; -170 -130; 170 -130; -170 130; 170 130,ITI;withStim,"","","","","7",search,Target3,blue,-170 -130;170 -130;-170 130;170 130;-170 -130;170 -130;-170 130;170 130,696,84,"8.29",661320,right,955,"1",""
"248","1","1",test,"",N19,N12,r_cylinder4,target2,left,right,right,left,left,.jpg,"700",correct: Correct!; incorrect: Incorrect!,center,"300","5000",left right,"",60%;60%;60%;60%;80%;80%;80%;80%,-170 -130; 170 -130; -170 130; 170 130; -170 -130; 170 -130; -170 130; 170 130,ITI;withStim,"","","","","84",search,Target2,red,-170 -130;170 -130;-170 130;170 130;-170 -130;170 -130;-170 130;170 130,697,85,"8.24",662881,right,560,"0",""
"224","1","1",test,"",target2,N3,N9,r_square5,left,left,right,right,left,.jpg,"700",correct: Correct!; incorrect: Incorrect!,center,"300","5000",left right,"",60%;60%;60%;60%;80%;80%;80%;80%,-170 -130; 170 -130; -170 130; 170 130; -170 -130; 170 -130; -170 130; 170 130,ITI;withStim,"","","","","60",search,Target2,red,-170 -130;170 -130;-170 130;170 130;-170 -130;170 -130;-170 130;170 130,697,84,"8.36",664727,right,851,"0",""
"218","1","1",test,"",r_irr2,N15,target2,N20,right,left,left,right,left,.jpg,"700",correct: Correct!; incorrect: Incorrect!,center,"300","5000",left right,"",60%;60%;60%;60%;80%;80%;80%;80%,-170 -130; 170 -130; -170 130; 170 130; -170 -130; 170 -130; -170 130; 170 130,ITI;withStim,"","","","","54",search,Target2,red,-170 -130;170 -130;-170 130;170 130;-170 -130;170 -130;-170 130;170 130,699,84,"8.29",666908,left,1183,"1",""
"207","1","1",test,"",N6,N20,y_cylinder3,target2,left,right,right,left,left,.jpg,"700",correct: Correct!; incorrect: Incorrect!,center,"300","5000",left right,"",60%;60%;60%;60%;80%;80%;80%;80%,-170 -130; 170 -130; -170 130; 170 130; -170 -130; 170 -130; -170 130; 170 130,ITI;withStim,"","","","","43",search,Target2,yellow,-170 -130;170 -130;-170 130;170 130;-170 -130;170 -130;-170 130;170 130,703,84,"8.31",668458,right,544,"0",""
"245","1","1",test,"",N2,N3,target1,b_square2,right,left,right,left,right,.jpg,"700",correct: Correct!; incorrect: Incorrect!,center,"300","5000",left right,"",60%;60%;60%;60%;80%;80%;80%;80%,-170 -130; 170 -130; -170 130; 170 130; -170 -130; 170 -130; -170 130; 170 130,ITI;withStim,"","","","","81",search,Target1,blue,-170 -130;170 -130;-170 130;170 130;-170 -130;170 -130;-170 130;170 130,703,85,"8.28",670603,left,1139,"0",""
"174","1","1",test,"",target1,N15,N5,N25,right,left,right,left,right,.jpg,"700",correct: Correct!; incorrect: Incorrect!,center,"300","5000",left right,"",60%;60%;60%;60%;80%;80%;80%;80%,-170 -130; 170 -130; -170 130; 170 130; -170 -130; 170 -130; -170 130; 170 130,ITI;withStim,"","","","","10",search,Target1,neutral,-170 -130;170 -130;-170 130;170 130;-170 -130;170 -130;-170 130;170 130,699,85,"8.25",672303,left,697,"0",""
"236","1","1",test,"",N22,target3,N2,N12,left,right,left,right,right,.jpg,"700",correct: Correct!; incorrect: Incorrect!,center,"300","5000",left right,"",60%;60%;60%;60%;80%;80%;80%;80%,-170 -130; 170 -130; -170 130; 170 130; -170 -130; 170 -130; -170 130; 170 130,ITI;withStim,"","","","","72",search,Target3,neutral,-170 -130;170 -130;-170 130;170 130;-170 -130;170 -130;-170 130;170 130,700,85,"8.25",674435,left,1132,"0",""
"234","1","1",test,"",N14,target3,b_irr2,N6,left,right,left,right,right,.jpg,"700",correct: Correct!; incorrect: Incorrect!,center,"300","5000",left right,"",60%;60%;60%;60%;80%;80%;80%;80%,-170 -130; 170 -130; -170 130; 170 130; -170 -130; 170 -130; -170 130; 170 130,ITI;withStim,"","","","","70",search,Target3,blue,-170 -130;170 -130;-170 130;170 130;-170 -130;170 -130;-170 130;170 130,702,85,"8.27",676100,left,658,"0",""
"183","1","1",test,"",target1,N12,N2,N22,left,left,right,right,left,.jpg,"700",correct: Correct!; incorrect: Incorrect!,center,"300","5000",left right,"",60%;60%;60%;60%;80%;80%;80%;80%,-170 -130; 170 -130; -170 130; 170 130; -170 -130; 170 -130; -170 130; 170 130,ITI;withStim,"","","","","19",search,Target1,neutral,-170 -130;170 -130;-170 130;170 130;-170 -130;170 -130;-170 130;170 130,704,84,"8.31",678001,right,890,"0",""
"249","1","1",test,"",N12,N14,target2,r_round4,right,left,right,left,right,.jpg,"700",correct: Correct!; incorrect: Incorrect!,center,"300","5000",left right,"",60%;60%;60%;60%;80%;80%;80%;80%,-170 -130; 170 -130; -170 130; 170 130; -170 -130; 170 -130; -170 130; 170 130,ITI;withStim,"","","","","85",search,Target2,red,-170 -130;170 -130;-170 130;170 130;-170 -130;170 -130;-170 130;170 130,697,85,"8.21",679589,left,587,"0",""
"170","1","1",test,"",N10,N3,target1,r_round2,left,right,left,right,left,.jpg,"700",correct: Correct!; incorrect: Incorrect!,center,"300","5000",left right,"",60%;60%;60%;60%;80%;80%;80%;80%,-170 -130; 170 -130; -170 130; 170 130; -170 -130; 170 -130; -170 130; 170 130,ITI;withStim,"","","","","6",search,Target1,red,-170 -130;170 -130;-170 130;170 130;-170 -130;170 -130;-170 130;170 130,701,85,"8.25",681163,left,572,"1",""
"195","1","1",test,"",N1,target3,N21,N11,left,right,right,left,right,.jpg,"700",correct: Correct!; incorrect: Incorrect!,center,"300","5000",left right,"",60%;60%;60%;60%;80%;80%;80%;80%,-170 -130; 170 -130; -170 130; 170 130; -170 -130; 170 -130; -170 130; 170 130,ITI;withStim,"","","","","31",search,Target3,neutral,-170 -130;170 -130;-170 130;170 130;-170 -130;170 -130;-170 130;170 130,700,84,"8.31",682814,right,647,"1",""
"199","1","1",test,"",target2,N5,r_square4,N15,left,right,right,left,left,.jpg,"700",correct: Correct!; incorrect: Incorrect!,center,"300","5000",left right,"",60%;60%;60%;60%;80%;80%;80%;80%,-170 -130; 170 -130; -170 130; 170 130; -170 -130; 170 -130; -170 130; 170 130,ITI;withStim,"","","","","35",search,Target2,red,-170 -130;170 -130;-170 130;170 130;-170 -130;170 -130;-170 130;170 130,703,85,"8.19",684500,left,683,"1",""
"208","1","1",test,"",target2,N7,N4,r_square6,left,left,right,right,left,.jpg,"700",correct: Correct!; incorrect: Incorrect!,center,"300","5000",left right,"",60%;60%;60%;60%;80%;80%;80%;80%,-170 -130; 170 -130; -170 130; 170 130; -170 -130; 170 -130; -170 130; 170 130,ITI;withStim,"","","","","44",search,Target2,red,-170 -130;170 -130;-170 130;170 130;-170 -130;170 -130;-170 130;170 130,698,84,"8.29",685972,left,471,"1",""
"216","1","1",test,"",y_cylinder6,N12,N6,target3,right,left,right,left,left,.jpg,"700",correct: Correct!; incorrect: Incorrect!,center,"300","5000",left right,"",60%;60%;60%;60%;80%;80%;80%;80%,-170 -130; 170 -130; -170 130; 170 130; -170 -130; 170 -130; -170 130; 170 130,ITI;withStim,"","","","","52",search,Target3,yellow,-170 -130;170 -130;-170 130;170 130;-170 -130;170 -130;-170 130;170 130,698,85,"8.20",687551,right,580,"0",""
"211","1","1",test,"",target2,N2,N12,N22,right,right,left,left,right,.jpg,"700",correct: Correct!; incorrect: Incorrect!,center,"300","5000",left right,"",60%;60%;60%;60%;80%;80%;80%;80%,-170 -130; 170 -130; -170 130; 170 130; -170 -130; 170 -130; -170 130; 170 130,ITI;withStim,"","","","","47",search,Target2,neutral,-170 -130;170 -130;-170 130;170 130;-170 -130;170 -130;-170 130;170 130,700,85,"8.22",689103,left,548,"0",""
"173","1","1",test,"",N26,y_round4,target3,N15,left,right,left,right,left,.jpg,"700",correct: Correct!; incorrect: Incorrect!,center,"300","5000",left right,"",60%;60%;60%;60%;80%;80%;80%;80%,-170 -130; 170 -130; -170 130; 170 130; -170 -130; 170 -130; -170 130; 170 130,ITI;withStim,"","","","","9",search,Target3,yellow,-170 -130;170 -130;-170 130;170 130;-170 -130;170 -130;-170 130;170 130,700,85,"8.27",691197,left,1090,"1",""
"251","1","1",test,"",b_square6,target3,N10,N15,right,right,left,left,right,.jpg,"700",correct: Correct!; incorrect: Incorrect!,center,"300","5000",left right,"",60%;60%;60%;60%;80%;80%;80%;80%,-170 -130; 170 -130; -170 130; 170 130; -170 -130; 170 -130; -170 130; 170 130,ITI;withStim,"","","","","87",search,Target3,blue,-170 -130;170 -130;-170 130;170 130;-170 -130;170 -130;-170 130;170 130,703,86,"8.17",692992,left,792,"0",""
"213","1","1",test,"",target2,N17,N27,N7,left,right,right,left,left,.jpg,"700",correct: Correct!; incorrect: Incorrect!,center,"300","5000",left right,"",60%;60%;60%;60%;80%;80%;80%;80%,-170 -130; 170 -130; -170 130; 170 130; -170 -130; 170 -130; -170 130; 170 130,ITI;withStim,"","","","","49",search,Target2,neutral,-170 -130;170 -130;-170 130;170 130;-170 -130;170 -130;-170 130;170 130,703,84,"8.32",694726,right,734,"0",""
"186","1","1",test,"",N12,target2,y_round3,N22,left,right,left,right,right,.jpg,"700",correct: Correct!; incorrect: Incorrect!,center,"300","5000",left right,"",60%;60%;60%;60%;80%;80%;80%;80%,-170 -130; 170 -130; -170 130; 170 130; -170 -130; 170 -130; -170 130; 170 130,ITI;withStim,"","","","","22",search,Target2,yellow,-170 -130;170 -130;-170 130;170 130;-170 -130;170 -130;-170 130;170 130,701,85,"8.24",696496,right,762,"1",""
"168","1","1",test,"",target1,N10,N12,r_square3,right,left,left,right,right,.jpg,"700",correct: Correct!; incorrect: Incorrect!,center,"300","5000",left right,"",60%;60%;60%;60%;80%;80%;80%;80%,-170 -130; 170 -130; -170 130; 170 130; -170 -130; 170 -130; -170 130; 170 130,ITI;withStim,"","","","","4",search,Target1,red,-170 -130;170 -130;-170 130;170 130;-170 -130;170 -130;-170 130;170 130,702,85,"8.26",698207,left,703,"0",""
"198","1","1",test,"",N8,target2,N18,N28,left,right,left,right,right,.jpg,"700",correct: Correct!; incorrect: Incorrect!,center,"300","5000",left right,"",60%;60%;60%;60%;80%;80%;80%;80%,-170 -130; 170 -130; -170 130; 170 130; -170 -130; 170 -130; -170 130; 170 130,ITI;withStim,"","","","","34",search,Target2,neutral,-170 -130;170 -130;-170 130;170 130;-170 -130;170 -130;-170 130;170 130,703,86,"8.18",700993,right,1779,"1",""
"225","1","1",test,"",target2,N5,y_irr1,N10,right,left,left,right,right,.jpg,"700",correct: Correct!; incorrect: Incorrect!,center,"300","5000",left right,"",60%;60%;60%;60%;80%;80%;80%;80%,-170 -130; 170 -130; -170 130; 170 130; -170 -130; 170 -130; -170 130; 170 130,ITI;withStim,"","","","","61",search,Target2,yellow,-170 -130;170 -130;-170 130;170 130;-170 -130;170 -130;-170 130;170 130,703,84,"8.29",702512,left,514,"0",""
"166","1","1",test,"",N12,r_cylinder1,target1,N15,right,left,left,right,left,.jpg,"700",correct: Correct!; incorrect: Incorrect!,center,"300","5000",left right,"",60%;60%;60%;60%;80%;80%;80%;80%,-170 -130; 170 -130; -170 130; 170 130; -170 -130; 170 -130; -170 130; 170 130,ITI;withStim,"","","","","2",search,Target1,red,-170 -130;170 -130;-170 130;170 130;-170 -130;170 -130;-170 130;170 130,697,85,"8.24",704447,left,934,"1",""
"241","1","1",test,"",b_square3,N9,target1,N17,right,left,left,right,left,.jpg,"700",correct: Correct!; incorrect: Incorrect!,center,"300","5000",left right,"",60%;60%;60%;60%;80%;80%;80%;80%,-170 -130; 170 -130; -170 130; 170 130; -170 -130; 170 -130; -170 130; 170 130,ITI;withStim,"","","","","77",search,Target1,blue,-170 -130;170 -130;-170 130;170 130;-170 -130;170 -130;-170 130;170 130,703,85,"8.23",706031,left,577,"1",""
"226","1","1",test,"",N18,target3,N28,N8,right,left,left,right,left,.jpg,"700",correct: Correct!; incorrect: Incorrect!,center,"300","5000",left right,"",60%;60%;60%;60%;80%;80%;80%;80%,-170 -130; 170 -130; -170 130; 170 130; -170 -130; 170 -130; -170 130; 170 130,ITI;withStim,"","","","","62",search,Target3,neutral,-170 -130;170 -130;-170 130;170 130;-170 -130;170 -130;-170 130;170 130,704,85,"8.26",707890,right,850,"0",""
"227","1","1",test,"",target1,N14,N6,r_irr1,left,right,right,left,left,.jpg,"700",correct: Correct!; incorrect: Incorrect!,center,"300","5000",left right,"",60%;60%;60%;60%;80%;80%;80%;80%,-170 -130; 170 -130; -170 130; 170 130; -170 -130; 170 -130; -170 130; 170 130,ITI;withStim,"","","","","63",search,Target1,red,-170 -130;170 -130;-170 130;170 130;-170 -130;170 -130;-170 130;170 130,702,85,"8.21",709561,right,670,"0",""
"221","1","1",test,"",target1,r_square1,N7,N5,right,right,left,left,right,.jpg,"700",correct: Correct!; incorrect: Incorrect!,center,"300","5000",left right,"",60%;60%;60%;60%;80%;80%;80%;80%,-170 -130; 170 -130; -170 130; 170 130; -170 -130; 170 -130; -170 130; 170 130,ITI;withStim,"","","","","57",search,Target1,red,-170 -130;170 -130;-170 130;170 130;-170 -130;170 -130;-170 130;170 130,705,85,"8.21",711369,right,796,"1",""
"193","1","1",test,"",target1,r_square2,N11,N9,left,right,right,left,left,.jpg,"700",correct: Correct!; incorrect: Incorrect!,center,"300","5000",left right,"",60%;60%;60%;60%;80%;80%;80%;80%,-170 -130; 170 -130; -170 130; 170 130; -170 -130; 170 -130; -170 130; 170 130,ITI;withStim,"","","","","29",search,Target1,red,-170 -130;170 -130;-170 130;170 130;-170 -130;170 -130;-170 130;170 130,703,85,"8.24",715376,right,3005,"0",""
"222","1","1",test,"",N3,N16,y_round5,target3,right,right,left,left,left,.jpg,"700",correct: Correct!; incorrect: Incorrect!,center,"300","5000",left right,"",60%;60%;60%;60%;80%;80%;80%;80%,-170 -130; 170 -130; -170 130; 170 130; -170 -130; 170 -130; -170 130; 170 130,ITI;withStim,"","","","","58",search,Target3,yellow,-170 -130;170 -130;-170 130;170 130;-170 -130;170 -130;-170 130;170 130,696,85,"8.24",717503,right,1129,"0",""
"189","1","1",test,"",target2,N17,y_square3,N12,right,left,right,left,right,.jpg,"700",correct: Correct!; incorrect: Incorrect!,center,"300","5000",left right,"",60%;60%;60%;60%;80%;80%;80%;80%,-170 -130; 170 -130; -170 130; 170 130; -170 -130; 170 -130; -170 130; 170 130,ITI;withStim,"","","","","25",search,Target2,yellow,-170 -130;170 -130;-170 130;170 130;-170 -130;170 -130;-170 130;170 130,700,85,"8.27",720007,right,1503,"1",""
"203","1","1",test,"",N19,y_cylinder1,N13,target2,left,left,right,right,right,.jpg,"700",correct: Correct!; incorrect: Incorrect!,center,"300","5000",left right,"",60%;60%;60%;60%;80%;80%;80%;80%,-170 -130; 170 -130; -170 130; 170 130; -170 -130; 170 -130; -170 130; 170 130,ITI;withStim,"","","","","39",search,Target2,yellow,-170 -130;170 -130;-170 130;170 130;-170 -130;170 -130;-170 130;170 130,699,85,"8.27",723237,right,2230,"1",""
"238","1","1",test,"",N3,N23,N13,target1,left,right,right,left,left,.jpg,"700",correct: Correct!; incorrect: Incorrect!,center,"300","5000",left right,"",60%;60%;60%;60%;80%;80%;80%;80%,-170 -130; 170 -130; -170 130; 170 130; -170 -130; 170 -130; -170 130; 170 130,ITI;withStim,"","","","","74",search,Target1,neutral,-170 -130;170 -130;-170 130;170 130;-170 -130;170 -130;-170 130;170 130,697,85,"8.25",725028,right,791,"0",""
"192","1","1",test,"",N10,N30,target3,N20,right,left,left,right,left,.jpg,"700",correct: Correct!; incorrect: Incorrect!,center,"300","5000",left right,"",60%;60%;60%;60%;80%;80%;80%;80%,-170 -130; 170 -130; -170 130; 170 130; -170 -130; 170 -130; -170 130; 170 130,ITI;withStim,"","","","","28",search,Target3,neutral,-170 -130;170 -130;-170 130;170 130;-170 -130;170 -130;-170 130;170 130,703,85,"8.26",726696,left,658,"1",""
"182","1","1",test,"",b_square1,N2,target1,N6,right,right,left,left,left,.jpg,"700",correct: Correct!; incorrect: Incorrect!,center,"300","5000",left right,"",60%;60%;60%;60%;80%;80%;80%;80%,-170 -130; 170 -130; -170 130; 170 130; -170 -130; 170 -130; -170 130; 170 130,ITI;withStim,"","","","","18",search,Target1,blue,-170 -130;170 -130;-170 130;170 130;-170 -130;170 -130;-170 130;170 130,697,85,"8.27",729015,left,1318,"1",""
"242","1","1",test,"",N15,target2,N4,r_round5,right,left,left,right,left,.jpg,"700",correct: Correct!; incorrect: Incorrect!,center,"300","5000",left right,"",60%;60%;60%;60%;80%;80%;80%;80%,-170 -130; 170 -130; -170 130; 170 130; -170 -130; 170 -130; -170 130; 170 130,ITI;withStim,"","","","","78",search,Target2,red,-170 -130;170 -130;-170 130;170 130;-170 -130;170 -130;-170 130;170 130,701,85,"8.28",731244,left,1223,"1",""
"256","","",form,What information did you use to find the target during the search task?,"","","","","","","","","","","","","","","","",survey,"","","",radio,I only used color; I only used shape; I used color first and then shape; I used shape first and then color; I used color and shape at the same time,"1","1","",survey,"","","",0,85,"8.19",766004,I only used shape,32343,"0","2"
"257","","",form,"How frequently did you use the color blue to find the target? (1 = least frequent, 5 = most frequent)","","","","","","","","","","","","","","","","",survey,"","","",slider,1_5_1; 1,"1","1","",survey,"","","",0,85,"8.28",766004,"4",32343,"0","4"
"258","","",form,How frequently did you use the color red to find the target?,"","","","","","","","","","","","","","","","",survey,"","","",slider,1_5_1; 1,"1","1","",survey,"","","",0,86,"8.18",766004,"3",32343,"0","3"
"259","","",form,How frequently did you use the color yellow to find the target?,"","","","","","","","","","","","","","","","",survey,"","","",slider,1_5_1; 1,"1","1","",survey,"","","",0,85,"8.26",766004,"4",32343,"0","4"
"260","","",form,"How focused were you over the course of this experiment?  (1 = Not at all, 9 = Very)","","","","","","","","","","","","","","","","",survey,"","","",slider,1_9_1; 1,"1","1","",survey,"","","",0,86,"8.19",766004,"9",32343,"0","9"