GMT_timestamp,local_timestamp,trial_file_version,link,duration_s
2024-08-30_17:11:42,2024-08-30_10:11:42,2024-08-26_14:42:27,https://www.testable.org/experiment/11000/568133/start?sona_id=120987,586.838

rowNo,random,randomBlock,type,head,stim1,stim2,stim3,stim4,stim5,stim6,stim7,stim8,key,stimFormat,ITI,feedback,feedbackOptions,feedbackTime,responseWindow,keyboard,title,stimSize,stimPos,fixation,responseType,responseOptions,required,separator,trial_num,tasks,cond_target,cond_level,stimPos_actual,ITI_ms,ITI_f,ITI_fDuration,timestamp,response,RT,correct,responseCode
"3","","",form,"Participant ID (Your initials and last four digits of student ID, e.g, XY5750)","","","","","","","","","","","","","","","","","","","","",comment,"","1","1","",demo,"","","",0,0,0,90170,NES3744,56474,"0",NA
"4","","",form,Age,"","","","","","","","","","","","","","","","","","","","",comment,"","1","1","",demo,"","","",0,"","",90170,"20",56474,"0",NA
"5","","",form,Date of Birth (MM/DD/YYYY),"","","","","","","","","","","","","","","","","","","","",comment,"","1","1","",demo,"","","",0,"","",90170,11/24/2003,56474,"0",NA
"6","","",form,Today's Date (MM/DD/YYYY),"","","","","","","","","","","","","","","","","","","","",comment,"","1","1","",demo,"","","",0,"","",90170,08/30/2024,56474,"0",NA
"7","","",form,Gender,"","","","","","","","","","","","","","","","","","","","",dropdown,Male; Female; Non Binary,"1","1","",demo,"","","",0,"","",90170,Male,56474,"0","1"
"8","","",form,Handedness,"","","","","","","","","","","","","","","","","","","","",dropdown,Right; Left,"1","1","",demo,"","","",0,"","",90170,Right,56474,"0","1"
"9","","",form,Ethnicity,"","","","","","","","","","","","","","","","","","","","",dropdown,Hispanic or Latino; Not hispanic or Latino,"1","1","",demo,"","","",0,"","",90170,Not hispanic or Latino,56474,"0","2"
"10","","",form,Race,"","","","","","","","","","","","","","","","","","","","",dropdown,American Inidan/ Alaskan tive; Asian; Other pacific Islander; Black or African American; White; More than One race; Not Listed,"1","1","",demo,"","","",0,"","",90170,Asian,56474,"0","2"
"40","1","",test,"",target1,"","","","","","","",y,.jpg,"700",correct: Correct!; incorrect: Incorrect!,center,"300","5000",y i,"",60%,"",ITI,"","","","","23",training,target1,target,"",692,"","",114907,y,889,"1",""
"37","1","",test,"",target1,"","","","","","","",y,.jpg,"700",correct: Correct!; incorrect: Incorrect!,center,"300","5000",y i,"",60%,"",ITI,"","","","","20",training,target1,target,"",693,0,0,116429,y,537,"1",""
"19","1","",test,"",r_round1,"","","","","","","",i,.jpg,"700",correct: Correct!; incorrect: Incorrect!,center,"300","5000",y i,"",60%,"",ITI,"","","","","2",training,red,non target,"",700,0,0,122434,timeout,5004,"0",""
"29","1","",test,"",N6,"","","","","","","",i,.jpg,"700",correct: Correct!; incorrect: Incorrect!,center,"300","5000",y i,"",60%,"",ITI,"","","","","12",training,neutral,non target,"",700,0,0,125119,i,1984,"1",""
"34","1","",test,"",y_square1,"","","","","","","",i,.jpg,"700",correct: Correct!; incorrect: Incorrect!,center,"300","5000",y i,"",60%,"",ITI,"","","","","17",training,yellow,non target,"",706,0,0,126936,i,816,"1",""
"25","1","",test,"",N2,"","","","","","","",i,.jpg,"700",correct: Correct!; incorrect: Incorrect!,center,"300","5000",y i,"",60%,"",ITI,"","","","","8",training,neutral,non target,"",701,0,0,129008,i,1078,"1",""
"22","1","",test,"",y_cylinder1,"","","","","","","",i,.jpg,"700",correct: Correct!; incorrect: Incorrect!,center,"300","5000",y i,"",60%,"",ITI,"","","","","5",training,yellow,non target,"",693,0,0,130546,i,544,"1",""
"39","1","",test,"",target1,"","","","","","","",y,.jpg,"700",correct: Correct!; incorrect: Incorrect!,center,"300","5000",y i,"",60%,"",ITI,"","","","","22",training,target1,target,"",696,0,0,132151,y,620,"1",""
"38","1","",test,"",target1,"","","","","","","",y,.jpg,"700",correct: Correct!; incorrect: Incorrect!,center,"300","5000",y i,"",60%,"",ITI,"","","","","21",training,target1,target,"",697,42,"16.48",133532,y,392,"1",""
"49","1","",test,"",target3,"","","","","","","",y,.jpg,"700",correct: Correct!; incorrect: Incorrect!,center,"300","5000",y i,"",60%,"",ITI,"","","","","32",training,target3,target,"",694,41,"16.90",135250,y,735,"1",""
"50","1","",test,"",target3,"","","","","","","",y,.jpg,"700",correct: Correct!; incorrect: Incorrect!,center,"300","5000",y i,"",60%,"",ITI,"","","","","33",training,target3,target,"",701,41,"17.07",136690,y,435,"1",""
"18","1","",test,"",r_cylinder1,"","","","","","","",i,.jpg,"700",correct: Correct!; incorrect: Incorrect!,center,"300","5000",y i,"",60%,"",ITI,"","","","","1",training,red,non target,"",700,42,"16.67",138511,i,821,"1",""
"24","1","",test,"",N1,"","","","","","","",i,.jpg,"700",correct: Correct!; incorrect: Incorrect!,center,"300","5000",y i,"",60%,"",ITI,"","","","","7",training,neutral,non target,"",704,42,"16.81",139968,i,452,"1",""
"48","1","",test,"",target3,"","","","","","","",y,.jpg,"700",correct: Correct!; incorrect: Incorrect!,center,"300","5000",y i,"",60%,"",ITI,"","","","","31",training,target3,target,"",704,42,"16.69",141634,y,671,"1",""
"27","1","",test,"",N4,"","","","","","","",i,.jpg,"700",correct: Correct!; incorrect: Incorrect!,center,"300","5000",y i,"",60%,"",ITI,"","","","","10",training,neutral,non target,"",699,42,"16.50",143616,i,998,"1",""
"45","1","",test,"",target2,"","","","","","","",y,.jpg,"700",correct: Correct!; incorrect: Incorrect!,center,"300","5000",y i,"",60%,"",ITI,"","","","","28",training,target2,target,"",705,42,"16.57",145343,y,731,"1",""
"32","1","",test,"",b_square1,"","","","","","","",i,.jpg,"700",correct: Correct!; incorrect: Incorrect!,center,"300","5000",y i,"",60%,"",ITI,"","","","","15",training,blue,non target,"",702,42,"16.60",146991,i,646,"1",""
"46","1","",test,"",target2,"","","","","","","",y,.jpg,"700",correct: Correct!; incorrect: Incorrect!,center,"300","5000",y i,"",60%,"",ITI,"","","","","29",training,target2,target,"",699,42,"16.52",148646,y,653,"1",""
"30","1","",test,"",b_cylinder1,"","","","","","","",i,.jpg,"700",correct: Correct!; incorrect: Incorrect!,center,"300","5000",y i,"",60%,"",ITI,"","","","","13",training,blue,non target,"",698,42,"16.69",150391,i,751,"1",""
"35","1","",test,"",y_irr1,"","","","","","","",i,.jpg,"700",correct: Correct!; incorrect: Incorrect!,center,"300","5000",y i,"",60%,"",ITI,"","","","","18",training,yellow,non target,"",698,42,"16.67",152103,i,717,"1",""
"53","1","",test,"",target3,"","","","","","","",y,.jpg,"700",correct: Correct!; incorrect: Incorrect!,center,"300","5000",y i,"",60%,"",ITI,"","","","","36",training,target3,target,"",699,42,"16.76",153713,y,612,"1",""
"36","1","",test,"",target1,"","","","","","","",y,.jpg,"700",correct: Correct!; incorrect: Incorrect!,center,"300","5000",y i,"",60%,"",ITI,"","","","","19",training,target1,target,"",699,42,"16.76",155199,y,485,"1",""
"31","1","",test,"",b_round1,"","","","","","","",i,.jpg,"700",correct: Correct!; incorrect: Incorrect!,center,"300","5000",y i,"",60%,"",ITI,"","","","","14",training,blue,non target,"",699,42,"16.64",156714,i,520,"1",""
"33","1","",test,"",b_irr1,"","","","","","","",i,.jpg,"700",correct: Correct!; incorrect: Incorrect!,center,"300","5000",y i,"",60%,"",ITI,"","","","","16",training,blue,non target,"",705,43,"16.40",158240,i,526,"1",""
"47","1","",test,"",target2,"","","","","","","",y,.jpg,"700",correct: Correct!; incorrect: Incorrect!,center,"300","5000",y i,"",60%,"",ITI,"","","","","30",training,target2,target,"",703,42,"16.71",159776,y,532,"1",""
"52","1","",test,"",target3,"","","","","","","",y,.jpg,"700",correct: Correct!; incorrect: Incorrect!,center,"300","5000",y i,"",60%,"",ITI,"","","","","35",training,target3,target,"",705,42,"16.64",161452,y,677,"1",""
"51","1","",test,"",target3,"","","","","","","",y,.jpg,"700",correct: Correct!; incorrect: Incorrect!,center,"300","5000",y i,"",60%,"",ITI,"","","","","34",training,target3,target,"",704,42,"16.62",162912,y,459,"1",""
"28","1","",test,"",N5,"","","","","","","",i,.jpg,"700",correct: Correct!; incorrect: Incorrect!,center,"300","5000",y i,"",60%,"",ITI,"","","","","11",training,neutral,non target,"",703,42,"16.62",164338,i,421,"1",""
"42","1","",test,"",target2,"","","","","","","",y,.jpg,"700",correct: Correct!; incorrect: Incorrect!,center,"300","5000",y i,"",60%,"",ITI,"","","","","25",training,target2,target,"",703,42,"16.64",165801,y,472,"1",""
"41","1","",test,"",target1,"","","","","","","",y,.jpg,"700",correct: Correct!; incorrect: Incorrect!,center,"300","5000",y i,"",60%,"",ITI,"","","","","24",training,target1,target,"",697,42,"16.64",167312,y,522,"1",""
"26","1","",test,"",N3,"","","","","","","",i,.jpg,"700",correct: Correct!; incorrect: Incorrect!,center,"300","5000",y i,"",60%,"",ITI,"","","","","9",training,neutral,non target,"",699,42,"16.64",168771,i,467,"1",""
"23","1","",test,"",y_round1,"","","","","","","",i,.jpg,"700",correct: Correct!; incorrect: Incorrect!,center,"300","5000",y i,"",60%,"",ITI,"","","","","6",training,yellow,non target,"",697,42,"16.79",170384,i,616,"1",""
"20","1","",test,"",r_square1,"","","","","","","",i,.jpg,"700",correct: Correct!; incorrect: Incorrect!,center,"300","5000",y i,"",60%,"",ITI,"","","","","3",training,red,non target,"",698,42,"16.74",172225,i,842,"1",""
"43","1","",test,"",target2,"","","","","","","",y,.jpg,"700",correct: Correct!; incorrect: Incorrect!,center,"300","5000",y i,"",60%,"",ITI,"","","","","26",training,target2,target,"",698,42,"16.79",173756,y,541,"1",""
"44","1","",test,"",target2,"","","","","","","",y,.jpg,"700",correct: Correct!; incorrect: Incorrect!,center,"300","5000",y i,"",60%,"",ITI,"","","","","27",training,target2,target,"",697,42,"16.76",175241,y,498,"1",""
"21","1","",test,"",r_irr1,"","","","","","","",i,.jpg,"700",correct: Correct!; incorrect: Incorrect!,center,"300","5000",y i,"",60%,"",ITI,"","","","","4",training,red,non target,"",699,42,"16.74",176752,i,511,"1",""
"158","1","1",test,"",N12,N14,target2,r_round4,right,left,right,left,right,.jpg,"700",correct: Correct!; incorrect: Incorrect!,center,"300","5000",left right,"",60%;60%;60%;60%;80%;80%;80%;80%,-170 -130; 170 -130; -170 130; 170 130; -170 -130; 170 -130; -170 130; 170 130,ITI;withStim,"","","","","85",search,Target2,red,-170 -130;170 -130;-170 130;170 130;-170 -130;170 -130;-170 130;170 130,700,42,"16.74",245777,left,957,"0",""
"87","1","1",test,"",y_cylinder5,target3,N16,N11,right,left,right,left,left,.jpg,"700",correct: Correct!; incorrect: Incorrect!,center,"300","5000",left right,"",60%;60%;60%;60%;80%;80%;80%;80%,-170 -130; 170 -130; -170 130; 170 130; -170 -130; 170 -130; -170 130; 170 130,ITI;withStim,"","","","","14",search,Target3,yellow,-170 -130;170 -130;-170 130;170 130;-170 -130;170 -130;-170 130;170 130,694,42,"16.60",247325,right,553,"0",""
"141","1","1",test,"",y_round1,N7,target2,N8,left,right,right,left,right,.jpg,"700",correct: Correct!; incorrect: Incorrect!,center,"300","5000",left right,"",60%;60%;60%;60%;80%;80%;80%;80%,-170 -130; 170 -130; -170 130; 170 130; -170 -130; 170 -130; -170 130; 170 130,ITI;withStim,"","","","","68",search,Target2,yellow,-170 -130;170 -130;-170 130;170 130;-170 -130;170 -130;-170 130;170 130,701,42,"16.64",250072,right,1745,"1",""
"81","1","1",test,"",N4,N14,target2,N24,right,left,right,left,right,.jpg,"700",correct: Correct!; incorrect: Incorrect!,center,"300","5000",left right,"",60%;60%;60%;60%;80%;80%;80%;80%,-170 -130; 170 -130; -170 130; 170 130; -170 -130; 170 -130; -170 130; 170 130,ITI;withStim,"","","","","8",search,Target2,neutral,-170 -130;170 -130;-170 130;170 130;-170 -130;170 -130;-170 130;170 130,698,42,"16.60",251639,right,578,"1",""
"83","1","1",test,"",target1,N15,N5,N25,right,left,right,left,right,.jpg,"700",correct: Correct!; incorrect: Incorrect!,center,"300","5000",left right,"",60%;60%;60%;60%;80%;80%;80%;80%,-170 -130; 170 -130; -170 130; 170 130; -170 -130; 170 -130; -170 130; 170 130,ITI;withStim,"","","","","10",search,Target1,neutral,-170 -130;170 -130;-170 130;170 130;-170 -130;170 -130;-170 130;170 130,698,42,"16.62",253215,right,590,"1",""
"128","1","1",test,"",N19,N29,N9,target3,right,left,right,left,left,.jpg,"700",correct: Correct!; incorrect: Incorrect!,center,"300","5000",left right,"",60%;60%;60%;60%;80%;80%;80%;80%,-170 -130; 170 -130; -170 130; 170 130; -170 -130; 170 -130; -170 130; 170 130,ITI;withStim,"","","","","55",search,Target3,neutral,-170 -130;170 -130;-170 130;170 130;-170 -130;170 -130;-170 130;170 130,699,42,"16.62",254655,left,445,"1",""
"104","1","1",test,"",N1,target3,N21,N11,left,right,right,left,right,.jpg,"700",correct: Correct!; incorrect: Incorrect!,center,"300","5000",left right,"",60%;60%;60%;60%;80%;80%;80%;80%,-170 -130; 170 -130; -170 130; 170 130; -170 -130; 170 -130; -170 130; 170 130,ITI;withStim,"","","","","31",search,Target3,neutral,-170 -130;170 -130;-170 130;170 130;-170 -130;170 -130;-170 130;170 130,699,42,"16.60",256276,left,620,"0",""
"90","1","1",test,"",N10,N25,target3,b_round4,left,right,right,left,right,.jpg,"700",correct: Correct!; incorrect: Incorrect!,center,"300","5000",left right,"",60%;60%;60%;60%;80%;80%;80%;80%,-170 -130; 170 -130; -170 130; 170 130; -170 -130; 170 -130; -170 130; 170 130,ITI;withStim,"","","","","17",search,Target3,blue,-170 -130;170 -130;-170 130;170 130;-170 -130;170 -130;-170 130;170 130,699,42,"16.64",257805,right,534,"1",""
"115","1","1",test,"",N3,N13,N23,target2,right,left,left,right,right,.jpg,"700",correct: Correct!; incorrect: Incorrect!,center,"300","5000",left right,"",60%;60%;60%;60%;80%;80%;80%;80%,-170 -130; 170 -130; -170 130; 170 130; -170 -130; 170 -130; -170 130; 170 130,ITI;withStim,"","","","","42",search,Target2,neutral,-170 -130;170 -130;-170 130;170 130;-170 -130;170 -130;-170 130;170 130,700,0,0,259388,left,584,"0",""
"135","1","1",test,"",N18,target3,N28,N8,right,left,left,right,left,.jpg,"700",correct: Correct!; incorrect: Incorrect!,center,"300","5000",left right,"",60%;60%;60%;60%;80%;80%;80%;80%,-170 -130; 170 -130; -170 130; 170 130; -170 -130; 170 -130; -170 130; 170 130,ITI;withStim,"","","","","62",search,Target3,neutral,-170 -130;170 -130;-170 130;170 130;-170 -130;170 -130;-170 130;170 130,695,0,0,261215,left,842,"1",""
"163","1","1",test,"",b_irr1,N9,target1,N20,left,right,right,left,right,.jpg,"700",correct: Correct!; incorrect: Incorrect!,center,"300","5000",left right,"",60%;60%;60%;60%;80%;80%;80%;80%,-170 -130; 170 -130; -170 130; 170 130; -170 -130; 170 -130; -170 130; 170 130,ITI;withStim,"","","","","90",search,Target1,blue,-170 -130;170 -130;-170 130;170 130;-170 -130;170 -130;-170 130;170 130,698,0,0,262677,right,470,"1",""
"111","1","1",test,"",N4,N24,N14,target1,left,right,left,right,right,.jpg,"700",correct: Correct!; incorrect: Incorrect!,center,"300","5000",left right,"",60%;60%;60%;60%;80%;80%;80%;80%,-170 -130; 170 -130; -170 130; 170 130; -170 -130; 170 -130; -170 130; 170 130,ITI;withStim,"","","","","38",search,Target1,neutral,-170 -130;170 -130;-170 130;170 130;-170 -130;170 -130;-170 130;170 130,700,0,0,264188,left,513,"0",""
"127","1","1",test,"",r_irr2,N15,target2,N20,right,left,left,right,left,.jpg,"700",correct: Correct!; incorrect: Incorrect!,center,"300","5000",left right,"",60%;60%;60%;60%;80%;80%;80%;80%,-170 -130; 170 -130; -170 130; 170 130; -170 -130; 170 -130; -170 130; 170 130,ITI;withStim,"","","","","54",search,Target2,red,-170 -130;170 -130;-170 130;170 130;-170 -130;170 -130;-170 130;170 130,700,42,"16.67",265634,right,459,"0",""
"110","1","1",test,"",r_round1,target1,N7,N15,right,left,right,left,left,.jpg,"700",correct: Correct!; incorrect: Incorrect!,center,"300","5000",left right,"",60%;60%;60%;60%;80%;80%;80%;80%,-170 -130; 170 -130; -170 130; 170 130; -170 -130; 170 -130; -170 130; 170 130,ITI;withStim,"","","","","37",search,Target1,red,-170 -130;170 -130;-170 130;170 130;-170 -130;170 -130;-170 130;170 130,699,42,"16.52",267049,left,421,"1",""
"154","1","1",test,"",N2,N3,target1,b_square2,right,left,right,left,right,.jpg,"700",correct: Correct!; incorrect: Incorrect!,center,"300","5000",left right,"",60%;60%;60%;60%;80%;80%;80%;80%,-170 -130; 170 -130; -170 130; 170 130; -170 -130; 170 -130; -170 130; 170 130,ITI;withStim,"","","","","81",search,Target1,blue,-170 -130;170 -130;-170 130;170 130;-170 -130;170 -130;-170 130;170 130,700,42,"16.69",268768,left,722,"0",""
"162","1","1",test,"",N23,N3,N13,target3,left,left,right,right,right,.jpg,"700",correct: Correct!; incorrect: Incorrect!,center,"300","5000",left right,"",60%;60%;60%;60%;80%;80%;80%;80%,-170 -130; 170 -130; -170 130; 170 130; -170 -130; 170 -130; -170 130; 170 130,ITI;withStim,"","","","","89",search,Target3,neutral,-170 -130;170 -130;-170 130;170 130;-170 -130;170 -130;-170 130;170 130,699,42,"16.62",270136,left,372,"0",""
"117","1","1",test,"",target2,N7,N4,r_square6,left,left,right,right,left,.jpg,"700",correct: Correct!; incorrect: Incorrect!,center,"300","5000",left right,"",60%;60%;60%;60%;80%;80%;80%;80%,-170 -130; 170 -130; -170 130; 170 130; -170 -130; 170 -130; -170 130; 170 130,ITI;withStim,"","","","","44",search,Target2,red,-170 -130;170 -130;-170 130;170 130;-170 -130;170 -130;-170 130;170 130,699,42,"16.62",271507,right,377,"0",""
"82","1","1",test,"",N26,y_round4,target3,N15,left,right,left,right,left,.jpg,"700",correct: Correct!; incorrect: Incorrect!,center,"300","5000",left right,"",60%;60%;60%;60%;80%;80%;80%;80%,-170 -130; 170 -130; -170 130; 170 130; -170 -130; 170 -130; -170 130; 170 130,ITI;withStim,"","","","","9",search,Target3,yellow,-170 -130;170 -130;-170 130;170 130;-170 -130;170 -130;-170 130;170 130,699,42,"16.64",274891,left,2394,"1",""
"86","1","1",test,"",target2,N10,N20,N30,left,left,right,right,left,.jpg,"700",correct: Correct!; incorrect: Incorrect!,center,"300","5000",left right,"",60%;60%;60%;60%;80%;80%;80%;80%,-170 -130; 170 -130; -170 130; 170 130; -170 -130; 170 -130; -170 130; 170 130,ITI;withStim,"","","","","13",search,Target2,neutral,-170 -130;170 -130;-170 130;170 130;-170 -130;170 -130;-170 130;170 130,702,42,"16.64",276446,left,556,"1",""
"85","1","1",test,"",y_square4,N15,N16,target3,left,left,right,right,right,.jpg,"700",correct: Correct!; incorrect: Incorrect!,center,"300","5000",left right,"",60%;60%;60%;60%;80%;80%;80%;80%,-170 -130; 170 -130; -170 130; 170 130; -170 -130; 170 -130; -170 130; 170 130,ITI;withStim,"","","","","12",search,Target3,yellow,-170 -130;170 -130;-170 130;170 130;-170 -130;170 -130;-170 130;170 130,699,42,"16.64",278194,right,755,"1",""
"97","1","1",test,"",N5,N6,target3,b_square5,right,right,left,left,left,.jpg,"700",correct: Correct!; incorrect: Incorrect!,center,"300","5000",left right,"",60%;60%;60%;60%;80%;80%;80%;80%,-170 -130; 170 -130; -170 130; 170 130; -170 -130; 170 -130; -170 130; 170 130,ITI;withStim,"","","","","24",search,Target3,blue,-170 -130;170 -130;-170 130;170 130;-170 -130;170 -130;-170 130;170 130,699,42,"16.67",279745,left,555,"1",""
"89","1","1",test,"",N11,N2,target1,b_cylinder3,left,right,left,right,left,.jpg,"700",correct: Correct!; incorrect: Incorrect!,center,"300","5000",left right,"",60%;60%;60%;60%;80%;80%;80%;80%,-170 -130; 170 -130; -170 130; 170 130; -170 -130; 170 -130; -170 130; 170 130,ITI;withStim,"","","","","16",search,Target1,blue,-170 -130;170 -130;-170 130;170 130;-170 -130;170 -130;-170 130;170 130,706,42,"16.55",281322,left,574,"1",""
"77","1","1",test,"",target1,N10,N12,r_square3,right,left,left,right,right,.jpg,"700",correct: Correct!; incorrect: Incorrect!,center,"300","5000",left right,"",60%;60%;60%;60%;80%;80%;80%;80%,-170 -130; 170 -130; -170 130; 170 130; -170 -130; 170 -130; -170 130; 170 130,ITI;withStim,"","","","","4",search,Target1,red,-170 -130;170 -130;-170 130;170 130;-170 -130;170 -130;-170 130;170 130,701,42,"16.62",282810,left,491,"0",""
"143","1","1",test,"",N14,target3,b_irr2,N6,left,right,left,right,right,.jpg,"700",correct: Correct!; incorrect: Incorrect!,center,"300","5000",left right,"",60%;60%;60%;60%;80%;80%;80%;80%,-170 -130; 170 -130; -170 130; 170 130; -170 -130; 170 -130; -170 130; 170 130,ITI;withStim,"","","","","70",search,Target3,blue,-170 -130;170 -130;-170 130;170 130;-170 -130;170 -130;-170 130;170 130,700,42,"16.67",284464,right,663,"1",""
"149","1","1",test,"",N27,target3,N17,N7,right,left,right,left,left,.jpg,"700",correct: Correct!; incorrect: Incorrect!,center,"300","5000",left right,"",60%;60%;60%;60%;80%;80%;80%;80%,-170 -130; 170 -130; -170 130; 170 130; -170 -130; 170 -130; -170 130; 170 130,ITI;withStim,"","","","","76",search,Target3,neutral,-170 -130;170 -130;-170 130;170 130;-170 -130;170 -130;-170 130;170 130,698,42,"16.67",285908,right,457,"0",""
"151","1","1",test,"",N15,target2,N4,r_round5,right,left,left,right,left,.jpg,"700",correct: Correct!; incorrect: Incorrect!,center,"300","5000",left right,"",60%;60%;60%;60%;80%;80%;80%;80%,-170 -130; 170 -130; -170 130; 170 130; -170 -130; 170 -130; -170 130; 170 130,ITI;withStim,"","","","","78",search,Target2,red,-170 -130;170 -130;-170 130;170 130;-170 -130;170 -130;-170 130;170 130,700,42,"16.64",287654,right,749,"0",""
"103","1","1",test,"",target2,N11,N1,N21,right,right,left,left,right,.jpg,"700",correct: Correct!; incorrect: Incorrect!,center,"300","5000",left right,"",60%;60%;60%;60%;80%;80%;80%;80%,-170 -130; 170 -130; -170 130; 170 130; -170 -130; 170 -130; -170 130; 170 130,ITI;withStim,"","","","","30",search,Target2,neutral,-170 -130;170 -130;-170 130;170 130;-170 -130;170 -130;-170 130;170 130,700,42,"16.67",290503,left,1846,"0",""
"100","1","1",test,"",target1,N19,N29,N9,right,left,left,right,right,.jpg,"700",correct: Correct!; incorrect: Incorrect!,center,"300","5000",left right,"",60%;60%;60%;60%;80%;80%;80%;80%,-170 -130; 170 -130; -170 130; 170 130; -170 -130; 170 -130; -170 130; 170 130,ITI;withStim,"","","","","27",search,Target1,neutral,-170 -130;170 -130;-170 130;170 130;-170 -130;170 -130;-170 130;170 130,704,42,"16.64",292110,left,611,"0",""
"76","1","1",test,"",N17,target2,r_round6,N7,left,right,left,right,right,.jpg,"700",correct: Correct!; incorrect: Incorrect!,center,"300","5000",left right,"",60%;60%;60%;60%;80%;80%;80%;80%,-170 -130; 170 -130; -170 130; 170 130; -170 -130; 170 -130; -170 130; 170 130,ITI;withStim,"","","","","3",search,Target2,red,-170 -130;170 -130;-170 130;170 130;-170 -130;170 -130;-170 130;170 130,692,42,"16.64",294792,left,1691,"0",""
"98","1","1",test,"",target2,N17,y_square3,N12,right,left,right,left,right,.jpg,"700",correct: Correct!; incorrect: Incorrect!,center,"300","5000",left right,"",60%;60%;60%;60%;80%;80%;80%;80%,-170 -130; 170 -130; -170 130; 170 130; -170 -130; 170 -130; -170 130; 170 130,ITI;withStim,"","","","","25",search,Target2,yellow,-170 -130;170 -130;-170 130;170 130;-170 -130;170 -130;-170 130;170 130,694,42,"16.64",296212,left,422,"0",""
"134","1","1",test,"",target2,N5,y_irr1,N10,right,left,left,right,right,.jpg,"700",correct: Correct!; incorrect: Incorrect!,center,"300","5000",left right,"",60%;60%;60%;60%;80%;80%;80%;80%,-170 -130; 170 -130; -170 130; 170 130; -170 -130; 170 -130; -170 130; 170 130,ITI;withStim,"","","","","61",search,Target2,yellow,-170 -130;170 -130;-170 130;170 130;-170 -130;170 -130;-170 130;170 130,701,42,"16.71",298135,left,919,"0",""
"142","1","1",test,"",target3,N26,N29,b_round5,left,right,left,right,left,.jpg,"700",correct: Correct!; incorrect: Incorrect!,center,"300","5000",left right,"",60%;60%;60%;60%;80%;80%;80%;80%,-170 -130; 170 -130; -170 130; 170 130; -170 -130; 170 -130; -170 130; 170 130,ITI;withStim,"","","","","69",search,Target3,blue,-170 -130;170 -130;-170 130;170 130;-170 -130;170 -130;-170 130;170 130,699,42,"16.64",299692,left,560,"1",""
"119","1","1",test,"",N11,y_round2,N18,target2,right,right,left,left,left,.jpg,"700",correct: Correct!; incorrect: Incorrect!,center,"300","5000",left right,"",60%;60%;60%;60%;80%;80%;80%;80%,-170 -130; 170 -130; -170 130; 170 130; -170 -130; 170 -130; -170 130; 170 130,ITI;withStim,"","","","","46",search,Target2,yellow,-170 -130;170 -130;-170 130;170 130;-170 -130;170 -130;-170 130;170 130,699,42,"16.64",301612,right,929,"0",""
"132","1","1",test,"",b_round6,N2,N5,target3,right,left,right,left,left,.jpg,"700",correct: Correct!; incorrect: Incorrect!,center,"300","5000",left right,"",60%;60%;60%;60%;80%;80%;80%;80%,-170 -130; 170 -130; -170 130; 170 130; -170 -130; 170 -130; -170 130; 170 130,ITI;withStim,"","","","","59",search,Target3,blue,-170 -130;170 -130;-170 130;170 130;-170 -130;170 -130;-170 130;170 130,697,42,"16.81",303496,left,894,"1",""
"144","1","1",test,"",N5,N15,target3,N25,right,right,left,left,left,.jpg,"700",correct: Correct!; incorrect: Incorrect!,center,"300","5000",left right,"",60%;60%;60%;60%;80%;80%;80%;80%,-170 -130; 170 -130; -170 130; 170 130; -170 -130; 170 -130; -170 130; 170 130,ITI;withStim,"","","","","71",search,Target3,neutral,-170 -130;170 -130;-170 130;170 130;-170 -130;170 -130;-170 130;170 130,699,42,"16.69",305634,left,1146,"1",""
"155","1","1",test,"",N16,N26,N6,target3,right,right,left,left,left,.jpg,"700",correct: Correct!; incorrect: Incorrect!,center,"300","5000",left right,"",60%;60%;60%;60%;80%;80%;80%;80%,-170 -130; 170 -130; -170 130; 170 130; -170 -130; 170 -130; -170 130; 170 130,ITI;withStim,"","","","","82",search,Target3,neutral,-170 -130;170 -130;-170 130;170 130;-170 -130;170 -130;-170 130;170 130,704,42,"16.67",307336,right,695,"0",""
"121","1","1",test,"",N21,N1,N11,target1,left,left,right,right,right,.jpg,"700",correct: Correct!; incorrect: Incorrect!,center,"300","5000",left right,"",60%;60%;60%;60%;80%;80%;80%;80%,-170 -130; 170 -130; -170 130; 170 130; -170 -130; 170 -130; -170 130; 170 130,ITI;withStim,"","","","","48",search,Target1,neutral,-170 -130;170 -130;-170 130;170 130;-170 -130;170 -130;-170 130;170 130,699,42,"16.62",309526,right,1201,"1",""
"93","1","1",test,"",target2,N14,y_square2,N4,left,right,left,right,left,.jpg,"700",correct: Correct!; incorrect: Incorrect!,center,"300","5000",left right,"",60%;60%;60%;60%;80%;80%;80%;80%,-170 -130; 170 -130; -170 130; 170 130; -170 -130; 170 -130; -170 130; 170 130,ITI;withStim,"","","","","20",search,Target2,yellow,-170 -130;170 -130;-170 130;170 130;-170 -130;170 -130;-170 130;170 130,703,42,"16.67",311249,left,718,"1",""
"114","1","1",test,"",r_cylinder6,target2,N16,N15,right,left,right,left,left,.jpg,"700",correct: Correct!; incorrect: Incorrect!,center,"300","5000",left right,"",60%;60%;60%;60%;80%;80%;80%;80%,-170 -130; 170 -130; -170 130; 170 130; -170 -130; 170 -130; -170 130; 170 130,ITI;withStim,"","","","","41",search,Target2,red,-170 -130;170 -130;-170 130;170 130;-170 -130;170 -130;-170 130;170 130,694,42,"16.67",313107,right,871,"0",""
"75","1","1",test,"",N12,r_cylinder1,target1,N15,right,left,left,right,left,.jpg,"700",correct: Correct!; incorrect: Incorrect!,center,"300","5000",left right,"",60%;60%;60%;60%;80%;80%;80%;80%,-170 -130; 170 -130; -170 130; 170 130; -170 -130; 170 -130; -170 130; 170 130,ITI;withStim,"","","","","2",search,Target1,red,-170 -130;170 -130;-170 130;170 130;-170 -130;170 -130;-170 130;170 130,695,42,"16.76",315023,left,934,"1",""
"120","1","1",test,"",target2,N2,N12,N22,right,right,left,left,right,.jpg,"700",correct: Correct!; incorrect: Incorrect!,center,"300","5000",left right,"",60%;60%;60%;60%;80%;80%;80%;80%,-170 -130; 170 -130; -170 130; 170 130; -170 -130; 170 -130; -170 130; 170 130,ITI;withStim,"","","","","47",search,Target2,neutral,-170 -130;170 -130;-170 130;170 130;-170 -130;170 -130;-170 130;170 130,695,42,"16.48",316912,left,902,"0",""
"95","1","1",test,"",N12,target2,y_round3,N22,left,right,left,right,right,.jpg,"700",correct: Correct!; incorrect: Incorrect!,center,"300","5000",left right,"",60%;60%;60%;60%;80%;80%;80%;80%,-170 -130; 170 -130; -170 130; 170 130; -170 -130; 170 -130; -170 130; 170 130,ITI;withStim,"","","","","22",search,Target2,yellow,-170 -130;170 -130;-170 130;170 130;-170 -130;170 -130;-170 130;170 130,694,42,"16.52",318610,right,714,"1",""
"123","1","1",test,"",N18,r_cylinder2,N15,target1,right,right,left,left,left,.jpg,"700",correct: Correct!; incorrect: Incorrect!,center,"300","5000",left right,"",60%;60%;60%;60%;80%;80%;80%;80%,-170 -130; 170 -130; -170 130; 170 130; -170 -130; 170 -130; -170 130; 170 130,ITI;withStim,"","","","","50",search,Target1,red,-170 -130;170 -130;-170 130;170 130;-170 -130;170 -130;-170 130;170 130,701,42,"16.69",320439,left,833,"1",""
"96","1","1",test,"",target2,N9,N19,N29,left,left,right,right,left,.jpg,"700",correct: Correct!; incorrect: Incorrect!,center,"300","5000",left right,"",60%;60%;60%;60%;80%;80%;80%;80%,-170 -130; 170 -130; -170 130; 170 130; -170 -130; 170 -130; -170 130; 170 130,ITI;withStim,"","","","","23",search,Target2,neutral,-170 -130;170 -130;-170 130;170 130;-170 -130;170 -130;-170 130;170 130,701,42,"16.64",321970,right,527,"0",""
"113","1","1",test,"",N16,N26,target2,N6,left,right,left,right,left,.jpg,"700",correct: Correct!; incorrect: Incorrect!,center,"300","5000",left right,"",60%;60%;60%;60%;80%;80%;80%;80%,-170 -130; 170 -130; -170 130; 170 130; -170 -130; 170 -130; -170 130; 170 130,ITI;withStim,"","","","","40",search,Target2,neutral,-170 -130;170 -130;-170 130;170 130;-170 -130;170 -130;-170 130;170 130,702,42,"16.64",323355,left,384,"1",""
"116","1","1",test,"",N6,N20,y_cylinder3,target2,left,right,right,left,left,.jpg,"700",correct: Correct!; incorrect: Incorrect!,center,"300","5000",left right,"",60%;60%;60%;60%;80%;80%;80%;80%,-170 -130; 170 -130; -170 130; 170 130; -170 -130; 170 -130; -170 130; 170 130,ITI;withStim,"","","","","43",search,Target2,yellow,-170 -130;170 -130;-170 130;170 130;-170 -130;170 -130;-170 130;170 130,699,42,"16.60",325277,right,925,"0",""
"139","1","1",test,"",N11,target1,r_round3,N6,right,left,right,left,left,.jpg,"700",correct: Correct!; incorrect: Incorrect!,center,"300","5000",left right,"",60%;60%;60%;60%;80%;80%;80%;80%,-170 -130; 170 -130; -170 130; 170 130; -170 -130; 170 -130; -170 130; 170 130,ITI;withStim,"","","","","66",search,Target1,red,-170 -130;170 -130;-170 130;170 130;-170 -130;170 -130;-170 130;170 130,701,42,"16.64",327035,right,764,"0",""
"147","1","1",test,"",N3,N23,N13,target1,left,right,right,left,left,.jpg,"700",correct: Correct!; incorrect: Incorrect!,center,"300","5000",left right,"",60%;60%;60%;60%;80%;80%;80%;80%,-170 -130; 170 -130; -170 130; 170 130; -170 -130; 170 -130; -170 130; 170 130,ITI;withStim,"","","","","74",search,Target1,neutral,-170 -130;170 -130;-170 130;170 130;-170 -130;170 -130;-170 130;170 130,699,42,"16.76",328522,right,500,"0",""
"137","1","1",test,"",N9,target2,y_square1,N8,left,left,right,right,left,.jpg,"700",correct: Correct!; incorrect: Incorrect!,center,"300","5000",left right,"",60%;60%;60%;60%;80%;80%;80%;80%,-170 -130; 170 -130; -170 130; 170 130; -170 -130; 170 -130; -170 130; 170 130,ITI;withStim,"","","","","64",search,Target2,yellow,-170 -130;170 -130;-170 130;170 130;-170 -130;170 -130;-170 130;170 130,694,42,"16.64",330459,right,954,"0",""
"107","1","1",test,"",N8,target2,N18,N28,left,right,left,right,right,.jpg,"700",correct: Correct!; incorrect: Incorrect!,center,"300","5000",left right,"",60%;60%;60%;60%;80%;80%;80%;80%,-170 -130; 170 -130; -170 130; 170 130; -170 -130; 170 -130; -170 130; 170 130,ITI;withStim,"","","","","34",search,Target2,neutral,-170 -130;170 -130;-170 130;170 130;-170 -130;170 -130;-170 130;170 130,693,42,"16.74",332073,right,618,"1",""
"140","1","1",test,"",target1,b_round2,N20,N10,left,left,right,right,left,.jpg,"700",correct: Correct!; incorrect: Incorrect!,center,"300","5000",left right,"",60%;60%;60%;60%;80%;80%;80%;80%,-170 -130; 170 -130; -170 130; 170 130; -170 -130; 170 -130; -170 130; 170 130,ITI;withStim,"","","","","67",search,Target1,blue,-170 -130;170 -130;-170 130;170 130;-170 -130;170 -130;-170 130;170 130,703,42,"16.52",334500,left,1420,"1",""
"156","1","1",test,"",N5,y_cylinder4,target3,N2,left,right,right,left,right,.jpg,"700",correct: Correct!; incorrect: Incorrect!,center,"300","5000",left right,"",60%;60%;60%;60%;80%;80%;80%;80%,-170 -130; 170 -130; -170 130; 170 130; -170 -130; 170 -130; -170 130; 170 130,ITI;withStim,"","","","","83",search,Target3,yellow,-170 -130;170 -130;-170 130;170 130;-170 -130;170 -130;-170 130;170 130,701,42,"16.55",336123,left,622,"0",""
"136","1","1",test,"",target1,N14,N6,r_irr1,left,right,right,left,left,.jpg,"700",correct: Correct!; incorrect: Incorrect!,center,"300","5000",left right,"",60%;60%;60%;60%;80%;80%;80%;80%,-170 -130; 170 -130; -170 130; 170 130; -170 -130; 170 -130; -170 130; 170 130,ITI;withStim,"","","","","63",search,Target1,red,-170 -130;170 -130;-170 130;170 130;-170 -130;170 -130;-170 130;170 130,700,42,"16.55",337507,left,382,"1",""
"157","1","1",test,"",N19,N12,r_cylinder4,target2,left,right,right,left,left,.jpg,"700",correct: Correct!; incorrect: Incorrect!,center,"300","5000",left right,"",60%;60%;60%;60%;80%;80%;80%;80%,-170 -130; 170 -130; -170 130; 170 130; -170 -130; 170 -130; -170 130; 170 130,ITI;withStim,"","","","","84",search,Target2,red,-170 -130;170 -130;-170 130;170 130;-170 -130;170 -130;-170 130;170 130,698,42,"16.52",339052,right,545,"0",""
"79","1","1",test,"",N10,N3,target1,r_round2,left,right,left,right,left,.jpg,"700",correct: Correct!; incorrect: Incorrect!,center,"300","5000",left right,"",60%;60%;60%;60%;80%;80%;80%;80%,-170 -130; 170 -130; -170 130; 170 130; -170 -130; 170 -130; -170 130; 170 130,ITI;withStim,"","","","","6",search,Target1,red,-170 -130;170 -130;-170 130;170 130;-170 -130;170 -130;-170 130;170 130,699,42,"16.69",340607,right,567,"0",""
"159","1","1",test,"",target3,y_square6,N20,N21,right,right,left,left,right,.jpg,"700",correct: Correct!; incorrect: Incorrect!,center,"300","5000",left right,"",60%;60%;60%;60%;80%;80%;80%;80%,-170 -130; 170 -130; -170 130; 170 130; -170 -130; 170 -130; -170 130; 170 130,ITI;withStim,"","","","","86",search,Target3,yellow,-170 -130;170 -130;-170 130;170 130;-170 -130;170 -130;-170 130;170 130,699,42,"16.69",342154,right,547,"1",""
"80","1","1",test,"",b_cylinder4,N22,N4,target3,right,left,left,right,right,.jpg,"700",correct: Correct!; incorrect: Incorrect!,center,"300","5000",left right,"",60%;60%;60%;60%;80%;80%;80%;80%,-170 -130; 170 -130; -170 130; 170 130; -170 -130; 170 -130; -170 130; 170 130,ITI;withStim,"","","","","7",search,Target3,blue,-170 -130;170 -130;-170 130;170 130;-170 -130;170 -130;-170 130;170 130,699,42,"16.71",343690,left,532,"0",""
"126","1","1",test,"",N6,r_cylinder3,N7,target1,left,right,left,right,right,.jpg,"700",correct: Correct!; incorrect: Incorrect!,center,"300","5000",left right,"",60%;60%;60%;60%;80%;80%;80%;80%,-170 -130; 170 -130; -170 130; 170 130; -170 -130; 170 -130; -170 130; 170 130,ITI;withStim,"","","","","53",search,Target1,red,-170 -130;170 -130;-170 130;170 130;-170 -130;170 -130;-170 130;170 130,698,42,"16.64",345174,right,486,"1",""
"102","1","1",test,"",target1,r_square2,N11,N9,left,right,right,left,left,.jpg,"700",correct: Correct!; incorrect: Incorrect!,center,"300","5000",left right,"",60%;60%;60%;60%;80%;80%;80%;80%,-170 -130; 170 -130; -170 130; 170 130; -170 -130; 170 -130; -170 130; 170 130,ITI;withStim,"","","","","29",search,Target1,red,-170 -130;170 -130;-170 130;170 130;-170 -130;170 -130;-170 130;170 130,698,42,"16.69",346957,left,787,"1",""
"109","1","1",test,"",N28,target2,y_cylinder2,N13,right,right,left,left,right,.jpg,"700",correct: Correct!; incorrect: Incorrect!,center,"300","5000",left right,"",60%;60%;60%;60%;80%;80%;80%;80%,-170 -130; 170 -130; -170 130; 170 130; -170 -130; 170 -130; -170 130; 170 130,ITI;withStim,"","","","","36",search,Target2,yellow,-170 -130;170 -130;-170 130;170 130;-170 -130;170 -130;-170 130;170 130,699,42,"16.64",348701,right,749,"1",""
"133","1","1",test,"",target2,N3,N9,r_square5,left,left,right,right,left,.jpg,"700",correct: Correct!; incorrect: Incorrect!,center,"300","5000",left right,"",60%;60%;60%;60%;80%;80%;80%;80%,-170 -130; 170 -130; -170 130; 170 130; -170 -130; 170 -130; -170 130; 170 130,ITI;withStim,"","","","","60",search,Target2,red,-170 -130;170 -130;-170 130;170 130;-170 -130;170 -130;-170 130;170 130,700,42,"16.52",350394,left,689,"1",""
"138","1","1",test,"",N15,target2,N5,N25,left,right,right,left,right,.jpg,"700",correct: Correct!; incorrect: Incorrect!,center,"300","5000",left right,"",60%;60%;60%;60%;80%;80%;80%;80%,-170 -130; 170 -130; -170 130; 170 130; -170 -130; 170 -130; -170 130; 170 130,ITI;withStim,"","","","","65",search,Target2,neutral,-170 -130;170 -130;-170 130;170 130;-170 -130;170 -130;-170 130;170 130,697,42,"16.50",352636,right,1250,"1",""
"122","1","1",test,"",target2,N17,N27,N7,left,right,right,left,left,.jpg,"700",correct: Correct!; incorrect: Incorrect!,center,"300","5000",left right,"",60%;60%;60%;60%;80%;80%;80%;80%,-170 -130; 170 -130; -170 130; 170 130; -170 -130; 170 -130; -170 130; 170 130,ITI;withStim,"","","","","49",search,Target2,neutral,-170 -130;170 -130;-170 130;170 130;-170 -130;170 -130;-170 130;170 130,700,42,"16.74",354942,left,1304,"1",""
"161","1","1",test,"",N26,b_cylinder2,target1,N9,right,left,left,right,left,.jpg,"700",correct: Correct!; incorrect: Incorrect!,center,"300","5000",left right,"",60%;60%;60%;60%;80%;80%;80%;80%,-170 -130; 170 -130; -170 130; 170 130; -170 -130; 170 -130; -170 130; 170 130,ITI;withStim,"","","","","88",search,Target1,blue,-170 -130;170 -130;-170 130;170 130;-170 -130;170 -130;-170 130;170 130,698,42,"16.69",357204,left,1269,"1",""
"94","1","1",test,"",target1,N17,N27,N7,right,right,left,left,right,.jpg,"700",correct: Correct!; incorrect: Incorrect!,center,"300","5000",left right,"",60%;60%;60%;60%;80%;80%;80%;80%,-170 -130; 170 -130; -170 130; 170 130; -170 -130; 170 -130; -170 130; 170 130,ITI;withStim,"","","","","21",search,Target1,neutral,-170 -130;170 -130;-170 130;170 130;-170 -130;170 -130;-170 130;170 130,697,42,"16.67",359424,left,1221,"0",""
"92","1","1",test,"",target1,N12,N2,N22,left,left,right,right,left,.jpg,"700",correct: Correct!; incorrect: Incorrect!,center,"300","5000",left right,"",60%;60%;60%;60%;80%;80%;80%;80%,-170 -130; 170 -130; -170 130; 170 130; -170 -130; 170 -130; -170 130; 170 130,ITI;withStim,"","","","","19",search,Target1,neutral,-170 -130;170 -130;-170 130;170 130;-170 -130;170 -130;-170 130;170 130,701,42,"16.62",362097,left,1671,"1",""
"78","1","1",test,"",target3,N21,b_cylinder6,N16,left,right,right,left,left,.jpg,"700",correct: Correct!; incorrect: Incorrect!,center,"300","5000",left right,"",60%;60%;60%;60%;80%;80%;80%;80%,-170 -130; 170 -130; -170 130; 170 130; -170 -130; 170 -130; -170 130; 170 130,ITI;withStim,"","","","","5",search,Target3,blue,-170 -130;170 -130;-170 130;170 130;-170 -130;170 -130;-170 130;170 130,700,42,"16.64",363783,left,687,"1",""
"91","1","1",test,"",b_square1,N2,target1,N6,right,right,left,left,left,.jpg,"700",correct: Correct!; incorrect: Incorrect!,center,"300","5000",left right,"",60%;60%;60%;60%;80%;80%;80%;80%,-170 -130; 170 -130; -170 130; 170 130; -170 -130; 170 -130; -170 130; 170 130,ITI;withStim,"","","","","18",search,Target1,blue,-170 -130;170 -130;-170 130;170 130;-170 -130;170 -130;-170 130;170 130,699,42,"16.64",365467,left,689,"1",""
"108","1","1",test,"",target2,N5,r_square4,N15,left,right,right,left,left,.jpg,"700",correct: Correct!; incorrect: Incorrect!,center,"300","5000",left right,"",60%;60%;60%;60%;80%;80%;80%;80%,-170 -130; 170 -130; -170 130; 170 130; -170 -130; 170 -130; -170 130; 170 130,ITI;withStim,"","","","","35",search,Target2,red,-170 -130;170 -130;-170 130;170 130;-170 -130;170 -130;-170 130;170 130,699,42,"16.64",367159,left,698,"1",""
"99","1","1",test,"",N7,target1,b_cylinder1,N12,right,left,right,left,left,.jpg,"700",correct: Correct!; incorrect: Incorrect!,center,"300","5000",left right,"",60%;60%;60%;60%;80%;80%;80%;80%,-170 -130; 170 -130; -170 130; 170 130; -170 -130; 170 -130; -170 130; 170 130,ITI;withStim,"","","","","26",search,Target1,blue,-170 -130;170 -130;-170 130;170 130;-170 -130;170 -130;-170 130;170 130,700,42,"16.62",368610,right,448,"0",""
"131","1","1",test,"",N3,N16,y_round5,target3,right,right,left,left,left,.jpg,"700",correct: Correct!; incorrect: Incorrect!,center,"300","5000",left right,"",60%;60%;60%;60%;80%;80%;80%;80%,-170 -130; 170 -130; -170 130; 170 130; -170 -130; 170 -130; -170 130; 170 130,ITI;withStim,"","","","","58",search,Target3,yellow,-170 -130;170 -130;-170 130;170 130;-170 -130;170 -130;-170 130;170 130,700,42,"16.62",370890,right,1279,"0",""
"125","1","1",test,"",y_cylinder6,N12,N6,target3,right,left,right,left,left,.jpg,"700",correct: Correct!; incorrect: Incorrect!,center,"300","5000",left right,"",60%;60%;60%;60%;80%;80%;80%;80%,-170 -130; 170 -130; -170 130; 170 130; -170 -130; 170 -130; -170 130; 170 130,ITI;withStim,"","","","","52",search,Target3,yellow,-170 -130;170 -130;-170 130;170 130;-170 -130;170 -130;-170 130;170 130,701,42,"16.64",372959,right,1078,"0",""
"106","1","1",test,"",N6,target1,N13,b_round1,left,left,right,right,left,.jpg,"700",correct: Correct!; incorrect: Incorrect!,center,"300","5000",left right,"",60%;60%;60%;60%;80%;80%;80%;80%,-170 -130; 170 -130; -170 130; 170 130; -170 -130; 170 -130; -170 130; 170 130,ITI;withStim,"","","","","33",search,Target1,blue,-170 -130;170 -130;-170 130;170 130;-170 -130;170 -130;-170 130;170 130,699,42,"16.67",374646,right,696,"0",""
"130","1","1",test,"",target1,r_square1,N7,N5,right,right,left,left,right,.jpg,"700",correct: Correct!; incorrect: Incorrect!,center,"300","5000",left right,"",60%;60%;60%;60%;80%;80%;80%;80%,-170 -130; 170 -130; -170 130; 170 130; -170 -130; 170 -130; -170 130; 170 130,ITI;withStim,"","","","","57",search,Target1,red,-170 -130;170 -130;-170 130;170 130;-170 -130;170 -130;-170 130;170 130,700,42,"16.60",376622,left,984,"0",""
"148","1","1",test,"",N4,y_round6,N12,target3,left,left,right,right,right,.jpg,"700",correct: Correct!; incorrect: Incorrect!,center,"300","5000",left right,"",60%;60%;60%;60%;80%;80%;80%;80%,-170 -130; 170 -130; -170 130; 170 130; -170 -130; 170 -130; -170 130; 170 130,ITI;withStim,"","","","","75",search,Target3,yellow,-170 -130;170 -130;-170 130;170 130;-170 -130;170 -130;-170 130;170 130,700,42,"16.67",378124,right,498,"1",""
"129","1","1",test,"",target3,y_irr2,N4,N22,right,left,left,right,right,.jpg,"700",correct: Correct!; incorrect: Incorrect!,center,"300","5000",left right,"",60%;60%;60%;60%;80%;80%;80%;80%,-170 -130; 170 -130; -170 130; 170 130; -170 -130; 170 -130; -170 130; 170 130,ITI;withStim,"","","","","56",search,Target3,yellow,-170 -130;170 -130;-170 130;170 130;-170 -130;170 -130;-170 130;170 130,700,42,"16.62",379706,left,578,"0",""
"160","1","1",test,"",b_square6,target3,N10,N15,right,right,left,left,right,.jpg,"700",correct: Correct!; incorrect: Incorrect!,center,"300","5000",left right,"",60%;60%;60%;60%;80%;80%;80%;80%,-170 -130; 170 -130; -170 130; 170 130; -170 -130; 170 -130; -170 130; 170 130,ITI;withStim,"","","","","87",search,Target3,blue,-170 -130;170 -130;-170 130;170 130;-170 -130;170 -130;-170 130;170 130,699,42,"16.60",382226,left,1532,"0",""
"153","1","1",test,"",N8,N28,target1,N18,right,right,left,left,left,.jpg,"700",correct: Correct!; incorrect: Incorrect!,center,"300","5000",left right,"",60%;60%;60%;60%;80%;80%;80%;80%,-170 -130; 170 -130; -170 130; 170 130; -170 -130; 170 -130; -170 130; 170 130,ITI;withStim,"","","","","80",search,Target1,neutral,-170 -130;170 -130;-170 130;170 130;-170 -130;170 -130;-170 130;170 130,702,42,"16.69",383870,left,651,"1",""
"150","1","1",test,"",b_square3,N9,target1,N17,right,left,left,right,left,.jpg,"700",correct: Correct!; incorrect: Incorrect!,center,"300","5000",left right,"",60%;60%;60%;60%;80%;80%;80%;80%,-170 -130; 170 -130; -170 130; 170 130; -170 -130; 170 -130; -170 130; 170 130,ITI;withStim,"","","","","77",search,Target1,blue,-170 -130;170 -130;-170 130;170 130;-170 -130;170 -130;-170 130;170 130,700,42,"16.67",385508,left,650,"1",""
"74","1","1",test,"",N17,r_cylinder5,N4,target2,left,right,left,right,right,.jpg,"700",correct: Correct!; incorrect: Incorrect!,center,"300","5000",left right,"",60%;60%;60%;60%;80%;80%;80%;80%,-170 -130; 170 -130; -170 130; 170 130; -170 -130; 170 -130; -170 130; 170 130,ITI;withStim,"","","","","1",search,Target2,red,-170 -130;170 -130;-170 130;170 130;-170 -130;170 -130;-170 130;170 130,701,42,"16.64",387168,right,672,"1",""
"145","1","1",test,"",N22,target3,N2,N12,left,right,left,right,right,.jpg,"700",correct: Correct!; incorrect: Incorrect!,center,"300","5000",left right,"",60%;60%;60%;60%;80%;80%;80%;80%,-170 -130; 170 -130; -170 130; 170 130; -170 -130; 170 -130; -170 130; 170 130,ITI;withStim,"","","","","72",search,Target3,neutral,-170 -130;170 -130;-170 130;170 130;-170 -130;170 -130;-170 130;170 130,701,42,"16.64",388776,right,608,"1",""
"146","1","1",test,"",target3,N9,y_square5,N3,right,left,left,right,right,.jpg,"700",correct: Correct!; incorrect: Incorrect!,center,"300","5000",left right,"",60%;60%;60%;60%;80%;80%;80%;80%,-170 -130; 170 -130; -170 130; 170 130; -170 -130; 170 -130; -170 130; 170 130,ITI;withStim,"","","","","73",search,Target3,yellow,-170 -130;170 -130;-170 130;170 130;-170 -130;170 -130;-170 130;170 130,700,42,"16.67",390192,left,421,"0",""
"152","1","1",test,"",target3,b_cylinder5,N2,N15,right,left,right,left,right,.jpg,"700",correct: Correct!; incorrect: Incorrect!,center,"300","5000",left right,"",60%;60%;60%;60%;80%;80%;80%;80%,-170 -130; 170 -130; -170 130; 170 130; -170 -130; 170 -130; -170 130; 170 130,ITI;withStim,"","","","","79",search,Target3,blue,-170 -130;170 -130;-170 130;170 130;-170 -130;170 -130;-170 130;170 130,704,42,"16.67",391686,left,500,"0",""
"101","1","1",test,"",N10,N30,target3,N20,right,left,left,right,left,.jpg,"700",correct: Correct!; incorrect: Incorrect!,center,"300","5000",left right,"",60%;60%;60%;60%;80%;80%;80%;80%,-170 -130; 170 -130; -170 130; 170 130; -170 -130; 170 -130; -170 130; 170 130,ITI;withStim,"","","","","28",search,Target3,neutral,-170 -130;170 -130;-170 130;170 130;-170 -130;170 -130;-170 130;170 130,702,42,"16.69",394003,left,1312,"1",""
"84","1","1",test,"",target1,N10,N20,N30,right,left,right,left,right,.jpg,"700",correct: Correct!; incorrect: Incorrect!,center,"300","5000",left right,"",60%;60%;60%;60%;80%;80%;80%;80%,-170 -130; 170 -130; -170 130; 170 130; -170 -130; 170 -130; -170 130; 170 130,ITI;withStim,"","","","","11",search,Target1,neutral,-170 -130;170 -130;-170 130;170 130;-170 -130;170 -130;-170 130;170 130,701,42,"16.64",395540,left,542,"0",""
"105","1","1",test,"",N26,N6,N16,target1,right,left,left,right,right,.jpg,"700",correct: Correct!; incorrect: Incorrect!,center,"300","5000",left right,"",60%;60%;60%;60%;80%;80%;80%;80%,-170 -130; 170 -130; -170 130; 170 130; -170 -130; 170 -130; -170 130; 170 130,ITI;withStim,"","","","","32",search,Target1,neutral,-170 -130;170 -130;-170 130;170 130;-170 -130;170 -130;-170 130;170 130,700,42,"16.67",397131,right,597,"1",""
"124","1","1",test,"",N18,target3,b_square4,N6,right,left,left,right,left,.jpg,"700",correct: Correct!; incorrect: Incorrect!,center,"300","5000",left right,"",60%;60%;60%;60%;80%;80%;80%;80%,-170 -130; 170 -130; -170 130; 170 130; -170 -130; 170 -130; -170 130; 170 130,ITI;withStim,"","","","","51",search,Target3,blue,-170 -130;170 -130;-170 130;170 130;-170 -130;170 -130;-170 130;170 130,702,42,"16.67",398631,right,510,"0",""
"118","1","1",test,"",N11,target1,b_round3,N9,right,right,left,left,right,.jpg,"700",correct: Correct!; incorrect: Incorrect!,center,"300","5000",left right,"",60%;60%;60%;60%;80%;80%;80%;80%,-170 -130; 170 -130; -170 130; 170 130; -170 -130; 170 -130; -170 130; 170 130,ITI;withStim,"","","","","45",search,Target1,blue,-170 -130;170 -130;-170 130;170 130;-170 -130;170 -130;-170 130;170 130,700,42,"16.67",400270,right,645,"1",""
"88","1","1",test,"",target3,N4,N24,N14,left,left,right,right,left,.jpg,"700",correct: Correct!; incorrect: Incorrect!,center,"300","5000",left right,"",60%;60%;60%;60%;80%;80%;80%;80%,-170 -130; 170 -130; -170 130; 170 130; -170 -130; 170 -130; -170 130; 170 130,ITI;withStim,"","","","","15",search,Target3,neutral,-170 -130;170 -130;-170 130;170 130;-170 -130;170 -130;-170 130;170 130,700,42,"16.64",401824,left,563,"1",""
"112","1","1",test,"",N19,y_cylinder1,N13,target2,left,left,right,right,right,.jpg,"700",correct: Correct!; incorrect: Incorrect!,center,"300","5000",left right,"",60%;60%;60%;60%;80%;80%;80%;80%,-170 -130; 170 -130; -170 130; 170 130; -170 -130; 170 -130; -170 130; 170 130,ITI;withStim,"","","","","39",search,Target2,yellow,-170 -130;170 -130;-170 130;170 130;-170 -130;170 -130;-170 130;170 130,700,42,"16.71",404453,right,1640,"1",""
"172","1","1",test,"",N4,N14,target2,N24,right,left,right,left,right,.jpg,"700",correct: Correct!; incorrect: Incorrect!,center,"300","5000",left right,"",60%;60%;60%;60%;80%;80%;80%;80%,-170 -130; 170 -130; -170 130; 170 130; -170 -130; 170 -130; -170 130; 170 130,ITI;withStim,"","","","","8",search,Target2,neutral,-170 -130;170 -130;-170 130;170 130;-170 -130;170 -130;-170 130;170 130,701,42,"16.67",409416,left,2324,"0",""
"226","1","1",test,"",N18,target3,N28,N8,right,left,left,right,left,.jpg,"700",correct: Correct!; incorrect: Incorrect!,center,"300","5000",left right,"",60%;60%;60%;60%;80%;80%;80%;80%,-170 -130; 170 -130; -170 130; 170 130; -170 -130; 170 -130; -170 130; 170 130,ITI;withStim,"","","","","62",search,Target3,neutral,-170 -130;170 -130;-170 130;170 130;-170 -130;170 -130;-170 130;170 130,700,42,"16.69",412789,right,2380,"0",""
"231","1","1",test,"",target1,b_round2,N20,N10,left,left,right,right,left,.jpg,"700",correct: Correct!; incorrect: Incorrect!,center,"300","5000",left right,"",60%;60%;60%;60%;80%;80%;80%;80%,-170 -130; 170 -130; -170 130; 170 130; -170 -130; 170 -130; -170 130; 170 130,ITI;withStim,"","","","","67",search,Target1,blue,-170 -130;170 -130;-170 130;170 130;-170 -130;170 -130;-170 130;170 130,694,42,"16.69",414249,left,469,"1",""
"242","1","1",test,"",N15,target2,N4,r_round5,right,left,left,right,left,.jpg,"700",correct: Correct!; incorrect: Incorrect!,center,"300","5000",left right,"",60%;60%;60%;60%;80%;80%;80%;80%,-170 -130; 170 -130; -170 130; 170 130; -170 -130; 170 -130; -170 130; 170 130,ITI;withStim,"","","","","78",search,Target2,red,-170 -130;170 -130;-170 130;170 130;-170 -130;170 -130;-170 130;170 130,704,42,"16.67",415447,right,191,"0",""
"233","1","1",test,"",target3,N26,N29,b_round5,left,right,left,right,left,.jpg,"700",correct: Correct!; incorrect: Incorrect!,center,"300","5000",left right,"",60%;60%;60%;60%;80%;80%;80%;80%,-170 -130; 170 -130; -170 130; 170 130; -170 -130; 170 -130; -170 130; 170 130,ITI;withStim,"","","","","69",search,Target3,blue,-170 -130;170 -130;-170 130;170 130;-170 -130;170 -130;-170 130;170 130,700,42,"16.76",416867,left,429,"1",""
"215","1","1",test,"",N18,target3,b_square4,N6,right,left,left,right,left,.jpg,"700",correct: Correct!; incorrect: Incorrect!,center,"300","5000",left right,"",60%;60%;60%;60%;80%;80%;80%;80%,-170 -130; 170 -130; -170 130; 170 130; -170 -130; 170 -130; -170 130; 170 130,ITI;withStim,"","","","","51",search,Target3,blue,-170 -130;170 -130;-170 130;170 130;-170 -130;170 -130;-170 130;170 130,698,42,"16.71",419285,left,1431,"1",""
"245","1","1",test,"",N2,N3,target1,b_square2,right,left,right,left,right,.jpg,"700",correct: Correct!; incorrect: Incorrect!,center,"300","5000",left right,"",60%;60%;60%;60%;80%;80%;80%;80%,-170 -130; 170 -130; -170 130; 170 130; -170 -130; 170 -130; -170 130; 170 130,ITI;withStim,"","","","","81",search,Target1,blue,-170 -130;170 -130;-170 130;170 130;-170 -130;170 -130;-170 130;170 130,698,42,"16.69",421742,right,1463,"1",""
"181","1","1",test,"",N10,N25,target3,b_round4,left,right,right,left,right,.jpg,"700",correct: Correct!; incorrect: Incorrect!,center,"300","5000",left right,"",60%;60%;60%;60%;80%;80%;80%;80%,-170 -130; 170 -130; -170 130; 170 130; -170 -130; 170 -130; -170 130; 170 130,ITI;withStim,"","","","","17",search,Target3,blue,-170 -130;170 -130;-170 130;170 130;-170 -130;170 -130;-170 130;170 130,700,42,"16.67",423703,right,969,"1",""
"173","1","1",test,"",N26,y_round4,target3,N15,left,right,left,right,left,.jpg,"700",correct: Correct!; incorrect: Incorrect!,center,"300","5000",left right,"",60%;60%;60%;60%;80%;80%;80%;80%,-170 -130; 170 -130; -170 130; 170 130; -170 -130; 170 -130; -170 130; 170 130,ITI;withStim,"","","","","9",search,Target3,yellow,-170 -130;170 -130;-170 130;170 130;-170 -130;170 -130;-170 130;170 130,703,42,"16.71",425427,right,721,"0",""
"169","1","1",test,"",target3,N21,b_cylinder6,N16,left,right,right,left,left,.jpg,"700",correct: Correct!; incorrect: Incorrect!,center,"300","5000",left right,"",60%;60%;60%;60%;80%;80%;80%;80%,-170 -130; 170 -130; -170 130; 170 130; -170 -130; 170 -130; -170 130; 170 130,ITI;withStim,"","","","","5",search,Target3,blue,-170 -130;170 -130;-170 130;170 130;-170 -130;170 -130;-170 130;170 130,699,42,"16.67",427201,left,778,"1",""
"235","1","1",test,"",N5,N15,target3,N25,right,right,left,left,left,.jpg,"700",correct: Correct!; incorrect: Incorrect!,center,"300","5000",left right,"",60%;60%;60%;60%;80%;80%;80%;80%,-170 -130; 170 -130; -170 130; 170 130; -170 -130; 170 -130; -170 130; 170 130,ITI;withStim,"","","","","71",search,Target3,neutral,-170 -130;170 -130;-170 130;170 130;-170 -130;170 -130;-170 130;170 130,697,42,"16.67",429442,right,1253,"0",""
"224","1","1",test,"",target2,N3,N9,r_square5,left,left,right,right,left,.jpg,"700",correct: Correct!; incorrect: Incorrect!,center,"300","5000",left right,"",60%;60%;60%;60%;80%;80%;80%;80%,-170 -130; 170 -130; -170 130; 170 130; -170 -130; 170 -130; -170 130; 170 130,ITI;withStim,"","","","","60",search,Target2,red,-170 -130;170 -130;-170 130;170 130;-170 -130;170 -130;-170 130;170 130,698,42,"16.67",431585,right,1144,"0",""
"237","1","1",test,"",target3,N9,y_square5,N3,right,left,left,right,right,.jpg,"700",correct: Correct!; incorrect: Incorrect!,center,"300","5000",left right,"",60%;60%;60%;60%;80%;80%;80%;80%,-170 -130; 170 -130; -170 130; 170 130; -170 -130; 170 -130; -170 130; 170 130,ITI;withStim,"","","","","73",search,Target3,yellow,-170 -130;170 -130;-170 130;170 130;-170 -130;170 -130;-170 130;170 130,704,0,0,433442,left,862,"0",""
"205","1","1",test,"",r_cylinder6,target2,N16,N15,right,left,right,left,left,.jpg,"700",correct: Correct!; incorrect: Incorrect!,center,"300","5000",left right,"",60%;60%;60%;60%;80%;80%;80%;80%,-170 -130; 170 -130; -170 130; 170 130; -170 -130; 170 -130; -170 130; 170 130,ITI;withStim,"","","","","41",search,Target2,red,-170 -130;170 -130;-170 130;170 130;-170 -130;170 -130;-170 130;170 130,700,42,"16.69",435292,right,861,"0",""
"192","1","1",test,"",N10,N30,target3,N20,right,left,left,right,left,.jpg,"700",correct: Correct!; incorrect: Incorrect!,center,"300","5000",left right,"",60%;60%;60%;60%;80%;80%;80%;80%,-170 -130; 170 -130; -170 130; 170 130; -170 -130; 170 -130; -170 130; 170 130,ITI;withStim,"","","","","28",search,Target3,neutral,-170 -130;170 -130;-170 130;170 130;-170 -130;170 -130;-170 130;170 130,700,42,"16.67",436734,left,450,"1",""
"222","1","1",test,"",N3,N16,y_round5,target3,right,right,left,left,left,.jpg,"700",correct: Correct!; incorrect: Incorrect!,center,"300","5000",left right,"",60%;60%;60%;60%;80%;80%;80%;80%,-170 -130; 170 -130; -170 130; 170 130; -170 -130; 170 -130; -170 130; 170 130,ITI;withStim,"","","","","58",search,Target3,yellow,-170 -130;170 -130;-170 130;170 130;-170 -130;170 -130;-170 130;170 130,702,42,"16.52",438552,left,816,"1",""
"195","1","1",test,"",N1,target3,N21,N11,left,right,right,left,right,.jpg,"700",correct: Correct!; incorrect: Incorrect!,center,"300","5000",left right,"",60%;60%;60%;60%;80%;80%;80%;80%,-170 -130; 170 -130; -170 130; 170 130; -170 -130; 170 -130; -170 130; 170 130,ITI;withStim,"","","","","31",search,Target3,neutral,-170 -130;170 -130;-170 130;170 130;-170 -130;170 -130;-170 130;170 130,703,42,"16.76",440357,left,801,"0",""
"196","1","1",test,"",N26,N6,N16,target1,right,left,left,right,right,.jpg,"700",correct: Correct!; incorrect: Incorrect!,center,"300","5000",left right,"",60%;60%;60%;60%;80%;80%;80%;80%,-170 -130; 170 -130; -170 130; 170 130; -170 -130; 170 -130; -170 130; 170 130,ITI;withStim,"","","","","32",search,Target1,neutral,-170 -130;170 -130;-170 130;170 130;-170 -130;170 -130;-170 130;170 130,699,42,"16.67",441862,right,507,"1",""
"201","1","1",test,"",r_round1,target1,N7,N15,right,left,right,left,left,.jpg,"700",correct: Correct!; incorrect: Incorrect!,center,"300","5000",left right,"",60%;60%;60%;60%;80%;80%;80%;80%,-170 -130; 170 -130; -170 130; 170 130; -170 -130; 170 -130; -170 130; 170 130,ITI;withStim,"","","","","37",search,Target1,red,-170 -130;170 -130;-170 130;170 130;-170 -130;170 -130;-170 130;170 130,699,42,"16.62",443392,right,538,"0",""
"175","1","1",test,"",target1,N10,N20,N30,right,left,right,left,right,.jpg,"700",correct: Correct!; incorrect: Incorrect!,center,"300","5000",left right,"",60%;60%;60%;60%;80%;80%;80%;80%,-170 -130; 170 -130; -170 130; 170 130; -170 -130; 170 -130; -170 130; 170 130,ITI;withStim,"","","","","11",search,Target1,neutral,-170 -130;170 -130;-170 130;170 130;-170 -130;170 -130;-170 130;170 130,700,42,"16.62",445299,left,912,"0",""
"247","1","1",test,"",N5,y_cylinder4,target3,N2,left,right,right,left,right,.jpg,"700",correct: Correct!; incorrect: Incorrect!,center,"300","5000",left right,"",60%;60%;60%;60%;80%;80%;80%;80%,-170 -130; 170 -130; -170 130; 170 130; -170 -130; 170 -130; -170 130; 170 130,ITI;withStim,"","","","","83",search,Target3,yellow,-170 -130;170 -130;-170 130;170 130;-170 -130;170 -130;-170 130;170 130,700,42,"16.67",447104,right,800,"1",""
"190","1","1",test,"",N7,target1,b_cylinder1,N12,right,left,right,left,left,.jpg,"700",correct: Correct!; incorrect: Incorrect!,center,"300","5000",left right,"",60%;60%;60%;60%;80%;80%;80%;80%,-170 -130; 170 -130; -170 130; 170 130; -170 -130; 170 -130; -170 130; 170 130,ITI;withStim,"","","","","26",search,Target1,blue,-170 -130;170 -130;-170 130;170 130;-170 -130;170 -130;-170 130;170 130,703,42,"16.74",449033,left,925,"1",""
"217","1","1",test,"",N6,r_cylinder3,N7,target1,left,right,left,right,right,.jpg,"700",correct: Correct!; incorrect: Incorrect!,center,"300","5000",left right,"",60%;60%;60%;60%;80%;80%;80%;80%,-170 -130; 170 -130; -170 130; 170 130; -170 -130; 170 -130; -170 130; 170 130,ITI;withStim,"","","","","53",search,Target1,red,-170 -130;170 -130;-170 130;170 130;-170 -130;170 -130;-170 130;170 130,700,42,"16.64",451500,right,1474,"1",""
"186","1","1",test,"",N12,target2,y_round3,N22,left,right,left,right,right,.jpg,"700",correct: Correct!; incorrect: Incorrect!,center,"300","5000",left right,"",60%;60%;60%;60%;80%;80%;80%;80%,-170 -130; 170 -130; -170 130; 170 130; -170 -130; 170 -130; -170 130; 170 130,ITI;withStim,"","","","","22",search,Target2,yellow,-170 -130;170 -130;-170 130;170 130;-170 -130;170 -130;-170 130;170 130,701,42,"16.60",453430,left,933,"0",""
"239","1","1",test,"",N4,y_round6,N12,target3,left,left,right,right,right,.jpg,"700",correct: Correct!; incorrect: Incorrect!,center,"300","5000",left right,"",60%;60%;60%;60%;80%;80%;80%;80%,-170 -130; 170 -130; -170 130; 170 130; -170 -130; 170 -130; -170 130; 170 130,ITI;withStim,"","","","","75",search,Target3,yellow,-170 -130;170 -130;-170 130;170 130;-170 -130;170 -130;-170 130;170 130,702,42,"16.62",455010,right,577,"1",""
"200","1","1",test,"",N28,target2,y_cylinder2,N13,right,right,left,left,right,.jpg,"700",correct: Correct!; incorrect: Incorrect!,center,"300","5000",left right,"",60%;60%;60%;60%;80%;80%;80%;80%,-170 -130; 170 -130; -170 130; 170 130; -170 -130; 170 -130; -170 130; 170 130,ITI;withStim,"","","","","36",search,Target2,yellow,-170 -130;170 -130;-170 130;170 130;-170 -130;170 -130;-170 130;170 130,699,42,"16.76",456763,left,766,"0",""
"214","1","1",test,"",N18,r_cylinder2,N15,target1,right,right,left,left,left,.jpg,"700",correct: Correct!; incorrect: Incorrect!,center,"300","5000",left right,"",60%;60%;60%;60%;80%;80%;80%;80%,-170 -130; 170 -130; -170 130; 170 130; -170 -130; 170 -130; -170 130; 170 130,ITI;withStim,"","","","","50",search,Target1,red,-170 -130;170 -130;-170 130;170 130;-170 -130;170 -130;-170 130;170 130,700,42,"16.67",458250,right,484,"0",""
"191","1","1",test,"",target1,N19,N29,N9,right,left,left,right,right,.jpg,"700",correct: Correct!; incorrect: Incorrect!,center,"300","5000",left right,"",60%;60%;60%;60%;80%;80%;80%;80%,-170 -130; 170 -130; -170 130; 170 130; -170 -130; 170 -130; -170 130; 170 130,ITI;withStim,"","","","","27",search,Target1,neutral,-170 -130;170 -130;-170 130;170 130;-170 -130;170 -130;-170 130;170 130,699,42,"16.67",459782,left,534,"0",""
"167","1","1",test,"",N17,target2,r_round6,N7,left,right,left,right,right,.jpg,"700",correct: Correct!; incorrect: Incorrect!,center,"300","5000",left right,"",60%;60%;60%;60%;80%;80%;80%;80%,-170 -130; 170 -130; -170 130; 170 130; -170 -130; 170 -130; -170 130; 170 130,ITI;withStim,"","","","","3",search,Target2,red,-170 -130;170 -130;-170 130;170 130;-170 -130;170 -130;-170 130;170 130,699,42,"16.71",461041,right,261,"1",""
"229","1","1",test,"",N15,target2,N5,N25,left,right,right,left,right,.jpg,"700",correct: Correct!; incorrect: Incorrect!,center,"300","5000",left right,"",60%;60%;60%;60%;80%;80%;80%;80%,-170 -130; 170 -130; -170 130; 170 130; -170 -130; 170 -130; -170 130; 170 130,ITI;withStim,"","","","","65",search,Target2,neutral,-170 -130;170 -130;-170 130;170 130;-170 -130;170 -130;-170 130;170 130,701,42,"16.74",462452,right,406,"1",""
"168","1","1",test,"",target1,N10,N12,r_square3,right,left,left,right,right,.jpg,"700",correct: Correct!; incorrect: Incorrect!,center,"300","5000",left right,"",60%;60%;60%;60%;80%;80%;80%;80%,-170 -130; 170 -130; -170 130; 170 130; -170 -130; 170 -130; -170 130; 170 130,ITI;withStim,"","","","","4",search,Target1,red,-170 -130;170 -130;-170 130;170 130;-170 -130;170 -130;-170 130;170 130,700,42,"16.64",464366,left,921,"0",""
"176","1","1",test,"",y_square4,N15,N16,target3,left,left,right,right,right,.jpg,"700",correct: Correct!; incorrect: Incorrect!,center,"300","5000",left right,"",60%;60%;60%;60%;80%;80%;80%;80%,-170 -130; 170 -130; -170 130; 170 130; -170 -130; 170 -130; -170 130; 170 130,ITI;withStim,"","","","","12",search,Target3,yellow,-170 -130;170 -130;-170 130;170 130;-170 -130;170 -130;-170 130;170 130,698,42,"16.64",466020,right,659,"1",""
"194","1","1",test,"",target2,N11,N1,N21,right,right,left,left,right,.jpg,"700",correct: Correct!; incorrect: Incorrect!,center,"300","5000",left right,"",60%;60%;60%;60%;80%;80%;80%;80%,-170 -130; 170 -130; -170 130; 170 130; -170 -130; 170 -130; -170 130; 170 130,ITI;withStim,"","","","","30",search,Target2,neutral,-170 -130;170 -130;-170 130;170 130;-170 -130;170 -130;-170 130;170 130,699,42,"16.67",467583,right,571,"1",""
"240","1","1",test,"",N27,target3,N17,N7,right,left,right,left,left,.jpg,"700",correct: Correct!; incorrect: Incorrect!,center,"300","5000",left right,"",60%;60%;60%;60%;80%;80%;80%;80%,-170 -130; 170 -130; -170 130; 170 130; -170 -130; 170 -130; -170 130; 170 130,ITI;withStim,"","","","","76",search,Target3,neutral,-170 -130;170 -130;-170 130;170 130;-170 -130;170 -130;-170 130;170 130,699,42,"16.67",468812,right,234,"0",""
"234","1","1",test,"",N14,target3,b_irr2,N6,left,right,left,right,right,.jpg,"700",correct: Correct!; incorrect: Incorrect!,center,"300","5000",left right,"",60%;60%;60%;60%;80%;80%;80%;80%,-170 -130; 170 -130; -170 130; 170 130; -170 -130; 170 -130; -170 130; 170 130,ITI;withStim,"","","","","70",search,Target3,blue,-170 -130;170 -130;-170 130;170 130;-170 -130;170 -130;-170 130;170 130,700,42,"16.74",470588,right,780,"1",""
"197","1","1",test,"",N6,target1,N13,b_round1,left,left,right,right,left,.jpg,"700",correct: Correct!; incorrect: Incorrect!,center,"300","5000",left right,"",60%;60%;60%;60%;80%;80%;80%;80%,-170 -130; 170 -130; -170 130; 170 130; -170 -130; 170 -130; -170 130; 170 130,ITI;withStim,"","","","","33",search,Target1,blue,-170 -130;170 -130;-170 130;170 130;-170 -130;170 -130;-170 130;170 130,700,42,"16.67",473763,right,2173,"0",""
"179","1","1",test,"",target3,N4,N24,N14,left,left,right,right,left,.jpg,"700",correct: Correct!; incorrect: Incorrect!,center,"300","5000",left right,"",60%;60%;60%;60%;80%;80%;80%;80%,-170 -130; 170 -130; -170 130; 170 130; -170 -130; 170 -130; -170 130; 170 130,ITI;withStim,"","","","","15",search,Target3,neutral,-170 -130;170 -130;-170 130;170 130;-170 -130;170 -130;-170 130;170 130,701,42,"16.69",475712,left,950,"1",""
"203","1","1",test,"",N19,y_cylinder1,N13,target2,left,left,right,right,right,.jpg,"700",correct: Correct!; incorrect: Incorrect!,center,"300","5000",left right,"",60%;60%;60%;60%;80%;80%;80%;80%,-170 -130; 170 -130; -170 130; 170 130; -170 -130; 170 -130; -170 130; 170 130,ITI;withStim,"","","","","39",search,Target2,yellow,-170 -130;170 -130;-170 130;170 130;-170 -130;170 -130;-170 130;170 130,699,42,"16.71",477159,right,447,"1",""
"187","1","1",test,"",target2,N9,N19,N29,left,left,right,right,left,.jpg,"700",correct: Correct!; incorrect: Incorrect!,center,"300","5000",left right,"",60%;60%;60%;60%;80%;80%;80%;80%,-170 -130; 170 -130; -170 130; 170 130; -170 -130; 170 -130; -170 130; 170 130,ITI;withStim,"","","","","23",search,Target2,neutral,-170 -130;170 -130;-170 130;170 130;-170 -130;170 -130;-170 130;170 130,699,42,"16.64",478514,left,353,"1",""
"174","1","1",test,"",target1,N15,N5,N25,right,left,right,left,right,.jpg,"700",correct: Correct!; incorrect: Incorrect!,center,"300","5000",left right,"",60%;60%;60%;60%;80%;80%;80%;80%,-170 -130; 170 -130; -170 130; 170 130; -170 -130; 170 -130; -170 130; 170 130,ITI;withStim,"","","","","10",search,Target1,neutral,-170 -130;170 -130;-170 130;170 130;-170 -130;170 -130;-170 130;170 130,700,42,"16.67",480120,left,611,"0",""
"182","1","1",test,"",b_square1,N2,target1,N6,right,right,left,left,left,.jpg,"700",correct: Correct!; incorrect: Incorrect!,center,"300","5000",left right,"",60%;60%;60%;60%;80%;80%;80%;80%,-170 -130; 170 -130; -170 130; 170 130; -170 -130; 170 -130; -170 130; 170 130,ITI;withStim,"","","","","18",search,Target1,blue,-170 -130;170 -130;-170 130;170 130;-170 -130;170 -130;-170 130;170 130,698,42,"16.64",481657,left,550,"1",""
"241","1","1",test,"",b_square3,N9,target1,N17,right,left,left,right,left,.jpg,"700",correct: Correct!; incorrect: Incorrect!,center,"300","5000",left right,"",60%;60%;60%;60%;80%;80%;80%;80%,-170 -130; 170 -130; -170 130; 170 130; -170 -130; 170 -130; -170 130; 170 130,ITI;withStim,"","","","","77",search,Target1,blue,-170 -130;170 -130;-170 130;170 130;-170 -130;170 -130;-170 130;170 130,700,42,"16.64",483754,left,1097,"1",""
"219","1","1",test,"",N19,N29,N9,target3,right,left,right,left,left,.jpg,"700",correct: Correct!; incorrect: Incorrect!,center,"300","5000",left right,"",60%;60%;60%;60%;80%;80%;80%;80%,-170 -130; 170 -130; -170 130; 170 130; -170 -130; 170 -130; -170 130; 170 130,ITI;withStim,"","","","","55",search,Target3,neutral,-170 -130;170 -130;-170 130;170 130;-170 -130;170 -130;-170 130;170 130,700,42,"16.69",485311,right,569,"0",""
"238","1","1",test,"",N3,N23,N13,target1,left,right,right,left,left,.jpg,"700",correct: Correct!; incorrect: Incorrect!,center,"300","5000",left right,"",60%;60%;60%;60%;80%;80%;80%;80%,-170 -130; 170 -130; -170 130; 170 130; -170 -130; 170 -130; -170 130; 170 130,ITI;withStim,"","","","","74",search,Target1,neutral,-170 -130;170 -130;-170 130;170 130;-170 -130;170 -130;-170 130;170 130,701,42,"16.67",488228,left,1916,"1",""
"248","1","1",test,"",N19,N12,r_cylinder4,target2,left,right,right,left,left,.jpg,"700",correct: Correct!; incorrect: Incorrect!,center,"300","5000",left right,"",60%;60%;60%;60%;80%;80%;80%;80%,-170 -130; 170 -130; -170 130; 170 130; -170 -130; 170 -130; -170 130; 170 130,ITI;withStim,"","","","","84",search,Target2,red,-170 -130;170 -130;-170 130;170 130;-170 -130;170 -130;-170 130;170 130,699,42,"16.62",491352,right,2119,"0",""
"171","1","1",test,"",b_cylinder4,N22,N4,target3,right,left,left,right,right,.jpg,"700",correct: Correct!; incorrect: Incorrect!,center,"300","5000",left right,"",60%;60%;60%;60%;80%;80%;80%;80%,-170 -130; 170 -130; -170 130; 170 130; -170 -130; 170 -130; -170 130; 170 130,ITI;withStim,"","","","","7",search,Target3,blue,-170 -130;170 -130;-170 130;170 130;-170 -130;170 -130;-170 130;170 130,703,42,"16.64",493285,left,934,"0",""
"230","1","1",test,"",N11,target1,r_round3,N6,right,left,right,left,left,.jpg,"700",correct: Correct!; incorrect: Incorrect!,center,"300","5000",left right,"",60%;60%;60%;60%;80%;80%;80%;80%,-170 -130; 170 -130; -170 130; 170 130; -170 -130; 170 -130; -170 130; 170 130,ITI;withStim,"","","","","66",search,Target1,red,-170 -130;170 -130;-170 130;170 130;-170 -130;170 -130;-170 130;170 130,698,42,"16.64",494919,right,637,"0",""
"213","1","1",test,"",target2,N17,N27,N7,left,right,right,left,left,.jpg,"700",correct: Correct!; incorrect: Incorrect!,center,"300","5000",left right,"",60%;60%;60%;60%;80%;80%;80%;80%,-170 -130; 170 -130; -170 130; 170 130; -170 -130; 170 -130; -170 130; 170 130,ITI;withStim,"","","","","49",search,Target2,neutral,-170 -130;170 -130;-170 130;170 130;-170 -130;170 -130;-170 130;170 130,699,42,"16.67",496410,left,496,"1",""
"208","1","1",test,"",target2,N7,N4,r_square6,left,left,right,right,left,.jpg,"700",correct: Correct!; incorrect: Incorrect!,center,"300","5000",left right,"",60%;60%;60%;60%;80%;80%;80%;80%,-170 -130; 170 -130; -170 130; 170 130; -170 -130; 170 -130; -170 130; 170 130,ITI;withStim,"","","","","44",search,Target2,red,-170 -130;170 -130;-170 130;170 130;-170 -130;170 -130;-170 130;170 130,698,42,"16.67",498115,left,720,"1",""
"185","1","1",test,"",target1,N17,N27,N7,right,right,left,left,right,.jpg,"700",correct: Correct!; incorrect: Incorrect!,center,"300","5000",left right,"",60%;60%;60%;60%;80%;80%;80%;80%,-170 -130; 170 -130; -170 130; 170 130; -170 -130; 170 -130; -170 130; 170 130,ITI;withStim,"","","","","21",search,Target1,neutral,-170 -130;170 -130;-170 130;170 130;-170 -130;170 -130;-170 130;170 130,701,42,"16.69",499571,left,452,"0",""
"166","1","1",test,"",N12,r_cylinder1,target1,N15,right,left,left,right,left,.jpg,"700",correct: Correct!; incorrect: Incorrect!,center,"300","5000",left right,"",60%;60%;60%;60%;80%;80%;80%;80%,-170 -130; 170 -130; -170 130; 170 130; -170 -130; 170 -130; -170 130; 170 130,ITI;withStim,"","","","","2",search,Target1,red,-170 -130;170 -130;-170 130;170 130;-170 -130;170 -130;-170 130;170 130,698,42,"16.64",501286,left,721,"1",""
"246","1","1",test,"",N16,N26,N6,target3,right,right,left,left,left,.jpg,"700",correct: Correct!; incorrect: Incorrect!,center,"300","5000",left right,"",60%;60%;60%;60%;80%;80%;80%;80%,-170 -130; 170 -130; -170 130; 170 130; -170 -130; 170 -130; -170 130; 170 130,ITI;withStim,"","","","","82",search,Target3,neutral,-170 -130;170 -130;-170 130;170 130;-170 -130;170 -130;-170 130;170 130,698,42,"16.64",503285,right,1005,"0",""
"228","1","1",test,"",N9,target2,y_square1,N8,left,left,right,right,left,.jpg,"700",correct: Correct!; incorrect: Incorrect!,center,"300","5000",left right,"",60%;60%;60%;60%;80%;80%;80%;80%,-170 -130; 170 -130; -170 130; 170 130; -170 -130; 170 -130; -170 130; 170 130,ITI;withStim,"","","","","64",search,Target2,yellow,-170 -130;170 -130;-170 130;170 130;-170 -130;170 -130;-170 130;170 130,700,42,"16.67",504856,left,578,"1",""
"202","1","1",test,"",N4,N24,N14,target1,left,right,left,right,right,.jpg,"700",correct: Correct!; incorrect: Incorrect!,center,"300","5000",left right,"",60%;60%;60%;60%;80%;80%;80%;80%,-170 -130; 170 -130; -170 130; 170 130; -170 -130; 170 -130; -170 130; 170 130,ITI;withStim,"","","","","38",search,Target1,neutral,-170 -130;170 -130;-170 130;170 130;-170 -130;170 -130;-170 130;170 130,699,42,"16.62",506426,right,584,"1",""
"212","1","1",test,"",N21,N1,N11,target1,left,left,right,right,right,.jpg,"700",correct: Correct!; incorrect: Incorrect!,center,"300","5000",left right,"",60%;60%;60%;60%;80%;80%;80%;80%,-170 -130; 170 -130; -170 130; 170 130; -170 -130; 170 -130; -170 130; 170 130,ITI;withStim,"","","","","48",search,Target1,neutral,-170 -130;170 -130;-170 130;170 130;-170 -130;170 -130;-170 130;170 130,699,42,"16.67",508179,right,755,"1",""
"210","1","1",test,"",N11,y_round2,N18,target2,right,right,left,left,left,.jpg,"700",correct: Correct!; incorrect: Incorrect!,center,"300","5000",left right,"",60%;60%;60%;60%;80%;80%;80%;80%,-170 -130; 170 -130; -170 130; 170 130; -170 -130; 170 -130; -170 130; 170 130,ITI;withStim,"","","","","46",search,Target2,yellow,-170 -130;170 -130;-170 130;170 130;-170 -130;170 -130;-170 130;170 130,699,42,"16.67",509718,right,547,"0",""
"183","1","1",test,"",target1,N12,N2,N22,left,left,right,right,left,.jpg,"700",correct: Correct!; incorrect: Incorrect!,center,"300","5000",left right,"",60%;60%;60%;60%;80%;80%;80%;80%,-170 -130; 170 -130; -170 130; 170 130; -170 -130; 170 -130; -170 130; 170 130,ITI;withStim,"","","","","19",search,Target1,neutral,-170 -130;170 -130;-170 130;170 130;-170 -130;170 -130;-170 130;170 130,699,42,"16.69",511215,left,495,"1",""
"184","1","1",test,"",target2,N14,y_square2,N4,left,right,left,right,left,.jpg,"700",correct: Correct!; incorrect: Incorrect!,center,"300","5000",left right,"",60%;60%;60%;60%;80%;80%;80%;80%,-170 -130; 170 -130; -170 130; 170 130; -170 -130; 170 -130; -170 130; 170 130,ITI;withStim,"","","","","20",search,Target2,yellow,-170 -130;170 -130;-170 130;170 130;-170 -130;170 -130;-170 130;170 130,697,42,"16.64",512718,left,502,"1",""
"188","1","1",test,"",N5,N6,target3,b_square5,right,right,left,left,left,.jpg,"700",correct: Correct!; incorrect: Incorrect!,center,"300","5000",left right,"",60%;60%;60%;60%;80%;80%;80%;80%,-170 -130; 170 -130; -170 130; 170 130; -170 -130; 170 -130; -170 130; 170 130,ITI;withStim,"","","","","24",search,Target3,blue,-170 -130;170 -130;-170 130;170 130;-170 -130;170 -130;-170 130;170 130,698,42,"16.74",514405,left,691,"1",""
"251","1","1",test,"",b_square6,target3,N10,N15,right,right,left,left,right,.jpg,"700",correct: Correct!; incorrect: Incorrect!,center,"300","5000",left right,"",60%;60%;60%;60%;80%;80%;80%;80%,-170 -130; 170 -130; -170 130; 170 130; -170 -130; 170 -130; -170 130; 170 130,ITI;withStim,"","","","","87",search,Target3,blue,-170 -130;170 -130;-170 130;170 130;-170 -130;170 -130;-170 130;170 130,698,42,"16.62",515908,right,514,"1",""
"189","1","1",test,"",target2,N17,y_square3,N12,right,left,right,left,right,.jpg,"700",correct: Correct!; incorrect: Incorrect!,center,"300","5000",left right,"",60%;60%;60%;60%;80%;80%;80%;80%,-170 -130; 170 -130; -170 130; 170 130; -170 -130; 170 -130; -170 130; 170 130,ITI;withStim,"","","","","25",search,Target2,yellow,-170 -130;170 -130;-170 130;170 130;-170 -130;170 -130;-170 130;170 130,698,42,"16.64",517456,left,547,"0",""
"253","1","1",test,"",N23,N3,N13,target3,left,left,right,right,right,.jpg,"700",correct: Correct!; incorrect: Incorrect!,center,"300","5000",left right,"",60%;60%;60%;60%;80%;80%;80%;80%,-170 -130; 170 -130; -170 130; 170 130; -170 -130; 170 -130; -170 130; 170 130,ITI;withStim,"","","","","89",search,Target3,neutral,-170 -130;170 -130;-170 130;170 130;-170 -130;170 -130;-170 130;170 130,698,42,"16.62",518838,right,383,"1",""
"244","1","1",test,"",N8,N28,target1,N18,right,right,left,left,left,.jpg,"700",correct: Correct!; incorrect: Incorrect!,center,"300","5000",left right,"",60%;60%;60%;60%;80%;80%;80%;80%,-170 -130; 170 -130; -170 130; 170 130; -170 -130; 170 -130; -170 130; 170 130,ITI;withStim,"","","","","80",search,Target1,neutral,-170 -130;170 -130;-170 130;170 130;-170 -130;170 -130;-170 130;170 130,699,42,"16.69",520331,left,495,"1",""
"180","1","1",test,"",N11,N2,target1,b_cylinder3,left,right,left,right,left,.jpg,"700",correct: Correct!; incorrect: Incorrect!,center,"300","5000",left right,"",60%;60%;60%;60%;80%;80%;80%;80%,-170 -130; 170 -130; -170 130; 170 130; -170 -130; 170 -130; -170 130; 170 130,ITI;withStim,"","","","","16",search,Target1,blue,-170 -130;170 -130;-170 130;170 130;-170 -130;170 -130;-170 130;170 130,699,42,"16.62",521908,left,576,"1",""
"243","1","1",test,"",target3,b_cylinder5,N2,N15,right,left,right,left,right,.jpg,"700",correct: Correct!; incorrect: Incorrect!,center,"300","5000",left right,"",60%;60%;60%;60%;80%;80%;80%;80%,-170 -130; 170 -130; -170 130; 170 130; -170 -130; 170 -130; -170 130; 170 130,ITI;withStim,"","","","","79",search,Target3,blue,-170 -130;170 -130;-170 130;170 130;-170 -130;170 -130;-170 130;170 130,698,42,"16.62",523602,left,709,"0",""
"250","1","1",test,"",target3,y_square6,N20,N21,right,right,left,left,right,.jpg,"700",correct: Correct!; incorrect: Incorrect!,center,"300","5000",left right,"",60%;60%;60%;60%;80%;80%;80%;80%,-170 -130; 170 -130; -170 130; 170 130; -170 -130; 170 -130; -170 130; 170 130,ITI;withStim,"","","","","86",search,Target3,yellow,-170 -130;170 -130;-170 130;170 130;-170 -130;170 -130;-170 130;170 130,698,42,"16.67",525003,left,411,"0",""
"177","1","1",test,"",target2,N10,N20,N30,left,left,right,right,left,.jpg,"700",correct: Correct!; incorrect: Incorrect!,center,"300","5000",left right,"",60%;60%;60%;60%;80%;80%;80%;80%,-170 -130; 170 -130; -170 130; 170 130; -170 -130; 170 -130; -170 130; 170 130,ITI;withStim,"","","","","13",search,Target2,neutral,-170 -130;170 -130;-170 130;170 130;-170 -130;170 -130;-170 130;170 130,697,42,"16.64",526557,left,553,"1",""
"204","1","1",test,"",N16,N26,target2,N6,left,right,left,right,left,.jpg,"700",correct: Correct!; incorrect: Incorrect!,center,"300","5000",left right,"",60%;60%;60%;60%;80%;80%;80%;80%,-170 -130; 170 -130; -170 130; 170 130; -170 -130; 170 -130; -170 130; 170 130,ITI;withStim,"","","","","40",search,Target2,neutral,-170 -130;170 -130;-170 130;170 130;-170 -130;170 -130;-170 130;170 130,697,42,"16.64",527970,left,421,"1",""
"206","1","1",test,"",N3,N13,N23,target2,right,left,left,right,right,.jpg,"700",correct: Correct!; incorrect: Incorrect!,center,"300","5000",left right,"",60%;60%;60%;60%;80%;80%;80%;80%,-170 -130; 170 -130; -170 130; 170 130; -170 -130; 170 -130; -170 130; 170 130,ITI;withStim,"","","","","42",search,Target2,neutral,-170 -130;170 -130;-170 130;170 130;-170 -130;170 -130;-170 130;170 130,699,42,"16.64",529408,right,445,"1",""
"198","1","1",test,"",N8,target2,N18,N28,left,right,left,right,right,.jpg,"700",correct: Correct!; incorrect: Incorrect!,center,"300","5000",left right,"",60%;60%;60%;60%;80%;80%;80%;80%,-170 -130; 170 -130; -170 130; 170 130; -170 -130; 170 -130; -170 130; 170 130,ITI;withStim,"","","","","34",search,Target2,neutral,-170 -130;170 -130;-170 130;170 130;-170 -130;170 -130;-170 130;170 130,697,42,"16.64",530763,right,354,"1",""
"252","1","1",test,"",N26,b_cylinder2,target1,N9,right,left,left,right,left,.jpg,"700",correct: Correct!; incorrect: Incorrect!,center,"300","5000",left right,"",60%;60%;60%;60%;80%;80%;80%;80%,-170 -130; 170 -130; -170 130; 170 130; -170 -130; 170 -130; -170 130; 170 130,ITI;withStim,"","","","","88",search,Target1,blue,-170 -130;170 -130;-170 130;170 130;-170 -130;170 -130;-170 130;170 130,698,42,"16.60",532112,left,359,"1",""
"225","1","1",test,"",target2,N5,y_irr1,N10,right,left,left,right,right,.jpg,"700",correct: Correct!; incorrect: Incorrect!,center,"300","5000",left right,"",60%;60%;60%;60%;80%;80%;80%;80%,-170 -130; 170 -130; -170 130; 170 130; -170 -130; 170 -130; -170 130; 170 130,ITI;withStim,"","","","","61",search,Target2,yellow,-170 -130;170 -130;-170 130;170 130;-170 -130;170 -130;-170 130;170 130,698,42,"16.62",533487,left,388,"0",""
"227","1","1",test,"",target1,N14,N6,r_irr1,left,right,right,left,left,.jpg,"700",correct: Correct!; incorrect: Incorrect!,center,"300","5000",left right,"",60%;60%;60%;60%;80%;80%;80%;80%,-170 -130; 170 -130; -170 130; 170 130; -170 -130; 170 -130; -170 130; 170 130,ITI;withStim,"","","","","63",search,Target1,red,-170 -130;170 -130;-170 130;170 130;-170 -130;170 -130;-170 130;170 130,699,42,"16.62",534917,left,436,"1",""
"218","1","1",test,"",r_irr2,N15,target2,N20,right,left,left,right,left,.jpg,"700",correct: Correct!; incorrect: Incorrect!,center,"300","5000",left right,"",60%;60%;60%;60%;80%;80%;80%;80%,-170 -130; 170 -130; -170 130; 170 130; -170 -130; 170 -130; -170 130; 170 130,ITI;withStim,"","","","","54",search,Target2,red,-170 -130;170 -130;-170 130;170 130;-170 -130;170 -130;-170 130;170 130,698,42,"16.62",536306,left,396,"1",""
"207","1","1",test,"",N6,N20,y_cylinder3,target2,left,right,right,left,left,.jpg,"700",correct: Correct!; incorrect: Incorrect!,center,"300","5000",left right,"",60%;60%;60%;60%;80%;80%;80%;80%,-170 -130; 170 -130; -170 130; 170 130; -170 -130; 170 -130; -170 130; 170 130,ITI;withStim,"","","","","43",search,Target2,yellow,-170 -130;170 -130;-170 130;170 130;-170 -130;170 -130;-170 130;170 130,698,42,"16.62",537761,right,456,"0",""
"193","1","1",test,"",target1,r_square2,N11,N9,left,right,right,left,left,.jpg,"700",correct: Correct!; incorrect: Incorrect!,center,"300","5000",left right,"",60%;60%;60%;60%;80%;80%;80%;80%,-170 -130; 170 -130; -170 130; 170 130; -170 -130; 170 -130; -170 130; 170 130,ITI;withStim,"","","","","29",search,Target1,red,-170 -130;170 -130;-170 130;170 130;-170 -130;170 -130;-170 130;170 130,698,42,"16.64",539150,left,398,"1",""
"254","1","1",test,"",b_irr1,N9,target1,N20,left,right,right,left,right,.jpg,"700",correct: Correct!; incorrect: Incorrect!,center,"300","5000",left right,"",60%;60%;60%;60%;80%;80%;80%;80%,-170 -130; 170 -130; -170 130; 170 130; -170 -130; 170 -130; -170 130; 170 130,ITI;withStim,"","","","","90",search,Target1,blue,-170 -130;170 -130;-170 130;170 130;-170 -130;170 -130;-170 130;170 130,697,42,"16.64",540503,left,356,"0",""
"199","1","1",test,"",target2,N5,r_square4,N15,left,right,right,left,left,.jpg,"700",correct: Correct!; incorrect: Incorrect!,center,"300","5000",left right,"",60%;60%;60%;60%;80%;80%;80%;80%,-170 -130; 170 -130; -170 130; 170 130; -170 -130; 170 -130; -170 130; 170 130,ITI;withStim,"","","","","35",search,Target2,red,-170 -130;170 -130;-170 130;170 130;-170 -130;170 -130;-170 130;170 130,697,42,"16.62",541763,left,271,"1",""
"249","1","1",test,"",N12,N14,target2,r_round4,right,left,right,left,right,.jpg,"700",correct: Correct!; incorrect: Incorrect!,center,"300","5000",left right,"",60%;60%;60%;60%;80%;80%;80%;80%,-170 -130; 170 -130; -170 130; 170 130; -170 -130; 170 -130; -170 130; 170 130,ITI;withStim,"","","","","85",search,Target2,red,-170 -130;170 -130;-170 130;170 130;-170 -130;170 -130;-170 130;170 130,697,42,"16.62",543182,left,426,"0",""
"216","1","1",test,"",y_cylinder6,N12,N6,target3,right,left,right,left,left,.jpg,"700",correct: Correct!; incorrect: Incorrect!,center,"300","5000",left right,"",60%;60%;60%;60%;80%;80%;80%;80%,-170 -130; 170 -130; -170 130; 170 130; -170 -130; 170 -130; -170 130; 170 130,ITI;withStim,"","","","","52",search,Target3,yellow,-170 -130;170 -130;-170 130;170 130;-170 -130;170 -130;-170 130;170 130,698,42,"16.60",544582,right,397,"0",""
"209","1","1",test,"",N11,target1,b_round3,N9,right,right,left,left,right,.jpg,"700",correct: Correct!; incorrect: Incorrect!,center,"300","5000",left right,"",60%;60%;60%;60%;80%;80%;80%;80%,-170 -130; 170 -130; -170 130; 170 130; -170 -130; 170 -130; -170 130; 170 130,ITI;withStim,"","","","","45",search,Target1,blue,-170 -130;170 -130;-170 130;170 130;-170 -130;170 -130;-170 130;170 130,704,42,"16.60",546031,left,444,"0",""
"236","1","1",test,"",N22,target3,N2,N12,left,right,left,right,right,.jpg,"700",correct: Correct!; incorrect: Incorrect!,center,"300","5000",left right,"",60%;60%;60%;60%;80%;80%;80%;80%,-170 -130; 170 -130; -170 130; 170 130; -170 -130; 170 -130; -170 130; 170 130,ITI;withStim,"","","","","72",search,Target3,neutral,-170 -130;170 -130;-170 130;170 130;-170 -130;170 -130;-170 130;170 130,702,42,"16.64",547458,right,426,"1",""
"178","1","1",test,"",y_cylinder5,target3,N16,N11,right,left,right,left,left,.jpg,"700",correct: Correct!; incorrect: Incorrect!,center,"300","5000",left right,"",60%;60%;60%;60%;80%;80%;80%;80%,-170 -130; 170 -130; -170 130; 170 130; -170 -130; 170 -130; -170 130; 170 130,ITI;withStim,"","","","","14",search,Target3,yellow,-170 -130;170 -130;-170 130;170 130;-170 -130;170 -130;-170 130;170 130,698,42,"16.60",548858,right,410,"0",""
"211","1","1",test,"",target2,N2,N12,N22,right,right,left,left,right,.jpg,"700",correct: Correct!; incorrect: Incorrect!,center,"300","5000",left right,"",60%;60%;60%;60%;80%;80%;80%;80%,-170 -130; 170 -130; -170 130; 170 130; -170 -130; 170 -130; -170 130; 170 130,ITI;withStim,"","","","","47",search,Target2,neutral,-170 -130;170 -130;-170 130;170 130;-170 -130;170 -130;-170 130;170 130,698,42,"16.62",550462,left,619,"0",""
"223","1","1",test,"",b_round6,N2,N5,target3,right,left,right,left,left,.jpg,"700",correct: Correct!; incorrect: Incorrect!,center,"300","5000",left right,"",60%;60%;60%;60%;80%;80%;80%;80%,-170 -130; 170 -130; -170 130; 170 130; -170 -130; 170 -130; -170 130; 170 130,ITI;withStim,"","","","","59",search,Target3,blue,-170 -130;170 -130;-170 130;170 130;-170 -130;170 -130;-170 130;170 130,696,42,"16.62",551899,right,443,"0",""
"220","1","1",test,"",target3,y_irr2,N4,N22,right,left,left,right,right,.jpg,"700",correct: Correct!; incorrect: Incorrect!,center,"300","5000",left right,"",60%;60%;60%;60%;80%;80%;80%;80%,-170 -130; 170 -130; -170 130; 170 130; -170 -130; 170 -130; -170 130; 170 130,ITI;withStim,"","","","","56",search,Target3,yellow,-170 -130;170 -130;-170 130;170 130;-170 -130;170 -130;-170 130;170 130,698,42,"16.64",553582,left,679,"0",""
"232","1","1",test,"",y_round1,N7,target2,N8,left,right,right,left,right,.jpg,"700",correct: Correct!; incorrect: Incorrect!,center,"300","5000",left right,"",60%;60%;60%;60%;80%;80%;80%;80%,-170 -130; 170 -130; -170 130; 170 130; -170 -130; 170 -130; -170 130; 170 130,ITI;withStim,"","","","","68",search,Target2,yellow,-170 -130;170 -130;-170 130;170 130;-170 -130;170 -130;-170 130;170 130,698,42,"16.62",554987,left,406,"0",""
"221","1","1",test,"",target1,r_square1,N7,N5,right,right,left,left,right,.jpg,"700",correct: Correct!; incorrect: Incorrect!,center,"300","5000",left right,"",60%;60%;60%;60%;80%;80%;80%;80%,-170 -130; 170 -130; -170 130; 170 130; -170 -130; 170 -130; -170 130; 170 130,ITI;withStim,"","","","","57",search,Target1,red,-170 -130;170 -130;-170 130;170 130;-170 -130;170 -130;-170 130;170 130,697,42,"16.62",556470,left,494,"0",""
"165","1","1",test,"",N17,r_cylinder5,N4,target2,left,right,left,right,right,.jpg,"700",correct: Correct!; incorrect: Incorrect!,center,"300","5000",left right,"",60%;60%;60%;60%;80%;80%;80%;80%,-170 -130; 170 -130; -170 130; 170 130; -170 -130; 170 -130; -170 130; 170 130,ITI;withStim,"","","","","1",search,Target2,red,-170 -130;170 -130;-170 130;170 130;-170 -130;170 -130;-170 130;170 130,699,42,"16.62",558056,right,600,"1",""
"170","1","1",test,"",N10,N3,target1,r_round2,left,right,left,right,left,.jpg,"700",correct: Correct!; incorrect: Incorrect!,center,"300","5000",left right,"",60%;60%;60%;60%;80%;80%;80%;80%,-170 -130; 170 -130; -170 130; 170 130; -170 -130; 170 -130; -170 130; 170 130,ITI;withStim,"","","","","6",search,Target1,red,-170 -130;170 -130;-170 130;170 130;-170 -130;170 -130;-170 130;170 130,701,42,"16.60",559491,left,434,"1",""
"256","","",form,What information did you use to find the target during the search task?,"","","","","","","","","","","","","","","","",survey,"","","",radio,I only used color; I only used shape; I used color first and then shape; I used shape first and then color; I used color and shape at the same time,"1","1","",survey,"","","",0,42,"16.60",574268,I used color first and then shape,12570,"0","3"
"257","","",form,"How frequently did you use the color blue to find the target? (1 = least frequent, 5 = most frequent)","","","","","","","","","","","","","","","","",survey,"","","",slider,1_5_1; 1,"1","1","",survey,"","","",0,42,"16.60",574268,"3",12570,"0","3"
"258","","",form,How frequently did you use the color red to find the target?,"","","","","","","","","","","","","","","","",survey,"","","",slider,1_5_1; 1,"1","1","",survey,"","","",0,42,"16.62",574268,"3",12570,"0","3"
"259","","",form,How frequently did you use the color yellow to find the target?,"","","","","","","","","","","","","","","","",survey,"","","",slider,1_5_1; 1,"1","1","",survey,"","","",0,42,"16.76",574268,"3",12570,"0","3"
"260","","",form,"How focused were you over the course of this experiment?  (1 = Not at all, 9 = Very)","","","","","","","","","","","","","","","","",survey,"","","",slider,1_9_1; 1,"1","1","",survey,"","","",0,42,"16.71",574268,"8",12570,"0","8"